-- ============================================
-- ATM 관리 시스템 샘플 데이터 INSERT
-- DBMS: MariaDB
-- ============================================
USE atm_system;

-- 은행 (2건)
INSERT INTO 은행 (은행ID, 은행명, 타행수수료) VALUES (1, 'A은행', 1000);
INSERT INTO 은행 (은행ID, 은행명, 타행수수료) VALUES (2, 'B은행', 1000);

-- 고객 (100건)
INSERT INTO 고객 (고객ID, 이름, 전화번호) VALUES (1, '장다은', '010-2489-1771');
INSERT INTO 고객 (고객ID, 이름, 전화번호) VALUES (2, '이민준', '010-3621-7916');
INSERT INTO 고객 (고객ID, 이름, 전화번호) VALUES (3, '임유진', '010-7304-7252');
INSERT INTO 고객 (고객ID, 이름, 전화번호) VALUES (4, '임재성', '010-9669-5119');
INSERT INTO 고객 (고객ID, 이름, 전화번호) VALUES (5, '장정희', '010-2876-9797');
INSERT INTO 고객 (고객ID, 이름, 전화번호) VALUES (6, '서지훈', '010-6573-2827');
INSERT INTO 고객 (고객ID, 이름, 전화번호) VALUES (7, '정수민', '010-3591-8433');
INSERT INTO 고객 (고객ID, 이름, 전화번호) VALUES (8, '김지훈', '010-9201-3927');
INSERT INTO 고객 (고객ID, 이름, 전화번호) VALUES (9, '장준우', '010-5889-9317');
INSERT INTO 고객 (고객ID, 이름, 전화번호) VALUES (10, '임은정', '010-3504-7126');
INSERT INTO 고객 (고객ID, 이름, 전화번호) VALUES (11, '서서연', '010-9837-9689');
INSERT INTO 고객 (고객ID, 이름, 전화번호) VALUES (12, '김도윤', '010-9005-1319');
INSERT INTO 고객 (고객ID, 이름, 전화번호) VALUES (13, '이영희', '010-6038-4923');
INSERT INTO 고객 (고객ID, 이름, 전화번호) VALUES (14, '김미숙', '010-2290-2403');
INSERT INTO 고객 (고객ID, 이름, 전화번호) VALUES (15, '오다은', '010-2133-9727');
INSERT INTO 고객 (고객ID, 이름, 전화번호) VALUES (16, '서민준', '010-3103-8787');
INSERT INTO 고객 (고객ID, 이름, 전화번호) VALUES (17, '장서연', '010-5342-9645');
INSERT INTO 고객 (고객ID, 이름, 전화번호) VALUES (18, '임수민', '010-4470-9835');
INSERT INTO 고객 (고객ID, 이름, 전화번호) VALUES (19, '서은정', '010-6107-7537');
INSERT INTO 고객 (고객ID, 이름, 전화번호) VALUES (20, '한영희', '010-8177-9479');
INSERT INTO 고객 (고객ID, 이름, 전화번호) VALUES (21, '윤준우', '010-5061-4681');
INSERT INTO 고객 (고객ID, 이름, 전화번호) VALUES (22, '이도윤', '010-1344-4770');
INSERT INTO 고객 (고객ID, 이름, 전화번호) VALUES (23, '임미숙', '010-1117-2163');
INSERT INTO 고객 (고객ID, 이름, 전화번호) VALUES (24, '오하은', '010-4750-2104');
INSERT INTO 고객 (고객ID, 이름, 전화번호) VALUES (25, '김도윤', '010-2160-9423');
INSERT INTO 고객 (고객ID, 이름, 전화번호) VALUES (26, '최지훈', '010-8953-4510');
INSERT INTO 고객 (고객ID, 이름, 전화번호) VALUES (27, '장민준', '010-8744-4981');
INSERT INTO 고객 (고객ID, 이름, 전화번호) VALUES (28, '서다은', '010-7669-4119');
INSERT INTO 고객 (고객ID, 이름, 전화번호) VALUES (29, '이준우', '010-8062-6804');
INSERT INTO 고객 (고객ID, 이름, 전화번호) VALUES (30, '조수민', '010-8651-1887');
INSERT INTO 고객 (고객ID, 이름, 전화번호) VALUES (31, '한준우', '010-1993-7596');
INSERT INTO 고객 (고객ID, 이름, 전화번호) VALUES (32, '오도윤', '010-2790-5073');
INSERT INTO 고객 (고객ID, 이름, 전화번호) VALUES (33, '최은정', '010-9786-8350');
INSERT INTO 고객 (고객ID, 이름, 전화번호) VALUES (34, '박수민', '010-4006-5563');
INSERT INTO 고객 (고객ID, 이름, 전화번호) VALUES (35, '윤미숙', '010-2235-8260');
INSERT INTO 고객 (고객ID, 이름, 전화번호) VALUES (36, '서준우', '010-1828-9856');
INSERT INTO 고객 (고객ID, 이름, 전화번호) VALUES (37, '김유진', '010-4872-3724');
INSERT INTO 고객 (고객ID, 이름, 전화번호) VALUES (38, '조다은', '010-8886-4502');
INSERT INTO 고객 (고객ID, 이름, 전화번호) VALUES (39, '조하은', '010-3697-7209');
INSERT INTO 고객 (고객ID, 이름, 전화번호) VALUES (40, '김철수', '010-5345-8454');
INSERT INTO 고객 (고객ID, 이름, 전화번호) VALUES (41, '정수민', '010-8973-3536');
INSERT INTO 고객 (고객ID, 이름, 전화번호) VALUES (42, '최현우', '010-4566-1958');
INSERT INTO 고객 (고객ID, 이름, 전화번호) VALUES (43, '임하은', '010-6138-1936');
INSERT INTO 고객 (고객ID, 이름, 전화번호) VALUES (44, '김다은', '010-9238-9701');
INSERT INTO 고객 (고객ID, 이름, 전화번호) VALUES (45, '박하은', '010-9320-2312');
INSERT INTO 고객 (고객ID, 이름, 전화번호) VALUES (46, '박유진', '010-2113-4853');
INSERT INTO 고객 (고객ID, 이름, 전화번호) VALUES (47, '조준우', '010-5033-1651');
INSERT INTO 고객 (고객ID, 이름, 전화번호) VALUES (48, '임유진', '010-7868-9565');
INSERT INTO 고객 (고객ID, 이름, 전화번호) VALUES (49, '강지훈', '010-4346-6147');
INSERT INTO 고객 (고객ID, 이름, 전화번호) VALUES (50, '최지훈', '010-7484-3144');
INSERT INTO 고객 (고객ID, 이름, 전화번호) VALUES (51, '한현우', '010-8491-6180');
INSERT INTO 고객 (고객ID, 이름, 전화번호) VALUES (52, '서유진', '010-1152-8508');
INSERT INTO 고객 (고객ID, 이름, 전화번호) VALUES (53, '임준우', '010-2200-9808');
INSERT INTO 고객 (고객ID, 이름, 전화번호) VALUES (54, '최지훈', '010-3170-6718');
INSERT INTO 고객 (고객ID, 이름, 전화번호) VALUES (55, '이미숙', '010-7054-5669');
INSERT INTO 고객 (고객ID, 이름, 전화번호) VALUES (56, '박재성', '010-9900-5956');
INSERT INTO 고객 (고객ID, 이름, 전화번호) VALUES (57, '임정희', '010-5905-2697');
INSERT INTO 고객 (고객ID, 이름, 전화번호) VALUES (58, '박지훈', '010-2891-2753');
INSERT INTO 고객 (고객ID, 이름, 전화번호) VALUES (59, '오민준', '010-5462-5616');
INSERT INTO 고객 (고객ID, 이름, 전화번호) VALUES (60, '임은정', '010-6617-4335');
INSERT INTO 고객 (고객ID, 이름, 전화번호) VALUES (61, '한지훈', '010-9280-9004');
INSERT INTO 고객 (고객ID, 이름, 전화번호) VALUES (62, '정하은', '010-2512-7939');
INSERT INTO 고객 (고객ID, 이름, 전화번호) VALUES (63, '정하은', '010-1058-6464');
INSERT INTO 고객 (고객ID, 이름, 전화번호) VALUES (64, '서민준', '010-5291-3647');
INSERT INTO 고객 (고객ID, 이름, 전화번호) VALUES (65, '오재성', '010-8007-1158');
INSERT INTO 고객 (고객ID, 이름, 전화번호) VALUES (66, '이유진', '010-3442-9938');
INSERT INTO 고객 (고객ID, 이름, 전화번호) VALUES (67, '김영희', '010-3426-8041');
INSERT INTO 고객 (고객ID, 이름, 전화번호) VALUES (68, '박하은', '010-6050-6974');
INSERT INTO 고객 (고객ID, 이름, 전화번호) VALUES (69, '서하은', '010-6862-4441');
INSERT INTO 고객 (고객ID, 이름, 전화번호) VALUES (70, '한미숙', '010-2684-6794');
INSERT INTO 고객 (고객ID, 이름, 전화번호) VALUES (71, '서수민', '010-3532-4878');
INSERT INTO 고객 (고객ID, 이름, 전화번호) VALUES (72, '박서연', '010-7755-1406');
INSERT INTO 고객 (고객ID, 이름, 전화번호) VALUES (73, '박도윤', '010-7745-5065');
INSERT INTO 고객 (고객ID, 이름, 전화번호) VALUES (74, '정서연', '010-2771-7267');
INSERT INTO 고객 (고객ID, 이름, 전화번호) VALUES (75, '김다은', '010-4644-4269');
INSERT INTO 고객 (고객ID, 이름, 전화번호) VALUES (76, '윤영희', '010-6000-4728');
INSERT INTO 고객 (고객ID, 이름, 전화번호) VALUES (77, '최정희', '010-4164-7528');
INSERT INTO 고객 (고객ID, 이름, 전화번호) VALUES (78, '강지훈', '010-2137-5573');
INSERT INTO 고객 (고객ID, 이름, 전화번호) VALUES (79, '강철수', '010-9785-6425');
INSERT INTO 고객 (고객ID, 이름, 전화번호) VALUES (80, '김준우', '010-5279-3925');
INSERT INTO 고객 (고객ID, 이름, 전화번호) VALUES (81, '임지훈', '010-1626-2776');
INSERT INTO 고객 (고객ID, 이름, 전화번호) VALUES (82, '임수민', '010-6663-6139');
INSERT INTO 고객 (고객ID, 이름, 전화번호) VALUES (83, '조준우', '010-7311-4114');
INSERT INTO 고객 (고객ID, 이름, 전화번호) VALUES (84, '정하은', '010-8144-1027');
INSERT INTO 고객 (고객ID, 이름, 전화번호) VALUES (85, '장은정', '010-6967-8066');
INSERT INTO 고객 (고객ID, 이름, 전화번호) VALUES (86, '이도윤', '010-6143-3041');
INSERT INTO 고객 (고객ID, 이름, 전화번호) VALUES (87, '오현우', '010-9308-6067');
INSERT INTO 고객 (고객ID, 이름, 전화번호) VALUES (88, '한수민', '010-6344-7592');
INSERT INTO 고객 (고객ID, 이름, 전화번호) VALUES (89, '오현우', '010-3085-4143');
INSERT INTO 고객 (고객ID, 이름, 전화번호) VALUES (90, '조철수', '010-3851-5930');
INSERT INTO 고객 (고객ID, 이름, 전화번호) VALUES (91, '조정희', '010-5978-5700');
INSERT INTO 고객 (고객ID, 이름, 전화번호) VALUES (92, '최수민', '010-6279-8618');
INSERT INTO 고객 (고객ID, 이름, 전화번호) VALUES (93, '윤재성', '010-4501-9375');
INSERT INTO 고객 (고객ID, 이름, 전화번호) VALUES (94, '윤서연', '010-2389-5649');
INSERT INTO 고객 (고객ID, 이름, 전화번호) VALUES (95, '장도윤', '010-2530-4848');
INSERT INTO 고객 (고객ID, 이름, 전화번호) VALUES (96, '한현우', '010-4680-4262');
INSERT INTO 고객 (고객ID, 이름, 전화번호) VALUES (97, '박정희', '010-1757-5011');
INSERT INTO 고객 (고객ID, 이름, 전화번호) VALUES (98, '윤유진', '010-8461-7790');
INSERT INTO 고객 (고객ID, 이름, 전화번호) VALUES (99, '한은정', '010-7291-9099');
INSERT INTO 고객 (고객ID, 이름, 전화번호) VALUES (100, '조미숙', '010-3417-1090');

-- 지점 (10건)
INSERT INTO 지점 (지점ID, 은행ID, 지점명, 주소) VALUES (1, 1, '강남지점', '서울시 강남구 테헤란로 12');
INSERT INTO 지점 (지점ID, 은행ID, 지점명, 주소) VALUES (2, 1, '홍대지점', '서울시 마포구 양화로 45');
INSERT INTO 지점 (지점ID, 은행ID, 지점명, 주소) VALUES (3, 1, '종로지점', '서울시 종로구 세종대로 78');
INSERT INTO 지점 (지점ID, 은행ID, 지점명, 주소) VALUES (4, 1, '여의도지점', '서울시 영등포구 의사당대로 99');
INSERT INTO 지점 (지점ID, 은행ID, 지점명, 주소) VALUES (5, 1, '신촌지점', '서울시 서대문구 신촌로 21');
INSERT INTO 지점 (지점ID, 은행ID, 지점명, 주소) VALUES (6, 2, '강서지점', '서울시 강서구 화곡로 102');
INSERT INTO 지점 (지점ID, 은행ID, 지점명, 주소) VALUES (7, 2, '마포지점', '서울시 마포구 마포대로 55');
INSERT INTO 지점 (지점ID, 은행ID, 지점명, 주소) VALUES (8, 2, '성수지점', '서울시 성동구 아차산로 88');
INSERT INTO 지점 (지점ID, 은행ID, 지점명, 주소) VALUES (9, 2, '잠실지점', '서울시 송파구 올림픽로 14');
INSERT INTO 지점 (지점ID, 은행ID, 지점명, 주소) VALUES (10, 2, '이태원지점', '서울시 용산구 이태원로 30');

-- 계좌 (144건)
INSERT INTO 계좌 (계좌ID, 고객ID, 은행ID, 계좌번호, 잔액, 개설일) VALUES (1, 1, 1, '110-897-545798', 16331555, '2023-05-21 00:00:00');
INSERT INTO 계좌 (계좌ID, 고객ID, 은행ID, 계좌번호, 잔액, 개설일) VALUES (2, 1, 2, '220-151-684482', 13994237, '2023-04-20 00:00:00');
INSERT INTO 계좌 (계좌ID, 고객ID, 은행ID, 계좌번호, 잔액, 개설일) VALUES (3, 2, 2, '220-783-656932', 45318128, '2022-06-07 00:00:00');
INSERT INTO 계좌 (계좌ID, 고객ID, 은행ID, 계좌번호, 잔액, 개설일) VALUES (4, 3, 2, '220-727-954596', 38875089, '2021-12-25 00:00:00');
INSERT INTO 계좌 (계좌ID, 고객ID, 은행ID, 계좌번호, 잔액, 개설일) VALUES (5, 4, 2, '220-262-879779', 37643862, '2021-08-01 00:00:00');
INSERT INTO 계좌 (계좌ID, 고객ID, 은행ID, 계좌번호, 잔액, 개설일) VALUES (6, 5, 1, '110-960-768636', 40883838, '2023-03-23 00:00:00');
INSERT INTO 계좌 (계좌ID, 고객ID, 은행ID, 계좌번호, 잔액, 개설일) VALUES (7, 6, 1, '110-381-561239', 23402891, '2023-10-13 00:00:00');
INSERT INTO 계좌 (계좌ID, 고객ID, 은행ID, 계좌번호, 잔액, 개설일) VALUES (8, 7, 2, '220-427-666390', 14946126, '2023-10-10 00:00:00');
INSERT INTO 계좌 (계좌ID, 고객ID, 은행ID, 계좌번호, 잔액, 개설일) VALUES (9, 8, 2, '220-810-260227', 19997134, '2022-01-07 00:00:00');
INSERT INTO 계좌 (계좌ID, 고객ID, 은행ID, 계좌번호, 잔액, 개설일) VALUES (10, 9, 2, '220-438-668969', 33372136, '2022-09-10 00:00:00');
INSERT INTO 계좌 (계좌ID, 고객ID, 은행ID, 계좌번호, 잔액, 개설일) VALUES (11, 10, 2, '220-498-907189', 6410767, '2022-05-12 00:00:00');
INSERT INTO 계좌 (계좌ID, 고객ID, 은행ID, 계좌번호, 잔액, 개설일) VALUES (12, 11, 2, '220-588-106182', 28794133, '2021-05-10 00:00:00');
INSERT INTO 계좌 (계좌ID, 고객ID, 은행ID, 계좌번호, 잔액, 개설일) VALUES (13, 11, 2, '220-871-508930', 32689042, '2021-08-10 00:00:00');
INSERT INTO 계좌 (계좌ID, 고객ID, 은행ID, 계좌번호, 잔액, 개설일) VALUES (14, 12, 1, '110-599-330080', 34388457, '2023-03-27 00:00:00');
INSERT INTO 계좌 (계좌ID, 고객ID, 은행ID, 계좌번호, 잔액, 개설일) VALUES (15, 13, 2, '220-444-801364', 32612232, '2022-02-04 00:00:00');
INSERT INTO 계좌 (계좌ID, 고객ID, 은행ID, 계좌번호, 잔액, 개설일) VALUES (16, 14, 2, '220-230-752483', 7127687, '2022-07-03 00:00:00');
INSERT INTO 계좌 (계좌ID, 고객ID, 은행ID, 계좌번호, 잔액, 개설일) VALUES (17, 14, 2, '220-706-691807', 7008787, '2022-02-21 00:00:00');
INSERT INTO 계좌 (계좌ID, 고객ID, 은행ID, 계좌번호, 잔액, 개설일) VALUES (18, 15, 2, '220-238-584125', 8783544, '2023-06-28 00:00:00');
INSERT INTO 계좌 (계좌ID, 고객ID, 은행ID, 계좌번호, 잔액, 개설일) VALUES (19, 16, 2, '220-316-576786', 26817278, '2023-01-31 00:00:00');
INSERT INTO 계좌 (계좌ID, 고객ID, 은행ID, 계좌번호, 잔액, 개설일) VALUES (20, 17, 2, '220-384-888539', 33228736, '2021-05-01 00:00:00');
INSERT INTO 계좌 (계좌ID, 고객ID, 은행ID, 계좌번호, 잔액, 개설일) VALUES (21, 17, 2, '220-954-185884', 5818790, '2022-09-06 00:00:00');
INSERT INTO 계좌 (계좌ID, 고객ID, 은행ID, 계좌번호, 잔액, 개설일) VALUES (22, 18, 1, '110-458-335113', 9564900, '2022-03-06 00:00:00');
INSERT INTO 계좌 (계좌ID, 고객ID, 은행ID, 계좌번호, 잔액, 개설일) VALUES (23, 18, 1, '110-872-132537', 21844901, '2021-05-03 00:00:00');
INSERT INTO 계좌 (계좌ID, 고객ID, 은행ID, 계좌번호, 잔액, 개설일) VALUES (24, 19, 1, '110-736-259784', 13628546, '2023-05-01 00:00:00');
INSERT INTO 계좌 (계좌ID, 고객ID, 은행ID, 계좌번호, 잔액, 개설일) VALUES (25, 20, 1, '110-677-328552', 22435223, '2022-09-11 00:00:00');
INSERT INTO 계좌 (계좌ID, 고객ID, 은행ID, 계좌번호, 잔액, 개설일) VALUES (26, 21, 1, '110-720-736745', 12226170, '2021-04-19 00:00:00');
INSERT INTO 계좌 (계좌ID, 고객ID, 은행ID, 계좌번호, 잔액, 개설일) VALUES (27, 21, 1, '110-418-213349', 7183249, '2022-05-18 00:00:00');
INSERT INTO 계좌 (계좌ID, 고객ID, 은행ID, 계좌번호, 잔액, 개설일) VALUES (28, 22, 2, '220-506-849747', 9389037, '2023-06-11 00:00:00');
INSERT INTO 계좌 (계좌ID, 고객ID, 은행ID, 계좌번호, 잔액, 개설일) VALUES (29, 22, 1, '110-204-831059', 24345871, '2021-10-31 00:00:00');
INSERT INTO 계좌 (계좌ID, 고객ID, 은행ID, 계좌번호, 잔액, 개설일) VALUES (30, 23, 1, '110-915-693423', 8196102, '2021-10-21 00:00:00');
INSERT INTO 계좌 (계좌ID, 고객ID, 은행ID, 계좌번호, 잔액, 개설일) VALUES (31, 23, 2, '220-645-549186', 30398590, '2022-02-22 00:00:00');
INSERT INTO 계좌 (계좌ID, 고객ID, 은행ID, 계좌번호, 잔액, 개설일) VALUES (32, 24, 2, '220-112-990844', 37525879, '2022-10-27 00:00:00');
INSERT INTO 계좌 (계좌ID, 고객ID, 은행ID, 계좌번호, 잔액, 개설일) VALUES (33, 25, 2, '220-750-968962', 14214062, '2022-09-17 00:00:00');
INSERT INTO 계좌 (계좌ID, 고객ID, 은행ID, 계좌번호, 잔액, 개설일) VALUES (34, 26, 2, '220-730-947458', 41114172, '2021-06-03 00:00:00');
INSERT INTO 계좌 (계좌ID, 고객ID, 은행ID, 계좌번호, 잔액, 개설일) VALUES (35, 27, 2, '220-546-965845', 45789298, '2021-12-13 00:00:00');
INSERT INTO 계좌 (계좌ID, 고객ID, 은행ID, 계좌번호, 잔액, 개설일) VALUES (36, 27, 2, '220-430-993085', 11724848, '2023-04-24 00:00:00');
INSERT INTO 계좌 (계좌ID, 고객ID, 은행ID, 계좌번호, 잔액, 개설일) VALUES (37, 28, 2, '220-349-886931', 44168962, '2022-09-12 00:00:00');
INSERT INTO 계좌 (계좌ID, 고객ID, 은행ID, 계좌번호, 잔액, 개설일) VALUES (38, 29, 2, '220-444-130094', 26651331, '2022-08-12 00:00:00');
INSERT INTO 계좌 (계좌ID, 고객ID, 은행ID, 계좌번호, 잔액, 개설일) VALUES (39, 29, 1, '110-599-322423', 22175736, '2023-01-02 00:00:00');
INSERT INTO 계좌 (계좌ID, 고객ID, 은행ID, 계좌번호, 잔액, 개설일) VALUES (40, 30, 2, '220-669-110644', 17760579, '2022-07-20 00:00:00');
INSERT INTO 계좌 (계좌ID, 고객ID, 은행ID, 계좌번호, 잔액, 개설일) VALUES (41, 31, 2, '220-600-682144', 20776866, '2021-11-15 00:00:00');
INSERT INTO 계좌 (계좌ID, 고객ID, 은행ID, 계좌번호, 잔액, 개설일) VALUES (42, 32, 2, '220-558-931450', 11503704, '2023-12-14 00:00:00');
INSERT INTO 계좌 (계좌ID, 고객ID, 은행ID, 계좌번호, 잔액, 개설일) VALUES (43, 32, 2, '220-326-524045', 21376933, '2022-01-22 00:00:00');
INSERT INTO 계좌 (계좌ID, 고객ID, 은행ID, 계좌번호, 잔액, 개설일) VALUES (44, 33, 2, '220-584-680358', 28738168, '2022-07-06 00:00:00');
INSERT INTO 계좌 (계좌ID, 고객ID, 은행ID, 계좌번호, 잔액, 개설일) VALUES (45, 34, 2, '220-460-836996', 22760893, '2022-09-23 00:00:00');
INSERT INTO 계좌 (계좌ID, 고객ID, 은행ID, 계좌번호, 잔액, 개설일) VALUES (46, 35, 1, '110-223-856321', 26285064, '2023-06-17 00:00:00');
INSERT INTO 계좌 (계좌ID, 고객ID, 은행ID, 계좌번호, 잔액, 개설일) VALUES (47, 36, 1, '110-296-326895', 37983017, '2021-12-05 00:00:00');
INSERT INTO 계좌 (계좌ID, 고객ID, 은행ID, 계좌번호, 잔액, 개설일) VALUES (48, 37, 2, '220-202-973074', 24228763, '2023-06-16 00:00:00');
INSERT INTO 계좌 (계좌ID, 고객ID, 은행ID, 계좌번호, 잔액, 개설일) VALUES (49, 38, 1, '110-409-114835', 40514199, '2022-01-05 00:00:00');
INSERT INTO 계좌 (계좌ID, 고객ID, 은행ID, 계좌번호, 잔액, 개설일) VALUES (50, 39, 1, '110-155-680238', 13474473, '2023-03-07 00:00:00');
INSERT INTO 계좌 (계좌ID, 고객ID, 은행ID, 계좌번호, 잔액, 개설일) VALUES (51, 40, 2, '220-205-112861', 25140689, '2022-05-23 00:00:00');
INSERT INTO 계좌 (계좌ID, 고객ID, 은행ID, 계좌번호, 잔액, 개설일) VALUES (52, 40, 2, '220-590-561865', 17961436, '2023-01-17 00:00:00');
INSERT INTO 계좌 (계좌ID, 고객ID, 은행ID, 계좌번호, 잔액, 개설일) VALUES (53, 41, 2, '220-982-600935', 10765123, '2023-09-06 00:00:00');
INSERT INTO 계좌 (계좌ID, 고객ID, 은행ID, 계좌번호, 잔액, 개설일) VALUES (54, 41, 2, '220-603-177680', 46741386, '2022-05-20 00:00:00');
INSERT INTO 계좌 (계좌ID, 고객ID, 은행ID, 계좌번호, 잔액, 개설일) VALUES (55, 42, 1, '110-252-950544', 25559056, '2022-06-03 00:00:00');
INSERT INTO 계좌 (계좌ID, 고객ID, 은행ID, 계좌번호, 잔액, 개설일) VALUES (56, 42, 1, '110-354-224205', 34586965, '2022-06-08 00:00:00');
INSERT INTO 계좌 (계좌ID, 고객ID, 은행ID, 계좌번호, 잔액, 개설일) VALUES (57, 43, 1, '110-894-647957', 35233513, '2022-12-07 00:00:00');
INSERT INTO 계좌 (계좌ID, 고객ID, 은행ID, 계좌번호, 잔액, 개설일) VALUES (58, 43, 2, '220-404-717113', 25883721, '2022-10-18 00:00:00');
INSERT INTO 계좌 (계좌ID, 고객ID, 은행ID, 계좌번호, 잔액, 개설일) VALUES (59, 44, 1, '110-724-876039', 18422410, '2023-09-21 00:00:00');
INSERT INTO 계좌 (계좌ID, 고객ID, 은행ID, 계좌번호, 잔액, 개설일) VALUES (60, 45, 2, '220-776-185131', 20707079, '2023-07-24 00:00:00');
INSERT INTO 계좌 (계좌ID, 고객ID, 은행ID, 계좌번호, 잔액, 개설일) VALUES (61, 45, 1, '110-665-178711', 4757564, '2023-07-24 00:00:00');
INSERT INTO 계좌 (계좌ID, 고객ID, 은행ID, 계좌번호, 잔액, 개설일) VALUES (62, 46, 2, '220-398-134225', 23493391, '2023-05-08 00:00:00');
INSERT INTO 계좌 (계좌ID, 고객ID, 은행ID, 계좌번호, 잔액, 개설일) VALUES (63, 47, 2, '220-172-820775', 24173960, '2023-05-06 00:00:00');
INSERT INTO 계좌 (계좌ID, 고객ID, 은행ID, 계좌번호, 잔액, 개설일) VALUES (64, 47, 1, '110-535-220351', 20665706, '2022-06-22 00:00:00');
INSERT INTO 계좌 (계좌ID, 고객ID, 은행ID, 계좌번호, 잔액, 개설일) VALUES (65, 48, 2, '220-946-249145', 9322241, '2023-10-19 00:00:00');
INSERT INTO 계좌 (계좌ID, 고객ID, 은행ID, 계좌번호, 잔액, 개설일) VALUES (66, 48, 1, '110-911-422554', 42747838, '2022-05-01 00:00:00');
INSERT INTO 계좌 (계좌ID, 고객ID, 은행ID, 계좌번호, 잔액, 개설일) VALUES (67, 49, 2, '220-227-591465', 26117214, '2022-01-25 00:00:00');
INSERT INTO 계좌 (계좌ID, 고객ID, 은행ID, 계좌번호, 잔액, 개설일) VALUES (68, 49, 2, '220-378-624783', 37697036, '2022-06-27 00:00:00');
INSERT INTO 계좌 (계좌ID, 고객ID, 은행ID, 계좌번호, 잔액, 개설일) VALUES (69, 50, 1, '110-542-870214', 45493536, '2023-02-04 00:00:00');
INSERT INTO 계좌 (계좌ID, 고객ID, 은행ID, 계좌번호, 잔액, 개설일) VALUES (70, 51, 1, '110-334-807053', 44610958, '2021-08-27 00:00:00');
INSERT INTO 계좌 (계좌ID, 고객ID, 은행ID, 계좌번호, 잔액, 개설일) VALUES (71, 52, 1, '110-883-804938', 22005578, '2021-09-11 00:00:00');
INSERT INTO 계좌 (계좌ID, 고객ID, 은행ID, 계좌번호, 잔액, 개설일) VALUES (72, 52, 1, '110-881-893005', 35683775, '2023-07-05 00:00:00');
INSERT INTO 계좌 (계좌ID, 고객ID, 은행ID, 계좌번호, 잔액, 개설일) VALUES (73, 53, 2, '220-384-290305', 33568746, '2022-05-11 00:00:00');
INSERT INTO 계좌 (계좌ID, 고객ID, 은행ID, 계좌번호, 잔액, 개설일) VALUES (74, 54, 2, '220-193-592841', 30789776, '2023-01-09 00:00:00');
INSERT INTO 계좌 (계좌ID, 고객ID, 은행ID, 계좌번호, 잔액, 개설일) VALUES (75, 54, 2, '220-428-802685', 16751773, '2023-09-15 00:00:00');
INSERT INTO 계좌 (계좌ID, 고객ID, 은행ID, 계좌번호, 잔액, 개설일) VALUES (76, 55, 2, '220-395-794769', 31673895, '2021-05-08 00:00:00');
INSERT INTO 계좌 (계좌ID, 고객ID, 은행ID, 계좌번호, 잔액, 개설일) VALUES (77, 56, 1, '110-565-192337', 22348200, '2023-02-12 00:00:00');
INSERT INTO 계좌 (계좌ID, 고객ID, 은행ID, 계좌번호, 잔액, 개설일) VALUES (78, 56, 2, '220-218-910075', 39141969, '2022-11-13 00:00:00');
INSERT INTO 계좌 (계좌ID, 고객ID, 은행ID, 계좌번호, 잔액, 개설일) VALUES (79, 57, 1, '110-773-668950', 32370575, '2022-09-14 00:00:00');
INSERT INTO 계좌 (계좌ID, 고객ID, 은행ID, 계좌번호, 잔액, 개설일) VALUES (80, 57, 1, '110-292-643623', 45552251, '2022-12-26 00:00:00');
INSERT INTO 계좌 (계좌ID, 고객ID, 은행ID, 계좌번호, 잔액, 개설일) VALUES (81, 58, 2, '220-878-154118', 23501840, '2023-06-06 00:00:00');
INSERT INTO 계좌 (계좌ID, 고객ID, 은행ID, 계좌번호, 잔액, 개설일) VALUES (82, 58, 1, '110-394-559398', 37707458, '2021-07-13 00:00:00');
INSERT INTO 계좌 (계좌ID, 고객ID, 은행ID, 계좌번호, 잔액, 개설일) VALUES (83, 59, 1, '110-826-266071', 41835180, '2023-02-16 00:00:00');
INSERT INTO 계좌 (계좌ID, 고객ID, 은행ID, 계좌번호, 잔액, 개설일) VALUES (84, 60, 2, '220-195-335615', 11820246, '2021-08-22 00:00:00');
INSERT INTO 계좌 (계좌ID, 고객ID, 은행ID, 계좌번호, 잔액, 개설일) VALUES (85, 61, 1, '110-763-972565', 40465413, '2023-07-27 00:00:00');
INSERT INTO 계좌 (계좌ID, 고객ID, 은행ID, 계좌번호, 잔액, 개설일) VALUES (86, 62, 2, '220-621-839677', 32833084, '2023-03-27 00:00:00');
INSERT INTO 계좌 (계좌ID, 고객ID, 은행ID, 계좌번호, 잔액, 개설일) VALUES (87, 62, 2, '220-583-355570', 39874773, '2022-09-20 00:00:00');
INSERT INTO 계좌 (계좌ID, 고객ID, 은행ID, 계좌번호, 잔액, 개설일) VALUES (88, 63, 1, '110-713-632929', 13426919, '2021-11-27 00:00:00');
INSERT INTO 계좌 (계좌ID, 고객ID, 은행ID, 계좌번호, 잔액, 개설일) VALUES (89, 64, 2, '220-891-928381', 33556314, '2021-08-09 00:00:00');
INSERT INTO 계좌 (계좌ID, 고객ID, 은행ID, 계좌번호, 잔액, 개설일) VALUES (90, 64, 2, '220-906-632401', 5682151, '2023-04-02 00:00:00');
INSERT INTO 계좌 (계좌ID, 고객ID, 은행ID, 계좌번호, 잔액, 개설일) VALUES (91, 65, 2, '220-957-715448', 49647874, '2022-05-17 00:00:00');
INSERT INTO 계좌 (계좌ID, 고객ID, 은행ID, 계좌번호, 잔액, 개설일) VALUES (92, 66, 1, '110-557-664742', 28300875, '2022-08-23 00:00:00');
INSERT INTO 계좌 (계좌ID, 고객ID, 은행ID, 계좌번호, 잔액, 개설일) VALUES (93, 67, 2, '220-566-437408', 16648246, '2021-07-24 00:00:00');
INSERT INTO 계좌 (계좌ID, 고객ID, 은행ID, 계좌번호, 잔액, 개설일) VALUES (94, 68, 1, '110-685-501574', 32125650, '2023-05-06 00:00:00');
INSERT INTO 계좌 (계좌ID, 고객ID, 은행ID, 계좌번호, 잔액, 개설일) VALUES (95, 68, 1, '110-425-880879', 30173989, '2022-09-03 00:00:00');
INSERT INTO 계좌 (계좌ID, 고객ID, 은행ID, 계좌번호, 잔액, 개설일) VALUES (96, 69, 1, '110-607-138817', 38067188, '2023-08-24 00:00:00');
INSERT INTO 계좌 (계좌ID, 고객ID, 은행ID, 계좌번호, 잔액, 개설일) VALUES (97, 70, 2, '220-990-205239', 34318449, '2021-07-19 00:00:00');
INSERT INTO 계좌 (계좌ID, 고객ID, 은행ID, 계좌번호, 잔액, 개설일) VALUES (98, 70, 1, '110-638-579123', 15092106, '2023-12-16 00:00:00');
INSERT INTO 계좌 (계좌ID, 고객ID, 은행ID, 계좌번호, 잔액, 개설일) VALUES (99, 71, 1, '110-176-592296', 23464377, '2021-10-22 00:00:00');
INSERT INTO 계좌 (계좌ID, 고객ID, 은행ID, 계좌번호, 잔액, 개설일) VALUES (100, 72, 2, '220-765-184216', 30909663, '2021-08-11 00:00:00');
INSERT INTO 계좌 (계좌ID, 고객ID, 은행ID, 계좌번호, 잔액, 개설일) VALUES (101, 73, 2, '220-424-757246', 38125601, '2021-12-26 00:00:00');
INSERT INTO 계좌 (계좌ID, 고객ID, 은행ID, 계좌번호, 잔액, 개설일) VALUES (102, 73, 1, '110-732-171744', 47344498, '2023-05-05 00:00:00');
INSERT INTO 계좌 (계좌ID, 고객ID, 은행ID, 계좌번호, 잔액, 개설일) VALUES (103, 74, 2, '220-332-883041', 35303332, '2023-09-30 00:00:00');
INSERT INTO 계좌 (계좌ID, 고객ID, 은행ID, 계좌번호, 잔액, 개설일) VALUES (104, 74, 1, '110-878-764532', 12201926, '2022-01-10 00:00:00');
INSERT INTO 계좌 (계좌ID, 고객ID, 은행ID, 계좌번호, 잔액, 개설일) VALUES (105, 75, 2, '220-129-148225', 9446097, '2023-02-02 00:00:00');
INSERT INTO 계좌 (계좌ID, 고객ID, 은행ID, 계좌번호, 잔액, 개설일) VALUES (106, 76, 2, '220-541-252640', 40695968, '2023-04-25 00:00:00');
INSERT INTO 계좌 (계좌ID, 고객ID, 은행ID, 계좌번호, 잔액, 개설일) VALUES (107, 77, 1, '110-274-283573', 46742301, '2023-10-12 00:00:00');
INSERT INTO 계좌 (계좌ID, 고객ID, 은행ID, 계좌번호, 잔액, 개설일) VALUES (108, 78, 1, '110-609-711484', 20971902, '2023-08-07 00:00:00');
INSERT INTO 계좌 (계좌ID, 고객ID, 은행ID, 계좌번호, 잔액, 개설일) VALUES (109, 78, 2, '220-753-366314', 21673685, '2022-09-17 00:00:00');
INSERT INTO 계좌 (계좌ID, 고객ID, 은행ID, 계좌번호, 잔액, 개설일) VALUES (110, 79, 2, '220-394-810526', 15839564, '2022-06-20 00:00:00');
INSERT INTO 계좌 (계좌ID, 고객ID, 은행ID, 계좌번호, 잔액, 개설일) VALUES (111, 79, 1, '110-552-462351', 25664901, '2022-05-09 00:00:00');
INSERT INTO 계좌 (계좌ID, 고객ID, 은행ID, 계좌번호, 잔액, 개설일) VALUES (112, 80, 2, '220-806-362246', 25275042, '2022-09-20 00:00:00');
INSERT INTO 계좌 (계좌ID, 고객ID, 은행ID, 계좌번호, 잔액, 개설일) VALUES (113, 80, 1, '110-493-994787', 11347379, '2022-08-24 00:00:00');
INSERT INTO 계좌 (계좌ID, 고객ID, 은행ID, 계좌번호, 잔액, 개설일) VALUES (114, 81, 2, '220-688-410244', 24711600, '2022-01-14 00:00:00');
INSERT INTO 계좌 (계좌ID, 고객ID, 은행ID, 계좌번호, 잔액, 개설일) VALUES (115, 82, 2, '220-381-108491', 7999303, '2022-05-31 00:00:00');
INSERT INTO 계좌 (계좌ID, 고객ID, 은행ID, 계좌번호, 잔액, 개설일) VALUES (116, 83, 2, '220-952-400096', 20971983, '2021-10-28 00:00:00');
INSERT INTO 계좌 (계좌ID, 고객ID, 은행ID, 계좌번호, 잔액, 개설일) VALUES (117, 83, 2, '220-324-767542', 46315300, '2023-06-20 00:00:00');
INSERT INTO 계좌 (계좌ID, 고객ID, 은행ID, 계좌번호, 잔액, 개설일) VALUES (118, 84, 1, '110-743-201883', 46677000, '2021-06-19 00:00:00');
INSERT INTO 계좌 (계좌ID, 고객ID, 은행ID, 계좌번호, 잔액, 개설일) VALUES (119, 85, 2, '220-907-562236', 44423539, '2023-11-27 00:00:00');
INSERT INTO 계좌 (계좌ID, 고객ID, 은행ID, 계좌번호, 잔액, 개설일) VALUES (120, 85, 2, '220-849-237795', 24624527, '2023-09-30 00:00:00');
INSERT INTO 계좌 (계좌ID, 고객ID, 은행ID, 계좌번호, 잔액, 개설일) VALUES (121, 86, 2, '220-279-310548', 40488041, '2023-08-18 00:00:00');
INSERT INTO 계좌 (계좌ID, 고객ID, 은행ID, 계좌번호, 잔액, 개설일) VALUES (122, 87, 2, '220-643-626169', 23268000, '2021-06-09 00:00:00');
INSERT INTO 계좌 (계좌ID, 고객ID, 은행ID, 계좌번호, 잔액, 개설일) VALUES (123, 87, 1, '110-363-964749', 36174260, '2021-05-09 00:00:00');
INSERT INTO 계좌 (계좌ID, 고객ID, 은행ID, 계좌번호, 잔액, 개설일) VALUES (124, 88, 2, '220-864-455168', 13618908, '2021-09-29 00:00:00');
INSERT INTO 계좌 (계좌ID, 고객ID, 은행ID, 계좌번호, 잔액, 개설일) VALUES (125, 88, 2, '220-177-247594', 19819745, '2021-11-19 00:00:00');
INSERT INTO 계좌 (계좌ID, 고객ID, 은행ID, 계좌번호, 잔액, 개설일) VALUES (126, 89, 2, '220-966-943671', 31145748, '2022-06-09 00:00:00');
INSERT INTO 계좌 (계좌ID, 고객ID, 은행ID, 계좌번호, 잔액, 개설일) VALUES (127, 89, 1, '110-909-513741', 22747514, '2023-12-17 00:00:00');
INSERT INTO 계좌 (계좌ID, 고객ID, 은행ID, 계좌번호, 잔액, 개설일) VALUES (128, 90, 2, '220-477-805511', 23373354, '2021-11-25 00:00:00');
INSERT INTO 계좌 (계좌ID, 고객ID, 은행ID, 계좌번호, 잔액, 개설일) VALUES (129, 91, 2, '220-210-807617', 36320277, '2023-05-06 00:00:00');
INSERT INTO 계좌 (계좌ID, 고객ID, 은행ID, 계좌번호, 잔액, 개설일) VALUES (130, 91, 1, '110-734-688678', 46231923, '2023-01-30 00:00:00');
INSERT INTO 계좌 (계좌ID, 고객ID, 은행ID, 계좌번호, 잔액, 개설일) VALUES (131, 92, 1, '110-750-963874', 24018639, '2022-09-12 00:00:00');
INSERT INTO 계좌 (계좌ID, 고객ID, 은행ID, 계좌번호, 잔액, 개설일) VALUES (132, 93, 1, '110-243-147549', 6953263, '2021-05-07 00:00:00');
INSERT INTO 계좌 (계좌ID, 고객ID, 은행ID, 계좌번호, 잔액, 개설일) VALUES (133, 93, 2, '220-604-221761', 21105163, '2023-09-23 00:00:00');
INSERT INTO 계좌 (계좌ID, 고객ID, 은행ID, 계좌번호, 잔액, 개설일) VALUES (134, 94, 1, '110-497-575679', 50594568, '2022-12-17 00:00:00');
INSERT INTO 계좌 (계좌ID, 고객ID, 은행ID, 계좌번호, 잔액, 개설일) VALUES (135, 94, 2, '220-701-878325', 14538856, '2021-12-17 00:00:00');
INSERT INTO 계좌 (계좌ID, 고객ID, 은행ID, 계좌번호, 잔액, 개설일) VALUES (136, 95, 1, '110-953-613117', 32837193, '2022-04-10 00:00:00');
INSERT INTO 계좌 (계좌ID, 고객ID, 은행ID, 계좌번호, 잔액, 개설일) VALUES (137, 95, 2, '220-133-823811', 20719721, '2022-12-17 00:00:00');
INSERT INTO 계좌 (계좌ID, 고객ID, 은행ID, 계좌번호, 잔액, 개설일) VALUES (138, 96, 1, '110-975-480303', 30468431, '2023-09-21 00:00:00');
INSERT INTO 계좌 (계좌ID, 고객ID, 은행ID, 계좌번호, 잔액, 개설일) VALUES (139, 97, 2, '220-162-517479', 17557836, '2023-03-24 00:00:00');
INSERT INTO 계좌 (계좌ID, 고객ID, 은행ID, 계좌번호, 잔액, 개설일) VALUES (140, 98, 2, '220-193-794963', 48534057, '2023-05-28 00:00:00');
INSERT INTO 계좌 (계좌ID, 고객ID, 은행ID, 계좌번호, 잔액, 개설일) VALUES (141, 98, 1, '110-151-925013', 21814631, '2023-01-24 00:00:00');
INSERT INTO 계좌 (계좌ID, 고객ID, 은행ID, 계좌번호, 잔액, 개설일) VALUES (142, 99, 1, '110-170-970127', 42951255, '2021-11-08 00:00:00');
INSERT INTO 계좌 (계좌ID, 고객ID, 은행ID, 계좌번호, 잔액, 개설일) VALUES (143, 99, 1, '110-700-326441', 20615276, '2021-09-20 00:00:00');
INSERT INTO 계좌 (계좌ID, 고객ID, 은행ID, 계좌번호, 잔액, 개설일) VALUES (144, 100, 1, '110-907-724932', 22936599, '2023-12-29 00:00:00');

-- ATM (30건)
INSERT INTO ATM (ATM_ID, 지점ID, 상태, 현금잔량, 경고임계값, ATM현금상태, 최종갱신일시) VALUES (1, 1, '장애', 18460753, 500000, '정상', '2024-05-11 13:19:18');
INSERT INTO ATM (ATM_ID, 지점ID, 상태, 현금잔량, 경고임계값, ATM현금상태, 최종갱신일시) VALUES (2, 1, '장애', 17551704, 500000, '정상', '2024-05-11 13:19:18');
INSERT INTO ATM (ATM_ID, 지점ID, 상태, 현금잔량, 경고임계값, ATM현금상태, 최종갱신일시) VALUES (3, 1, '장애', 3477228, 1500000, '정상', '2024-05-11 13:19:18');
INSERT INTO ATM (ATM_ID, 지점ID, 상태, 현금잔량, 경고임계값, ATM현금상태, 최종갱신일시) VALUES (4, 2, '장애', 10606941, 1000000, '정상', '2024-05-11 13:19:18');
INSERT INTO ATM (ATM_ID, 지점ID, 상태, 현금잔량, 경고임계값, ATM현금상태, 최종갱신일시) VALUES (5, 2, '장애', 8123498, 500000, '정상', '2024-05-11 13:19:18');
INSERT INTO ATM (ATM_ID, 지점ID, 상태, 현금잔량, 경고임계값, ATM현금상태, 최종갱신일시) VALUES (6, 2, '장애', 10838687, 1500000, '정상', '2024-05-31 11:21:52');
INSERT INTO ATM (ATM_ID, 지점ID, 상태, 현금잔량, 경고임계값, ATM현금상태, 최종갱신일시) VALUES (7, 3, '장애', 5244522, 1000000, '정상', '2024-05-11 13:19:18');
INSERT INTO ATM (ATM_ID, 지점ID, 상태, 현금잔량, 경고임계값, ATM현금상태, 최종갱신일시) VALUES (8, 3, '장애', 5573623, 2000000, '정상', '2024-05-11 13:19:18');
INSERT INTO ATM (ATM_ID, 지점ID, 상태, 현금잔량, 경고임계값, ATM현금상태, 최종갱신일시) VALUES (9, 3, '장애', 6850868, 2000000, '정상', '2024-05-11 13:19:18');
INSERT INTO ATM (ATM_ID, 지점ID, 상태, 현금잔량, 경고임계값, ATM현금상태, 최종갱신일시) VALUES (10, 4, '장애', 14230606, 1000000, '정상', '2024-05-11 13:19:18');
INSERT INTO ATM (ATM_ID, 지점ID, 상태, 현금잔량, 경고임계값, ATM현금상태, 최종갱신일시) VALUES (11, 4, '장애', 2614944, 1500000, '정상', '2024-05-11 13:19:18');
INSERT INTO ATM (ATM_ID, 지점ID, 상태, 현금잔량, 경고임계값, ATM현금상태, 최종갱신일시) VALUES (12, 4, '장애', 6697935, 1500000, '정상', '2024-06-12 15:53:31');
INSERT INTO ATM (ATM_ID, 지점ID, 상태, 현금잔량, 경고임계값, ATM현금상태, 최종갱신일시) VALUES (13, 5, '장애', 8281380, 1000000, '정상', '2024-05-11 13:19:18');
INSERT INTO ATM (ATM_ID, 지점ID, 상태, 현금잔량, 경고임계값, ATM현금상태, 최종갱신일시) VALUES (14, 5, '장애', 7001438, 1000000, '정상', '2024-05-11 13:19:18');
INSERT INTO ATM (ATM_ID, 지점ID, 상태, 현금잔량, 경고임계값, ATM현금상태, 최종갱신일시) VALUES (15, 5, '장애', 18886205, 2000000, '정상', '2024-05-11 13:19:18');
INSERT INTO ATM (ATM_ID, 지점ID, 상태, 현금잔량, 경고임계값, ATM현금상태, 최종갱신일시) VALUES (16, 6, '장애', 24194066, 1500000, '정상', '2024-06-10 13:43:08');
INSERT INTO ATM (ATM_ID, 지점ID, 상태, 현금잔량, 경고임계값, ATM현금상태, 최종갱신일시) VALUES (17, 6, '장애', 10550561, 1000000, '정상', '2024-06-10 13:43:08');
INSERT INTO ATM (ATM_ID, 지점ID, 상태, 현금잔량, 경고임계값, ATM현금상태, 최종갱신일시) VALUES (18, 6, '장애', 16192788, 500000, '정상', '2024-06-10 13:43:08');
INSERT INTO ATM (ATM_ID, 지점ID, 상태, 현금잔량, 경고임계값, ATM현금상태, 최종갱신일시) VALUES (19, 7, '장애', 20000, 1000000, '현금부족경고', '2024-06-10 13:43:08');
INSERT INTO ATM (ATM_ID, 지점ID, 상태, 현금잔량, 경고임계값, ATM현금상태, 최종갱신일시) VALUES (20, 7, '장애', 50000, 1000000, '현금부족경고', '2024-06-10 13:43:08');
INSERT INTO ATM (ATM_ID, 지점ID, 상태, 현금잔량, 경고임계값, ATM현금상태, 최종갱신일시) VALUES (21, 7, '장애', 19991946, 2000000, '정상', '2024-06-24 13:19:47');
INSERT INTO ATM (ATM_ID, 지점ID, 상태, 현금잔량, 경고임계값, ATM현금상태, 최종갱신일시) VALUES (22, 8, '장애', 13929704, 500000, '정상', '2024-06-10 13:43:08');
INSERT INTO ATM (ATM_ID, 지점ID, 상태, 현금잔량, 경고임계값, ATM현금상태, 최종갱신일시) VALUES (23, 8, '장애', 18157281, 1500000, '정상', '2024-06-10 13:43:08');
INSERT INTO ATM (ATM_ID, 지점ID, 상태, 현금잔량, 경고임계값, ATM현금상태, 최종갱신일시) VALUES (24, 8, '장애', 9507601, 2000000, '정상', '2024-06-10 13:43:08');
INSERT INTO ATM (ATM_ID, 지점ID, 상태, 현금잔량, 경고임계값, ATM현금상태, 최종갱신일시) VALUES (25, 9, '장애', 9326987, 2000000, '정상', '2024-06-10 13:43:08');
INSERT INTO ATM (ATM_ID, 지점ID, 상태, 현금잔량, 경고임계값, ATM현금상태, 최종갱신일시) VALUES (26, 9, '장애', 3092608, 1500000, '정상', '2024-06-10 13:43:08');
INSERT INTO ATM (ATM_ID, 지점ID, 상태, 현금잔량, 경고임계값, ATM현금상태, 최종갱신일시) VALUES (27, 9, '장애', 100000, 1000000, '현금부족경고', '2024-06-10 13:43:08');
INSERT INTO ATM (ATM_ID, 지점ID, 상태, 현금잔량, 경고임계값, ATM현금상태, 최종갱신일시) VALUES (28, 10, '장애', 12777926, 1500000, '정상', '2024-06-10 13:43:08');
INSERT INTO ATM (ATM_ID, 지점ID, 상태, 현금잔량, 경고임계값, ATM현금상태, 최종갱신일시) VALUES (29, 10, '장애', 11633292, 2000000, '정상', '2024-06-10 13:43:08');
INSERT INTO ATM (ATM_ID, 지점ID, 상태, 현금잔량, 경고임계값, ATM현금상태, 최종갱신일시) VALUES (30, 10, '장애', 6050821, 1000000, '정상', '2024-06-10 13:43:08');

-- 관리자 (12건)
INSERT INTO 관리자 (관리자ID, 지점ID, 이름, 로그인아이디, 비밀번호해시, 권한등급, 생성일시) VALUES (1, 1, '김민준', 'super_a', '$2b$12$eXAmPlEhAsHeDpAsSwOrD11111111111111', '슈퍼', '2023-01-01 09:00:00');
INSERT INTO 관리자 (관리자ID, 지점ID, 이름, 로그인아이디, 비밀번호해시, 권한등급, 생성일시) VALUES (2, 6, '박서연', 'super_b', '$2b$12$eXAmPlEhAsHeDpAsSwOrD22222222222222', '슈퍼', '2023-01-01 09:00:00');
INSERT INTO 관리자 (관리자ID, 지점ID, 이름, 로그인아이디, 비밀번호해시, 권한등급, 생성일시) VALUES (3, 1, '한준우', 'admin_1', '$2b$12$examplehashedpassword03uniquevals', '일반', '2023-01-02 09:00:00');
INSERT INTO 관리자 (관리자ID, 지점ID, 이름, 로그인아이디, 비밀번호해시, 권한등급, 생성일시) VALUES (4, 2, '김지훈', 'admin_2', '$2b$12$examplehashedpassword04uniquevals', '일반', '2023-01-02 09:00:00');
INSERT INTO 관리자 (관리자ID, 지점ID, 이름, 로그인아이디, 비밀번호해시, 권한등급, 생성일시) VALUES (5, 3, '최미숙', 'admin_3', '$2b$12$examplehashedpassword05uniquevals', '일반', '2023-01-02 09:00:00');
INSERT INTO 관리자 (관리자ID, 지점ID, 이름, 로그인아이디, 비밀번호해시, 권한등급, 생성일시) VALUES (6, 4, '박준우', 'admin_4', '$2b$12$examplehashedpassword06uniquevals', '일반', '2023-01-02 09:00:00');
INSERT INTO 관리자 (관리자ID, 지점ID, 이름, 로그인아이디, 비밀번호해시, 권한등급, 생성일시) VALUES (7, 5, '한유진', 'admin_5', '$2b$12$examplehashedpassword07uniquevals', '일반', '2023-01-02 09:00:00');
INSERT INTO 관리자 (관리자ID, 지점ID, 이름, 로그인아이디, 비밀번호해시, 권한등급, 생성일시) VALUES (8, 6, '임수민', 'admin_6', '$2b$12$examplehashedpassword08uniquevals', '일반', '2023-01-02 09:00:00');
INSERT INTO 관리자 (관리자ID, 지점ID, 이름, 로그인아이디, 비밀번호해시, 권한등급, 생성일시) VALUES (9, 7, '김정희', 'admin_7', '$2b$12$examplehashedpassword09uniquevals', '일반', '2023-01-02 09:00:00');
INSERT INTO 관리자 (관리자ID, 지점ID, 이름, 로그인아이디, 비밀번호해시, 권한등급, 생성일시) VALUES (10, 8, '이은정', 'admin_8', '$2b$12$examplehashedpassword10uniquevals', '일반', '2023-01-02 09:00:00');
INSERT INTO 관리자 (관리자ID, 지점ID, 이름, 로그인아이디, 비밀번호해시, 권한등급, 생성일시) VALUES (11, 9, '최정희', 'admin_9', '$2b$12$examplehashedpassword11uniquevals', '일반', '2023-01-02 09:00:00');
INSERT INTO 관리자 (관리자ID, 지점ID, 이름, 로그인아이디, 비밀번호해시, 권한등급, 생성일시) VALUES (12, 10, '장은정', 'admin_10', '$2b$12$examplehashedpassword12uniquevals', '일반', '2023-01-02 09:00:00');

-- 거래내역 (500건)
SET FOREIGN_KEY_CHECKS = 0;
INSERT INTO 거래내역 (거래ID, ATM_ID, 계좌ID, 연관거래ID, 거래유형, 거래금액, 수수료, 처리상태, 거래일시) VALUES (1, 26, 24, 2, '이체(출금)', 40000, 1000, '성공', '2024-01-02 07:46:13');
INSERT INTO 거래내역 (거래ID, ATM_ID, 계좌ID, 연관거래ID, 거래유형, 거래금액, 수수료, 처리상태, 거래일시) VALUES (2, 26, 124, 1, '이체(입금)', 40000, 0, '성공', '2024-01-02 07:46:13');
INSERT INTO 거래내역 (거래ID, ATM_ID, 계좌ID, 연관거래ID, 거래유형, 거래금액, 수수료, 처리상태, 거래일시) VALUES (3, 13, 125, 4, '이체(출금)', 190000, 0, '은행장애', '2024-01-03 03:23:28');
INSERT INTO 거래내역 (거래ID, ATM_ID, 계좌ID, 연관거래ID, 거래유형, 거래금액, 수수료, 처리상태, 거래일시) VALUES (4, 13, 118, 3, '이체(입금)', 190000, 0, '은행장애', '2024-01-03 03:23:28');
INSERT INTO 거래내역 (거래ID, ATM_ID, 계좌ID, 연관거래ID, 거래유형, 거래금액, 수수료, 처리상태, 거래일시) VALUES (5, 30, 13, NULL, '입금', 980000, 0, '실패', '2024-01-07 15:00:53');
INSERT INTO 거래내역 (거래ID, ATM_ID, 계좌ID, 연관거래ID, 거래유형, 거래금액, 수수료, 처리상태, 거래일시) VALUES (6, 11, 84, NULL, '출금', 80000, 1000, '성공', '2024-01-08 18:06:33');
INSERT INTO 거래내역 (거래ID, ATM_ID, 계좌ID, 연관거래ID, 거래유형, 거래금액, 수수료, 처리상태, 거래일시) VALUES (7, 19, 18, 8, '이체(출금)', 190000, 0, '성공', '2024-01-09 22:13:15');
INSERT INTO 거래내역 (거래ID, ATM_ID, 계좌ID, 연관거래ID, 거래유형, 거래금액, 수수료, 처리상태, 거래일시) VALUES (8, 19, 44, 7, '이체(입금)', 190000, 0, '성공', '2024-01-09 22:13:15');
INSERT INTO 거래내역 (거래ID, ATM_ID, 계좌ID, 연관거래ID, 거래유형, 거래금액, 수수료, 처리상태, 거래일시) VALUES (9, 7, 75, NULL, '출금', 30000, 1000, '성공', '2024-01-10 10:51:50');
INSERT INTO 거래내역 (거래ID, ATM_ID, 계좌ID, 연관거래ID, 거래유형, 거래금액, 수수료, 처리상태, 거래일시) VALUES (10, 29, 84, NULL, '입금', 500000, 0, '성공', '2024-01-13 10:37:33');
INSERT INTO 거래내역 (거래ID, ATM_ID, 계좌ID, 연관거래ID, 거래유형, 거래금액, 수수료, 처리상태, 거래일시) VALUES (11, 19, 19, 12, '이체(출금)', 290000, 0, '성공', '2024-01-13 13:08:49');
INSERT INTO 거래내역 (거래ID, ATM_ID, 계좌ID, 연관거래ID, 거래유형, 거래금액, 수수료, 처리상태, 거래일시) VALUES (12, 19, 83, 11, '이체(입금)', 290000, 0, '성공', '2024-01-13 13:08:49');
INSERT INTO 거래내역 (거래ID, ATM_ID, 계좌ID, 연관거래ID, 거래유형, 거래금액, 수수료, 처리상태, 거래일시) VALUES (13, 4, 7, NULL, '출금', 90000, 0, '성공', '2024-01-16 13:02:35');
INSERT INTO 거래내역 (거래ID, ATM_ID, 계좌ID, 연관거래ID, 거래유형, 거래금액, 수수료, 처리상태, 거래일시) VALUES (14, 17, 2, NULL, '출금', 60000, 0, '성공', '2024-01-20 09:19:04');
INSERT INTO 거래내역 (거래ID, ATM_ID, 계좌ID, 연관거래ID, 거래유형, 거래금액, 수수료, 처리상태, 거래일시) VALUES (15, 2, 29, NULL, '출금', 130000, 0, '지점장애', '2024-01-20 16:03:27');
INSERT INTO 거래내역 (거래ID, ATM_ID, 계좌ID, 연관거래ID, 거래유형, 거래금액, 수수료, 처리상태, 거래일시) VALUES (16, 19, 130, NULL, '출금', 360000, 0, '실패', '2024-01-21 14:12:57');
INSERT INTO 거래내역 (거래ID, ATM_ID, 계좌ID, 연관거래ID, 거래유형, 거래금액, 수수료, 처리상태, 거래일시) VALUES (17, 11, 30, NULL, '출금', 260000, 0, '성공', '2024-01-22 11:49:28');
INSERT INTO 거래내역 (거래ID, ATM_ID, 계좌ID, 연관거래ID, 거래유형, 거래금액, 수수료, 처리상태, 거래일시) VALUES (18, 18, 79, NULL, '출금', 320000, 1000, '성공', '2024-01-24 03:16:42');
INSERT INTO 거래내역 (거래ID, ATM_ID, 계좌ID, 연관거래ID, 거래유형, 거래금액, 수수료, 처리상태, 거래일시) VALUES (19, 19, 105, NULL, '입금', 140000, 0, '성공', '2024-01-27 03:15:46');
INSERT INTO 거래내역 (거래ID, ATM_ID, 계좌ID, 연관거래ID, 거래유형, 거래금액, 수수료, 처리상태, 거래일시) VALUES (20, 9, 116, NULL, '출금', 230000, 1000, '성공', '2024-01-28 15:06:21');
INSERT INTO 거래내역 (거래ID, ATM_ID, 계좌ID, 연관거래ID, 거래유형, 거래금액, 수수료, 처리상태, 거래일시) VALUES (21, 24, 111, NULL, '입금', 510000, 0, '성공', '2024-01-30 22:21:32');
INSERT INTO 거래내역 (거래ID, ATM_ID, 계좌ID, 연관거래ID, 거래유형, 거래금액, 수수료, 처리상태, 거래일시) VALUES (22, 2, 18, NULL, '입금', 610000, 0, '성공', '2024-02-02 10:27:09');
INSERT INTO 거래내역 (거래ID, ATM_ID, 계좌ID, 연관거래ID, 거래유형, 거래금액, 수수료, 처리상태, 거래일시) VALUES (23, 24, 16, NULL, '입금', 680000, 0, '성공', '2024-02-04 02:42:22');
INSERT INTO 거래내역 (거래ID, ATM_ID, 계좌ID, 연관거래ID, 거래유형, 거래금액, 수수료, 처리상태, 거래일시) VALUES (24, 24, 60, NULL, '출금', 350000, 0, '성공', '2024-02-08 06:22:26');
INSERT INTO 거래내역 (거래ID, ATM_ID, 계좌ID, 연관거래ID, 거래유형, 거래금액, 수수료, 처리상태, 거래일시) VALUES (25, 29, 38, NULL, '출금', 90000, 0, '성공', '2024-02-09 10:26:41');
INSERT INTO 거래내역 (거래ID, ATM_ID, 계좌ID, 연관거래ID, 거래유형, 거래금액, 수수료, 처리상태, 거래일시) VALUES (26, 27, 87, NULL, '출금', 370000, 0, '성공', '2024-02-12 01:01:58');
INSERT INTO 거래내역 (거래ID, ATM_ID, 계좌ID, 연관거래ID, 거래유형, 거래금액, 수수료, 처리상태, 거래일시) VALUES (27, 30, 139, 28, '이체(출금)', 250000, 0, '성공', '2024-02-12 16:04:10');
INSERT INTO 거래내역 (거래ID, ATM_ID, 계좌ID, 연관거래ID, 거래유형, 거래금액, 수수료, 처리상태, 거래일시) VALUES (28, 30, 141, 27, '이체(입금)', 250000, 0, '성공', '2024-02-12 16:04:10');
INSERT INTO 거래내역 (거래ID, ATM_ID, 계좌ID, 연관거래ID, 거래유형, 거래금액, 수수료, 처리상태, 거래일시) VALUES (29, 3, 102, NULL, '출금', 480000, 0, '성공', '2024-02-13 15:52:56');
INSERT INTO 거래내역 (거래ID, ATM_ID, 계좌ID, 연관거래ID, 거래유형, 거래금액, 수수료, 처리상태, 거래일시) VALUES (30, 13, 18, NULL, '입금', 390000, 0, '성공', '2024-02-15 04:11:24');
INSERT INTO 거래내역 (거래ID, ATM_ID, 계좌ID, 연관거래ID, 거래유형, 거래금액, 수수료, 처리상태, 거래일시) VALUES (31, 28, 104, NULL, '출금', 240000, 1000, '성공', '2024-02-16 14:35:05');
INSERT INTO 거래내역 (거래ID, ATM_ID, 계좌ID, 연관거래ID, 거래유형, 거래금액, 수수료, 처리상태, 거래일시) VALUES (32, 25, 88, 33, '이체(출금)', 250000, 1000, '성공', '2024-02-19 01:40:21');
INSERT INTO 거래내역 (거래ID, ATM_ID, 계좌ID, 연관거래ID, 거래유형, 거래금액, 수수료, 처리상태, 거래일시) VALUES (33, 25, 26, 32, '이체(입금)', 250000, 0, '성공', '2024-02-19 01:40:21');
INSERT INTO 거래내역 (거래ID, ATM_ID, 계좌ID, 연관거래ID, 거래유형, 거래금액, 수수료, 처리상태, 거래일시) VALUES (34, 22, 91, NULL, '출금', 40000, 0, '성공', '2024-02-21 10:14:37');
INSERT INTO 거래내역 (거래ID, ATM_ID, 계좌ID, 연관거래ID, 거래유형, 거래금액, 수수료, 처리상태, 거래일시) VALUES (35, 24, 59, NULL, '출금', 470000, 1000, '성공', '2024-02-22 21:14:43');
INSERT INTO 거래내역 (거래ID, ATM_ID, 계좌ID, 연관거래ID, 거래유형, 거래금액, 수수료, 처리상태, 거래일시) VALUES (36, 29, 36, NULL, '출금', 170000, 0, '성공', '2024-02-23 23:20:40');
INSERT INTO 거래내역 (거래ID, ATM_ID, 계좌ID, 연관거래ID, 거래유형, 거래금액, 수수료, 처리상태, 거래일시) VALUES (37, 9, 102, NULL, '출금', 390000, 0, '실패', '2024-02-26 00:16:47');
INSERT INTO 거래내역 (거래ID, ATM_ID, 계좌ID, 연관거래ID, 거래유형, 거래금액, 수수료, 처리상태, 거래일시) VALUES (38, 20, 56, NULL, '입금', 970000, 0, '성공', '2024-02-27 05:06:07');
INSERT INTO 거래내역 (거래ID, ATM_ID, 계좌ID, 연관거래ID, 거래유형, 거래금액, 수수료, 처리상태, 거래일시) VALUES (39, 11, 71, NULL, '출금', 380000, 0, '성공', '2024-02-27 12:48:49');
INSERT INTO 거래내역 (거래ID, ATM_ID, 계좌ID, 연관거래ID, 거래유형, 거래금액, 수수료, 처리상태, 거래일시) VALUES (40, 15, 142, NULL, '입금', 610000, 0, '성공', '2024-02-27 23:10:59');
INSERT INTO 거래내역 (거래ID, ATM_ID, 계좌ID, 연관거래ID, 거래유형, 거래금액, 수수료, 처리상태, 거래일시) VALUES (41, 16, 71, NULL, '출금', 410000, 1000, '성공', '2024-02-28 02:43:55');
INSERT INTO 거래내역 (거래ID, ATM_ID, 계좌ID, 연관거래ID, 거래유형, 거래금액, 수수료, 처리상태, 거래일시) VALUES (42, 11, 37, NULL, '입금', 600000, 0, '성공', '2024-02-29 20:28:33');
INSERT INTO 거래내역 (거래ID, ATM_ID, 계좌ID, 연관거래ID, 거래유형, 거래금액, 수수료, 처리상태, 거래일시) VALUES (43, 13, 74, NULL, '출금', 420000, 1000, '성공', '2024-03-01 03:15:25');
INSERT INTO 거래내역 (거래ID, ATM_ID, 계좌ID, 연관거래ID, 거래유형, 거래금액, 수수료, 처리상태, 거래일시) VALUES (44, 19, 30, NULL, '출금', 480000, 0, '실패', '2024-03-06 17:20:22');
INSERT INTO 거래내역 (거래ID, ATM_ID, 계좌ID, 연관거래ID, 거래유형, 거래금액, 수수료, 처리상태, 거래일시) VALUES (45, 16, 89, NULL, '입금', 900000, 0, '성공', '2024-03-06 19:42:11');
INSERT INTO 거래내역 (거래ID, ATM_ID, 계좌ID, 연관거래ID, 거래유형, 거래금액, 수수료, 처리상태, 거래일시) VALUES (46, 25, 89, NULL, '출금', 460000, 0, '성공', '2024-03-07 20:01:29');
INSERT INTO 거래내역 (거래ID, ATM_ID, 계좌ID, 연관거래ID, 거래유형, 거래금액, 수수료, 처리상태, 거래일시) VALUES (47, 10, 5, NULL, '출금', 230000, 1000, '성공', '2024-03-10 12:33:13');
INSERT INTO 거래내역 (거래ID, ATM_ID, 계좌ID, 연관거래ID, 거래유형, 거래금액, 수수료, 처리상태, 거래일시) VALUES (48, 29, 75, NULL, '입금', 890000, 0, '성공', '2024-03-11 14:53:47');
INSERT INTO 거래내역 (거래ID, ATM_ID, 계좌ID, 연관거래ID, 거래유형, 거래금액, 수수료, 처리상태, 거래일시) VALUES (49, 27, 56, NULL, '입금', 750000, 0, '성공', '2024-03-15 01:38:56');
INSERT INTO 거래내역 (거래ID, ATM_ID, 계좌ID, 연관거래ID, 거래유형, 거래금액, 수수료, 처리상태, 거래일시) VALUES (50, 29, 64, NULL, '입금', 920000, 0, '성공', '2024-03-16 02:59:12');
INSERT INTO 거래내역 (거래ID, ATM_ID, 계좌ID, 연관거래ID, 거래유형, 거래금액, 수수료, 처리상태, 거래일시) VALUES (51, 16, 105, NULL, '출금', 370000, 0, '성공', '2024-03-16 04:33:46');
INSERT INTO 거래내역 (거래ID, ATM_ID, 계좌ID, 연관거래ID, 거래유형, 거래금액, 수수료, 처리상태, 거래일시) VALUES (52, 18, 70, NULL, '입금', 60000, 0, '성공', '2024-03-17 10:12:29');
INSERT INTO 거래내역 (거래ID, ATM_ID, 계좌ID, 연관거래ID, 거래유형, 거래금액, 수수료, 처리상태, 거래일시) VALUES (53, 14, 114, NULL, '출금', 490000, 1000, '성공', '2024-03-19 20:53:45');
INSERT INTO 거래내역 (거래ID, ATM_ID, 계좌ID, 연관거래ID, 거래유형, 거래금액, 수수료, 처리상태, 거래일시) VALUES (54, 14, 133, NULL, '출금', 190000, 1000, '성공', '2024-03-21 09:07:27');
INSERT INTO 거래내역 (거래ID, ATM_ID, 계좌ID, 연관거래ID, 거래유형, 거래금액, 수수료, 처리상태, 거래일시) VALUES (55, 2, 74, NULL, '출금', 460000, 1000, '성공', '2024-03-21 12:36:38');
INSERT INTO 거래내역 (거래ID, ATM_ID, 계좌ID, 연관거래ID, 거래유형, 거래금액, 수수료, 처리상태, 거래일시) VALUES (56, 15, 36, NULL, '입금', 890000, 0, '성공', '2024-03-21 18:13:59');
INSERT INTO 거래내역 (거래ID, ATM_ID, 계좌ID, 연관거래ID, 거래유형, 거래금액, 수수료, 처리상태, 거래일시) VALUES (57, 11, 83, NULL, '출금', 70000, 0, '실패', '2024-03-22 11:56:21');
INSERT INTO 거래내역 (거래ID, ATM_ID, 계좌ID, 연관거래ID, 거래유형, 거래금액, 수수료, 처리상태, 거래일시) VALUES (58, 23, 39, NULL, '출금', 220000, 1000, '성공', '2024-03-24 21:13:00');
INSERT INTO 거래내역 (거래ID, ATM_ID, 계좌ID, 연관거래ID, 거래유형, 거래금액, 수수료, 처리상태, 거래일시) VALUES (59, 14, 133, NULL, '출금', 180000, 1000, '성공', '2024-03-25 15:27:20');
INSERT INTO 거래내역 (거래ID, ATM_ID, 계좌ID, 연관거래ID, 거래유형, 거래금액, 수수료, 처리상태, 거래일시) VALUES (60, 26, 109, 61, '이체(출금)', 130000, 0, '성공', '2024-03-25 23:19:16');
INSERT INTO 거래내역 (거래ID, ATM_ID, 계좌ID, 연관거래ID, 거래유형, 거래금액, 수수료, 처리상태, 거래일시) VALUES (61, 26, 139, 60, '이체(입금)', 130000, 0, '성공', '2024-03-25 23:19:16');
INSERT INTO 거래내역 (거래ID, ATM_ID, 계좌ID, 연관거래ID, 거래유형, 거래금액, 수수료, 처리상태, 거래일시) VALUES (62, 29, 88, NULL, '출금', 460000, 1000, '성공', '2024-03-27 18:22:12');
INSERT INTO 거래내역 (거래ID, ATM_ID, 계좌ID, 연관거래ID, 거래유형, 거래금액, 수수료, 처리상태, 거래일시) VALUES (63, 16, 100, NULL, '입금', 1000000, 0, '성공', '2024-03-27 20:22:19');
INSERT INTO 거래내역 (거래ID, ATM_ID, 계좌ID, 연관거래ID, 거래유형, 거래금액, 수수료, 처리상태, 거래일시) VALUES (64, 3, 24, NULL, '출금', 60000, 0, '성공', '2024-04-05 15:43:26');
INSERT INTO 거래내역 (거래ID, ATM_ID, 계좌ID, 연관거래ID, 거래유형, 거래금액, 수수료, 처리상태, 거래일시) VALUES (65, 25, 132, 66, '이체(출금)', 270000, 1000, '성공', '2024-04-07 04:56:11');
INSERT INTO 거래내역 (거래ID, ATM_ID, 계좌ID, 연관거래ID, 거래유형, 거래금액, 수수료, 처리상태, 거래일시) VALUES (66, 25, 106, 65, '이체(입금)', 270000, 0, '성공', '2024-04-07 04:56:11');
INSERT INTO 거래내역 (거래ID, ATM_ID, 계좌ID, 연관거래ID, 거래유형, 거래금액, 수수료, 처리상태, 거래일시) VALUES (67, 24, 85, NULL, '입금', 730000, 0, '성공', '2024-04-07 19:13:46');
INSERT INTO 거래내역 (거래ID, ATM_ID, 계좌ID, 연관거래ID, 거래유형, 거래금액, 수수료, 처리상태, 거래일시) VALUES (68, 29, 46, NULL, '입금', 140000, 0, '성공', '2024-04-08 19:05:32');
INSERT INTO 거래내역 (거래ID, ATM_ID, 계좌ID, 연관거래ID, 거래유형, 거래금액, 수수료, 처리상태, 거래일시) VALUES (69, 17, 64, NULL, '출금', 100000, 1000, '성공', '2024-04-09 01:50:32');
INSERT INTO 거래내역 (거래ID, ATM_ID, 계좌ID, 연관거래ID, 거래유형, 거래금액, 수수료, 처리상태, 거래일시) VALUES (70, 27, 89, NULL, '입금', 70000, 0, '성공', '2024-04-10 15:54:50');
INSERT INTO 거래내역 (거래ID, ATM_ID, 계좌ID, 연관거래ID, 거래유형, 거래금액, 수수료, 처리상태, 거래일시) VALUES (71, 19, 128, NULL, '입금', 600000, 0, '성공', '2024-04-10 17:05:37');
INSERT INTO 거래내역 (거래ID, ATM_ID, 계좌ID, 연관거래ID, 거래유형, 거래금액, 수수료, 처리상태, 거래일시) VALUES (72, 24, 60, NULL, '출금', 40000, 0, '성공', '2024-04-12 15:02:52');
INSERT INTO 거래내역 (거래ID, ATM_ID, 계좌ID, 연관거래ID, 거래유형, 거래금액, 수수료, 처리상태, 거래일시) VALUES (73, 5, 20, NULL, '출금', 190000, 1000, '성공', '2024-04-13 18:29:03');
INSERT INTO 거래내역 (거래ID, ATM_ID, 계좌ID, 연관거래ID, 거래유형, 거래금액, 수수료, 처리상태, 거래일시) VALUES (74, 27, 38, NULL, '출금', 160000, 0, '성공', '2024-04-15 05:19:54');
INSERT INTO 거래내역 (거래ID, ATM_ID, 계좌ID, 연관거래ID, 거래유형, 거래금액, 수수료, 처리상태, 거래일시) VALUES (75, 18, 96, NULL, '출금', 360000, 1000, '성공', '2024-04-15 18:47:01');
INSERT INTO 거래내역 (거래ID, ATM_ID, 계좌ID, 연관거래ID, 거래유형, 거래금액, 수수료, 처리상태, 거래일시) VALUES (76, 11, 80, NULL, '출금', 230000, 0, '성공', '2024-04-16 21:02:28');
INSERT INTO 거래내역 (거래ID, ATM_ID, 계좌ID, 연관거래ID, 거래유형, 거래금액, 수수료, 처리상태, 거래일시) VALUES (77, 23, 51, NULL, '입금', 590000, 0, '성공', '2024-04-19 04:55:58');
INSERT INTO 거래내역 (거래ID, ATM_ID, 계좌ID, 연관거래ID, 거래유형, 거래금액, 수수료, 처리상태, 거래일시) VALUES (78, 1, 88, NULL, '입금', 830000, 0, '성공', '2024-04-21 05:59:02');
INSERT INTO 거래내역 (거래ID, ATM_ID, 계좌ID, 연관거래ID, 거래유형, 거래금액, 수수료, 처리상태, 거래일시) VALUES (79, 24, 118, NULL, '출금', 50000, 1000, '성공', '2024-04-23 18:11:53');
INSERT INTO 거래내역 (거래ID, ATM_ID, 계좌ID, 연관거래ID, 거래유형, 거래금액, 수수료, 처리상태, 거래일시) VALUES (80, 18, 62, 81, '이체(출금)', 130000, 0, '성공', '2024-04-25 08:46:39');
INSERT INTO 거래내역 (거래ID, ATM_ID, 계좌ID, 연관거래ID, 거래유형, 거래금액, 수수료, 처리상태, 거래일시) VALUES (81, 18, 129, 80, '이체(입금)', 130000, 0, '성공', '2024-04-25 08:46:39');
INSERT INTO 거래내역 (거래ID, ATM_ID, 계좌ID, 연관거래ID, 거래유형, 거래금액, 수수료, 처리상태, 거래일시) VALUES (82, 24, 72, NULL, '출금', 160000, 1000, '성공', '2024-04-26 00:56:36');
INSERT INTO 거래내역 (거래ID, ATM_ID, 계좌ID, 연관거래ID, 거래유형, 거래금액, 수수료, 처리상태, 거래일시) VALUES (83, 13, 51, NULL, '입금', 590000, 0, '성공', '2024-04-26 09:33:07');
INSERT INTO 거래내역 (거래ID, ATM_ID, 계좌ID, 연관거래ID, 거래유형, 거래금액, 수수료, 처리상태, 거래일시) VALUES (84, 3, 131, NULL, '출금', 410000, 0, '성공', '2024-04-26 19:19:07');
INSERT INTO 거래내역 (거래ID, ATM_ID, 계좌ID, 연관거래ID, 거래유형, 거래금액, 수수료, 처리상태, 거래일시) VALUES (85, 30, 101, NULL, '입금', 470000, 0, '성공', '2024-04-26 20:31:45');
INSERT INTO 거래내역 (거래ID, ATM_ID, 계좌ID, 연관거래ID, 거래유형, 거래금액, 수수료, 처리상태, 거래일시) VALUES (86, 25, 35, NULL, '입금', 410000, 0, '성공', '2024-04-30 08:41:10');
INSERT INTO 거래내역 (거래ID, ATM_ID, 계좌ID, 연관거래ID, 거래유형, 거래금액, 수수료, 처리상태, 거래일시) VALUES (87, 26, 80, NULL, '출금', 450000, 1000, '성공', '2024-04-30 23:15:17');
INSERT INTO 거래내역 (거래ID, ATM_ID, 계좌ID, 연관거래ID, 거래유형, 거래금액, 수수료, 처리상태, 거래일시) VALUES (88, 13, 62, NULL, '출금', 300000, 1000, '성공', '2024-05-05 09:44:18');
INSERT INTO 거래내역 (거래ID, ATM_ID, 계좌ID, 연관거래ID, 거래유형, 거래금액, 수수료, 처리상태, 거래일시) VALUES (89, 5, 26, 90, '이체(출금)', 250000, 0, '성공', '2024-05-06 21:27:56');
INSERT INTO 거래내역 (거래ID, ATM_ID, 계좌ID, 연관거래ID, 거래유형, 거래금액, 수수료, 처리상태, 거래일시) VALUES (90, 5, 100, 89, '이체(입금)', 250000, 0, '성공', '2024-05-06 21:27:56');
INSERT INTO 거래내역 (거래ID, ATM_ID, 계좌ID, 연관거래ID, 거래유형, 거래금액, 수수료, 처리상태, 거래일시) VALUES (91, 24, 85, NULL, '출금', 180000, 0, '실패', '2024-05-07 13:23:57');
INSERT INTO 거래내역 (거래ID, ATM_ID, 계좌ID, 연관거래ID, 거래유형, 거래금액, 수수료, 처리상태, 거래일시) VALUES (92, 8, 142, NULL, '출금', 180000, 0, '실패', '2024-05-08 22:45:22');
INSERT INTO 거래내역 (거래ID, ATM_ID, 계좌ID, 연관거래ID, 거래유형, 거래금액, 수수료, 처리상태, 거래일시) VALUES (93, 7, 68, NULL, '출금', 40000, 1000, '성공', '2024-05-09 15:19:36');
INSERT INTO 거래내역 (거래ID, ATM_ID, 계좌ID, 연관거래ID, 거래유형, 거래금액, 수수료, 처리상태, 거래일시) VALUES (94, 27, 111, NULL, '출금', 120000, 1000, '성공', '2024-05-12 13:50:34');
INSERT INTO 거래내역 (거래ID, ATM_ID, 계좌ID, 연관거래ID, 거래유형, 거래금액, 수수료, 처리상태, 거래일시) VALUES (95, 22, 47, NULL, '출금', 500000, 1000, '성공', '2024-05-12 15:45:04');
INSERT INTO 거래내역 (거래ID, ATM_ID, 계좌ID, 연관거래ID, 거래유형, 거래금액, 수수료, 처리상태, 거래일시) VALUES (96, 28, 70, NULL, '입금', 140000, 0, '성공', '2024-05-15 03:10:42');
INSERT INTO 거래내역 (거래ID, ATM_ID, 계좌ID, 연관거래ID, 거래유형, 거래금액, 수수료, 처리상태, 거래일시) VALUES (97, 28, 98, 98, '이체(출금)', 270000, 1000, '성공', '2024-05-16 23:21:32');
INSERT INTO 거래내역 (거래ID, ATM_ID, 계좌ID, 연관거래ID, 거래유형, 거래금액, 수수료, 처리상태, 거래일시) VALUES (98, 28, 37, 97, '이체(입금)', 270000, 0, '성공', '2024-05-16 23:21:32');
INSERT INTO 거래내역 (거래ID, ATM_ID, 계좌ID, 연관거래ID, 거래유형, 거래금액, 수수료, 처리상태, 거래일시) VALUES (99, 16, 47, NULL, '입금', 990000, 0, '성공', '2024-05-18 23:21:25');
INSERT INTO 거래내역 (거래ID, ATM_ID, 계좌ID, 연관거래ID, 거래유형, 거래금액, 수수료, 처리상태, 거래일시) VALUES (100, 14, 3, NULL, '입금', 630000, 0, '성공', '2024-05-19 07:06:15');
INSERT INTO 거래내역 (거래ID, ATM_ID, 계좌ID, 연관거래ID, 거래유형, 거래금액, 수수료, 처리상태, 거래일시) VALUES (101, 8, 78, NULL, '출금', 140000, 1000, '성공', '2024-05-20 09:18:11');
INSERT INTO 거래내역 (거래ID, ATM_ID, 계좌ID, 연관거래ID, 거래유형, 거래금액, 수수료, 처리상태, 거래일시) VALUES (102, 27, 16, NULL, '출금', 460000, 0, '성공', '2024-05-21 18:53:04');
INSERT INTO 거래내역 (거래ID, ATM_ID, 계좌ID, 연관거래ID, 거래유형, 거래금액, 수수료, 처리상태, 거래일시) VALUES (103, 7, 110, 104, '이체(출금)', 200000, 1000, '성공', '2024-05-22 07:31:22');
INSERT INTO 거래내역 (거래ID, ATM_ID, 계좌ID, 연관거래ID, 거래유형, 거래금액, 수수료, 처리상태, 거래일시) VALUES (104, 7, 53, 103, '이체(입금)', 200000, 0, '성공', '2024-05-22 07:31:22');
INSERT INTO 거래내역 (거래ID, ATM_ID, 계좌ID, 연관거래ID, 거래유형, 거래금액, 수수료, 처리상태, 거래일시) VALUES (105, 30, 121, NULL, '출금', 450000, 0, '성공', '2024-05-22 17:04:47');
INSERT INTO 거래내역 (거래ID, ATM_ID, 계좌ID, 연관거래ID, 거래유형, 거래금액, 수수료, 처리상태, 거래일시) VALUES (106, 16, 90, 107, '이체(출금)', 110000, 0, '성공', '2024-05-23 09:01:17');
INSERT INTO 거래내역 (거래ID, ATM_ID, 계좌ID, 연관거래ID, 거래유형, 거래금액, 수수료, 처리상태, 거래일시) VALUES (107, 16, 71, 106, '이체(입금)', 110000, 0, '성공', '2024-05-23 09:01:17');
INSERT INTO 거래내역 (거래ID, ATM_ID, 계좌ID, 연관거래ID, 거래유형, 거래금액, 수수료, 처리상태, 거래일시) VALUES (108, 15, 25, NULL, '출금', 120000, 0, '성공', '2024-05-23 17:23:00');
INSERT INTO 거래내역 (거래ID, ATM_ID, 계좌ID, 연관거래ID, 거래유형, 거래금액, 수수료, 처리상태, 거래일시) VALUES (109, 22, 62, NULL, '출금', 460000, 0, '성공', '2024-05-27 10:36:17');
INSERT INTO 거래내역 (거래ID, ATM_ID, 계좌ID, 연관거래ID, 거래유형, 거래금액, 수수료, 처리상태, 거래일시) VALUES (110, 8, 88, NULL, '출금', 390000, 0, '성공', '2024-05-27 11:22:50');
INSERT INTO 거래내역 (거래ID, ATM_ID, 계좌ID, 연관거래ID, 거래유형, 거래금액, 수수료, 처리상태, 거래일시) VALUES (111, 15, 102, NULL, '출금', 230000, 0, '성공', '2024-05-29 10:34:30');
INSERT INTO 거래내역 (거래ID, ATM_ID, 계좌ID, 연관거래ID, 거래유형, 거래금액, 수수료, 처리상태, 거래일시) VALUES (112, 3, 83, NULL, '출금', 390000, 0, '성공', '2024-05-31 02:23:29');
INSERT INTO 거래내역 (거래ID, ATM_ID, 계좌ID, 연관거래ID, 거래유형, 거래금액, 수수료, 처리상태, 거래일시) VALUES (113, 5, 60, NULL, '입금', 90000, 0, '실패', '2024-06-03 00:19:58');
INSERT INTO 거래내역 (거래ID, ATM_ID, 계좌ID, 연관거래ID, 거래유형, 거래금액, 수수료, 처리상태, 거래일시) VALUES (114, 27, 107, NULL, '입금', 380000, 0, '성공', '2024-06-05 07:08:35');
INSERT INTO 거래내역 (거래ID, ATM_ID, 계좌ID, 연관거래ID, 거래유형, 거래금액, 수수료, 처리상태, 거래일시) VALUES (115, 25, 66, NULL, '출금', 240000, 0, '실패', '2024-06-05 17:16:03');
INSERT INTO 거래내역 (거래ID, ATM_ID, 계좌ID, 연관거래ID, 거래유형, 거래금액, 수수료, 처리상태, 거래일시) VALUES (116, 9, 65, NULL, '입금', 850000, 0, '실패', '2024-06-06 15:24:20');
INSERT INTO 거래내역 (거래ID, ATM_ID, 계좌ID, 연관거래ID, 거래유형, 거래금액, 수수료, 처리상태, 거래일시) VALUES (117, 1, 118, 118, '이체(출금)', 40000, 0, '성공', '2024-06-10 16:04:00');
INSERT INTO 거래내역 (거래ID, ATM_ID, 계좌ID, 연관거래ID, 거래유형, 거래금액, 수수료, 처리상태, 거래일시) VALUES (118, 1, 117, 117, '이체(입금)', 40000, 0, '성공', '2024-06-10 16:04:00');
INSERT INTO 거래내역 (거래ID, ATM_ID, 계좌ID, 연관거래ID, 거래유형, 거래금액, 수수료, 처리상태, 거래일시) VALUES (119, 3, 14, NULL, '출금', 100000, 0, '성공', '2024-06-10 22:29:41');
INSERT INTO 거래내역 (거래ID, ATM_ID, 계좌ID, 연관거래ID, 거래유형, 거래금액, 수수료, 처리상태, 거래일시) VALUES (120, 20, 75, NULL, '출금', 200000, 0, '성공', '2024-06-10 23:13:04');
INSERT INTO 거래내역 (거래ID, ATM_ID, 계좌ID, 연관거래ID, 거래유형, 거래금액, 수수료, 처리상태, 거래일시) VALUES (121, 4, 73, NULL, '출금', 60000, 1000, '성공', '2024-06-13 09:55:55');
INSERT INTO 거래내역 (거래ID, ATM_ID, 계좌ID, 연관거래ID, 거래유형, 거래금액, 수수료, 처리상태, 거래일시) VALUES (122, 19, 136, NULL, '출금', 270000, 1000, '성공', '2024-06-14 07:16:14');
INSERT INTO 거래내역 (거래ID, ATM_ID, 계좌ID, 연관거래ID, 거래유형, 거래금액, 수수료, 처리상태, 거래일시) VALUES (123, 23, 97, NULL, '출금', 100000, 0, '성공', '2024-06-15 06:35:03');
INSERT INTO 거래내역 (거래ID, ATM_ID, 계좌ID, 연관거래ID, 거래유형, 거래금액, 수수료, 처리상태, 거래일시) VALUES (124, 26, 114, NULL, '입금', 630000, 0, '성공', '2024-06-20 03:00:35');
INSERT INTO 거래내역 (거래ID, ATM_ID, 계좌ID, 연관거래ID, 거래유형, 거래금액, 수수료, 처리상태, 거래일시) VALUES (125, 18, 38, NULL, '입금', 90000, 0, '성공', '2024-06-20 15:49:33');
INSERT INTO 거래내역 (거래ID, ATM_ID, 계좌ID, 연관거래ID, 거래유형, 거래금액, 수수료, 처리상태, 거래일시) VALUES (126, 19, 97, NULL, '출금', 210000, 0, '성공', '2024-06-26 16:44:09');
INSERT INTO 거래내역 (거래ID, ATM_ID, 계좌ID, 연관거래ID, 거래유형, 거래금액, 수수료, 처리상태, 거래일시) VALUES (127, 27, 63, NULL, '입금', 670000, 0, '성공', '2024-06-27 20:05:39');
INSERT INTO 거래내역 (거래ID, ATM_ID, 계좌ID, 연관거래ID, 거래유형, 거래금액, 수수료, 처리상태, 거래일시) VALUES (128, 5, 90, NULL, '입금', 160000, 0, '성공', '2024-07-01 19:33:39');
INSERT INTO 거래내역 (거래ID, ATM_ID, 계좌ID, 연관거래ID, 거래유형, 거래금액, 수수료, 처리상태, 거래일시) VALUES (129, 30, 69, NULL, '출금', 20000, 1000, '성공', '2024-07-03 09:56:58');
INSERT INTO 거래내역 (거래ID, ATM_ID, 계좌ID, 연관거래ID, 거래유형, 거래금액, 수수료, 처리상태, 거래일시) VALUES (130, 3, 111, NULL, '출금', 390000, 0, '성공', '2024-07-03 19:51:36');
INSERT INTO 거래내역 (거래ID, ATM_ID, 계좌ID, 연관거래ID, 거래유형, 거래금액, 수수료, 처리상태, 거래일시) VALUES (131, 26, 123, NULL, '출금', 410000, 1000, '성공', '2024-07-05 04:54:35');
INSERT INTO 거래내역 (거래ID, ATM_ID, 계좌ID, 연관거래ID, 거래유형, 거래금액, 수수료, 처리상태, 거래일시) VALUES (132, 9, 104, NULL, '입금', 810000, 0, '성공', '2024-07-07 06:47:10');
INSERT INTO 거래내역 (거래ID, ATM_ID, 계좌ID, 연관거래ID, 거래유형, 거래금액, 수수료, 처리상태, 거래일시) VALUES (133, 5, 140, NULL, '입금', 630000, 0, '성공', '2024-07-07 19:44:18');
INSERT INTO 거래내역 (거래ID, ATM_ID, 계좌ID, 연관거래ID, 거래유형, 거래금액, 수수료, 처리상태, 거래일시) VALUES (134, 22, 99, NULL, '입금', 550000, 0, '성공', '2024-07-09 17:43:08');
INSERT INTO 거래내역 (거래ID, ATM_ID, 계좌ID, 연관거래ID, 거래유형, 거래금액, 수수료, 처리상태, 거래일시) VALUES (135, 22, 27, NULL, '입금', 690000, 0, '성공', '2024-07-10 13:19:05');
INSERT INTO 거래내역 (거래ID, ATM_ID, 계좌ID, 연관거래ID, 거래유형, 거래금액, 수수료, 처리상태, 거래일시) VALUES (136, 25, 11, NULL, '입금', 100000, 0, '성공', '2024-07-11 21:23:35');
INSERT INTO 거래내역 (거래ID, ATM_ID, 계좌ID, 연관거래ID, 거래유형, 거래금액, 수수료, 처리상태, 거래일시) VALUES (137, 19, 120, NULL, '출금', 180000, 0, '성공', '2024-07-16 04:06:04');
INSERT INTO 거래내역 (거래ID, ATM_ID, 계좌ID, 연관거래ID, 거래유형, 거래금액, 수수료, 처리상태, 거래일시) VALUES (138, 18, 123, NULL, '출금', 420000, 1000, '성공', '2024-07-23 10:27:29');
INSERT INTO 거래내역 (거래ID, ATM_ID, 계좌ID, 연관거래ID, 거래유형, 거래금액, 수수료, 처리상태, 거래일시) VALUES (139, 2, 141, NULL, '출금', 330000, 0, '성공', '2024-07-26 20:51:05');
INSERT INTO 거래내역 (거래ID, ATM_ID, 계좌ID, 연관거래ID, 거래유형, 거래금액, 수수료, 처리상태, 거래일시) VALUES (140, 19, 21, 141, '이체(출금)', 300000, 0, '성공', '2024-07-27 05:39:25');
INSERT INTO 거래내역 (거래ID, ATM_ID, 계좌ID, 연관거래ID, 거래유형, 거래금액, 수수료, 처리상태, 거래일시) VALUES (141, 19, 139, 140, '이체(입금)', 300000, 0, '성공', '2024-07-27 05:39:25');
INSERT INTO 거래내역 (거래ID, ATM_ID, 계좌ID, 연관거래ID, 거래유형, 거래금액, 수수료, 처리상태, 거래일시) VALUES (142, 15, 63, NULL, '입금', 330000, 0, '성공', '2024-07-27 12:01:28');
INSERT INTO 거래내역 (거래ID, ATM_ID, 계좌ID, 연관거래ID, 거래유형, 거래금액, 수수료, 처리상태, 거래일시) VALUES (143, 17, 30, NULL, '입금', 880000, 0, '성공', '2024-07-29 21:13:54');
INSERT INTO 거래내역 (거래ID, ATM_ID, 계좌ID, 연관거래ID, 거래유형, 거래금액, 수수료, 처리상태, 거래일시) VALUES (144, 23, 5, NULL, '입금', 310000, 0, '성공', '2024-07-30 02:26:59');
INSERT INTO 거래내역 (거래ID, ATM_ID, 계좌ID, 연관거래ID, 거래유형, 거래금액, 수수료, 처리상태, 거래일시) VALUES (145, 11, 74, NULL, '출금', 460000, 1000, '성공', '2024-07-31 17:48:14');
INSERT INTO 거래내역 (거래ID, ATM_ID, 계좌ID, 연관거래ID, 거래유형, 거래금액, 수수료, 처리상태, 거래일시) VALUES (146, 1, 119, NULL, '입금', 910000, 0, '성공', '2024-08-02 15:57:49');
INSERT INTO 거래내역 (거래ID, ATM_ID, 계좌ID, 연관거래ID, 거래유형, 거래금액, 수수료, 처리상태, 거래일시) VALUES (147, 13, 78, NULL, '입금', 20000, 0, '성공', '2024-08-04 06:55:06');
INSERT INTO 거래내역 (거래ID, ATM_ID, 계좌ID, 연관거래ID, 거래유형, 거래금액, 수수료, 처리상태, 거래일시) VALUES (148, 14, 113, 149, '이체(출금)', 240000, 0, '성공', '2024-08-06 22:52:03');
INSERT INTO 거래내역 (거래ID, ATM_ID, 계좌ID, 연관거래ID, 거래유형, 거래금액, 수수료, 처리상태, 거래일시) VALUES (149, 14, 39, 148, '이체(입금)', 240000, 0, '성공', '2024-08-06 22:52:03');
INSERT INTO 거래내역 (거래ID, ATM_ID, 계좌ID, 연관거래ID, 거래유형, 거래금액, 수수료, 처리상태, 거래일시) VALUES (150, 14, 80, NULL, '출금', 120000, 0, '성공', '2024-08-07 12:26:31');
INSERT INTO 거래내역 (거래ID, ATM_ID, 계좌ID, 연관거래ID, 거래유형, 거래금액, 수수료, 처리상태, 거래일시) VALUES (151, 1, 18, 152, '이체(출금)', 90000, 1000, '성공', '2024-08-08 01:27:00');
INSERT INTO 거래내역 (거래ID, ATM_ID, 계좌ID, 연관거래ID, 거래유형, 거래금액, 수수료, 처리상태, 거래일시) VALUES (152, 1, 16, 151, '이체(입금)', 90000, 0, '성공', '2024-08-08 01:27:00');
INSERT INTO 거래내역 (거래ID, ATM_ID, 계좌ID, 연관거래ID, 거래유형, 거래금액, 수수료, 처리상태, 거래일시) VALUES (153, 28, 138, NULL, '출금', 430000, 1000, '성공', '2024-08-11 09:00:35');
INSERT INTO 거래내역 (거래ID, ATM_ID, 계좌ID, 연관거래ID, 거래유형, 거래금액, 수수료, 처리상태, 거래일시) VALUES (154, 22, 8, NULL, '입금', 980000, 0, '성공', '2024-08-13 10:38:04');
INSERT INTO 거래내역 (거래ID, ATM_ID, 계좌ID, 연관거래ID, 거래유형, 거래금액, 수수료, 처리상태, 거래일시) VALUES (155, 16, 12, NULL, '입금', 730000, 0, '성공', '2024-08-14 05:18:46');
INSERT INTO 거래내역 (거래ID, ATM_ID, 계좌ID, 연관거래ID, 거래유형, 거래금액, 수수료, 처리상태, 거래일시) VALUES (156, 11, 95, NULL, '출금', 400000, 0, '성공', '2024-08-14 07:58:41');
INSERT INTO 거래내역 (거래ID, ATM_ID, 계좌ID, 연관거래ID, 거래유형, 거래금액, 수수료, 처리상태, 거래일시) VALUES (157, 15, 136, NULL, '입금', 170000, 0, '성공', '2024-08-16 00:07:35');
INSERT INTO 거래내역 (거래ID, ATM_ID, 계좌ID, 연관거래ID, 거래유형, 거래금액, 수수료, 처리상태, 거래일시) VALUES (158, 15, 21, NULL, '출금', 240000, 1000, '성공', '2024-08-17 01:01:34');
INSERT INTO 거래내역 (거래ID, ATM_ID, 계좌ID, 연관거래ID, 거래유형, 거래금액, 수수료, 처리상태, 거래일시) VALUES (159, 7, 93, NULL, '출금', 330000, 1000, '성공', '2024-08-17 04:25:07');
INSERT INTO 거래내역 (거래ID, ATM_ID, 계좌ID, 연관거래ID, 거래유형, 거래금액, 수수료, 처리상태, 거래일시) VALUES (160, 28, 125, NULL, '출금', 130000, 0, '성공', '2024-08-19 05:00:30');
INSERT INTO 거래내역 (거래ID, ATM_ID, 계좌ID, 연관거래ID, 거래유형, 거래금액, 수수료, 처리상태, 거래일시) VALUES (161, 4, 72, NULL, '출금', 370000, 0, '성공', '2024-08-19 15:37:24');
INSERT INTO 거래내역 (거래ID, ATM_ID, 계좌ID, 연관거래ID, 거래유형, 거래금액, 수수료, 처리상태, 거래일시) VALUES (162, 5, 20, 163, '이체(출금)', 190000, 1000, '성공', '2024-08-19 18:54:44');
INSERT INTO 거래내역 (거래ID, ATM_ID, 계좌ID, 연관거래ID, 거래유형, 거래금액, 수수료, 처리상태, 거래일시) VALUES (163, 5, 115, 162, '이체(입금)', 190000, 0, '성공', '2024-08-19 18:54:44');
INSERT INTO 거래내역 (거래ID, ATM_ID, 계좌ID, 연관거래ID, 거래유형, 거래금액, 수수료, 처리상태, 거래일시) VALUES (164, 18, 34, 165, '이체(출금)', 30000, 0, '성공', '2024-08-22 13:56:49');
INSERT INTO 거래내역 (거래ID, ATM_ID, 계좌ID, 연관거래ID, 거래유형, 거래금액, 수수료, 처리상태, 거래일시) VALUES (165, 18, 23, 164, '이체(입금)', 30000, 0, '성공', '2024-08-22 13:56:49');
INSERT INTO 거래내역 (거래ID, ATM_ID, 계좌ID, 연관거래ID, 거래유형, 거래금액, 수수료, 처리상태, 거래일시) VALUES (166, 16, 137, NULL, '입금', 490000, 0, '성공', '2024-08-23 09:00:41');
INSERT INTO 거래내역 (거래ID, ATM_ID, 계좌ID, 연관거래ID, 거래유형, 거래금액, 수수료, 처리상태, 거래일시) VALUES (167, 2, 33, NULL, '출금', 50000, 1000, '성공', '2024-08-29 23:29:22');
INSERT INTO 거래내역 (거래ID, ATM_ID, 계좌ID, 연관거래ID, 거래유형, 거래금액, 수수료, 처리상태, 거래일시) VALUES (168, 28, 31, 169, '이체(출금)', 260000, 0, '성공', '2024-08-30 07:38:29');
INSERT INTO 거래내역 (거래ID, ATM_ID, 계좌ID, 연관거래ID, 거래유형, 거래금액, 수수료, 처리상태, 거래일시) VALUES (169, 28, 91, 168, '이체(입금)', 260000, 0, '성공', '2024-08-30 07:38:29');
INSERT INTO 거래내역 (거래ID, ATM_ID, 계좌ID, 연관거래ID, 거래유형, 거래금액, 수수료, 처리상태, 거래일시) VALUES (170, 16, 94, NULL, '출금', 440000, 1000, '성공', '2024-08-31 16:10:22');
INSERT INTO 거래내역 (거래ID, ATM_ID, 계좌ID, 연관거래ID, 거래유형, 거래금액, 수수료, 처리상태, 거래일시) VALUES (171, 11, 32, NULL, '출금', 40000, 0, '실패', '2024-09-01 15:17:07');
INSERT INTO 거래내역 (거래ID, ATM_ID, 계좌ID, 연관거래ID, 거래유형, 거래금액, 수수료, 처리상태, 거래일시) VALUES (172, 26, 53, NULL, '입금', 510000, 0, '성공', '2024-09-02 20:06:02');
INSERT INTO 거래내역 (거래ID, ATM_ID, 계좌ID, 연관거래ID, 거래유형, 거래금액, 수수료, 처리상태, 거래일시) VALUES (173, 15, 130, NULL, '출금', 300000, 0, '성공', '2024-09-03 07:49:59');
INSERT INTO 거래내역 (거래ID, ATM_ID, 계좌ID, 연관거래ID, 거래유형, 거래금액, 수수료, 처리상태, 거래일시) VALUES (174, 28, 138, NULL, '입금', 610000, 0, '성공', '2024-09-03 08:12:16');
INSERT INTO 거래내역 (거래ID, ATM_ID, 계좌ID, 연관거래ID, 거래유형, 거래금액, 수수료, 처리상태, 거래일시) VALUES (175, 11, 42, NULL, '입금', 730000, 0, '성공', '2024-09-03 20:37:57');
INSERT INTO 거래내역 (거래ID, ATM_ID, 계좌ID, 연관거래ID, 거래유형, 거래금액, 수수료, 처리상태, 거래일시) VALUES (176, 11, 78, NULL, '출금', 310000, 1000, '성공', '2024-09-07 14:47:07');
INSERT INTO 거래내역 (거래ID, ATM_ID, 계좌ID, 연관거래ID, 거래유형, 거래금액, 수수료, 처리상태, 거래일시) VALUES (177, 24, 45, NULL, '출금', 30000, 0, '실패', '2024-09-10 15:56:17');
INSERT INTO 거래내역 (거래ID, ATM_ID, 계좌ID, 연관거래ID, 거래유형, 거래금액, 수수료, 처리상태, 거래일시) VALUES (178, 23, 22, NULL, '입금', 140000, 0, '성공', '2024-09-11 23:56:33');
INSERT INTO 거래내역 (거래ID, ATM_ID, 계좌ID, 연관거래ID, 거래유형, 거래금액, 수수료, 처리상태, 거래일시) VALUES (179, 5, 34, NULL, '출금', 350000, 1000, '성공', '2024-09-13 06:21:11');
INSERT INTO 거래내역 (거래ID, ATM_ID, 계좌ID, 연관거래ID, 거래유형, 거래금액, 수수료, 처리상태, 거래일시) VALUES (180, 20, 99, NULL, '출금', 190000, 1000, '성공', '2024-09-15 23:54:17');
INSERT INTO 거래내역 (거래ID, ATM_ID, 계좌ID, 연관거래ID, 거래유형, 거래금액, 수수료, 처리상태, 거래일시) VALUES (181, 27, 6, NULL, '입금', 510000, 0, '성공', '2024-09-17 00:06:35');
INSERT INTO 거래내역 (거래ID, ATM_ID, 계좌ID, 연관거래ID, 거래유형, 거래금액, 수수료, 처리상태, 거래일시) VALUES (182, 4, 3, NULL, '입금', 130000, 0, '성공', '2024-09-21 08:04:58');
INSERT INTO 거래내역 (거래ID, ATM_ID, 계좌ID, 연관거래ID, 거래유형, 거래금액, 수수료, 처리상태, 거래일시) VALUES (183, 20, 31, NULL, '출금', 170000, 0, '성공', '2024-09-23 16:14:53');
INSERT INTO 거래내역 (거래ID, ATM_ID, 계좌ID, 연관거래ID, 거래유형, 거래금액, 수수료, 처리상태, 거래일시) VALUES (184, 24, 92, NULL, '입금', 400000, 0, '성공', '2024-09-24 13:05:39');
INSERT INTO 거래내역 (거래ID, ATM_ID, 계좌ID, 연관거래ID, 거래유형, 거래금액, 수수료, 처리상태, 거래일시) VALUES (185, 13, 64, NULL, '출금', 10000, 0, '성공', '2024-09-24 13:57:55');
INSERT INTO 거래내역 (거래ID, ATM_ID, 계좌ID, 연관거래ID, 거래유형, 거래금액, 수수료, 처리상태, 거래일시) VALUES (186, 4, 111, NULL, '출금', 90000, 0, '성공', '2024-09-27 13:19:03');
INSERT INTO 거래내역 (거래ID, ATM_ID, 계좌ID, 연관거래ID, 거래유형, 거래금액, 수수료, 처리상태, 거래일시) VALUES (187, 9, 115, NULL, '출금', 490000, 1000, '성공', '2024-09-30 12:00:04');
INSERT INTO 거래내역 (거래ID, ATM_ID, 계좌ID, 연관거래ID, 거래유형, 거래금액, 수수료, 처리상태, 거래일시) VALUES (188, 20, 49, NULL, '입금', 70000, 0, '성공', '2024-10-01 13:43:56');
INSERT INTO 거래내역 (거래ID, ATM_ID, 계좌ID, 연관거래ID, 거래유형, 거래금액, 수수료, 처리상태, 거래일시) VALUES (189, 22, 29, 190, '이체(출금)', 40000, 1000, '성공', '2024-10-01 19:46:26');
INSERT INTO 거래내역 (거래ID, ATM_ID, 계좌ID, 연관거래ID, 거래유형, 거래금액, 수수료, 처리상태, 거래일시) VALUES (190, 22, 95, 189, '이체(입금)', 40000, 0, '성공', '2024-10-01 19:46:26');
INSERT INTO 거래내역 (거래ID, ATM_ID, 계좌ID, 연관거래ID, 거래유형, 거래금액, 수수료, 처리상태, 거래일시) VALUES (191, 18, 114, NULL, '출금', 270000, 0, '성공', '2024-10-06 07:50:55');
INSERT INTO 거래내역 (거래ID, ATM_ID, 계좌ID, 연관거래ID, 거래유형, 거래금액, 수수료, 처리상태, 거래일시) VALUES (192, 1, 136, NULL, '입금', 930000, 0, '성공', '2024-10-08 19:30:20');
INSERT INTO 거래내역 (거래ID, ATM_ID, 계좌ID, 연관거래ID, 거래유형, 거래금액, 수수료, 처리상태, 거래일시) VALUES (193, 17, 89, NULL, '입금', 200000, 0, '성공', '2024-10-09 06:51:44');
INSERT INTO 거래내역 (거래ID, ATM_ID, 계좌ID, 연관거래ID, 거래유형, 거래금액, 수수료, 처리상태, 거래일시) VALUES (194, 23, 138, 195, '이체(출금)', 50000, 1000, '성공', '2024-10-11 03:02:37');
INSERT INTO 거래내역 (거래ID, ATM_ID, 계좌ID, 연관거래ID, 거래유형, 거래금액, 수수료, 처리상태, 거래일시) VALUES (195, 23, 80, 194, '이체(입금)', 50000, 0, '성공', '2024-10-11 03:02:37');
INSERT INTO 거래내역 (거래ID, ATM_ID, 계좌ID, 연관거래ID, 거래유형, 거래금액, 수수료, 처리상태, 거래일시) VALUES (196, 1, 55, NULL, '입금', 270000, 0, '성공', '2024-10-12 02:16:40');
INSERT INTO 거래내역 (거래ID, ATM_ID, 계좌ID, 연관거래ID, 거래유형, 거래금액, 수수료, 처리상태, 거래일시) VALUES (197, 14, 113, NULL, '출금', 300000, 0, '성공', '2024-10-15 13:54:12');
INSERT INTO 거래내역 (거래ID, ATM_ID, 계좌ID, 연관거래ID, 거래유형, 거래금액, 수수료, 처리상태, 거래일시) VALUES (198, 22, 28, NULL, '출금', 220000, 0, '실패', '2024-10-18 16:32:32');
INSERT INTO 거래내역 (거래ID, ATM_ID, 계좌ID, 연관거래ID, 거래유형, 거래금액, 수수료, 처리상태, 거래일시) VALUES (199, 2, 15, NULL, '출금', 240000, 1000, '성공', '2024-10-20 02:47:37');
INSERT INTO 거래내역 (거래ID, ATM_ID, 계좌ID, 연관거래ID, 거래유형, 거래금액, 수수료, 처리상태, 거래일시) VALUES (200, 20, 43, NULL, '입금', 630000, 0, '성공', '2024-10-22 05:06:28');
INSERT INTO 거래내역 (거래ID, ATM_ID, 계좌ID, 연관거래ID, 거래유형, 거래금액, 수수료, 처리상태, 거래일시) VALUES (201, 16, 29, NULL, '출금', 500000, 1000, '성공', '2024-10-22 08:39:07');
INSERT INTO 거래내역 (거래ID, ATM_ID, 계좌ID, 연관거래ID, 거래유형, 거래금액, 수수료, 처리상태, 거래일시) VALUES (202, 13, 44, 203, '이체(출금)', 230000, 1000, '성공', '2024-10-26 10:32:03');
INSERT INTO 거래내역 (거래ID, ATM_ID, 계좌ID, 연관거래ID, 거래유형, 거래금액, 수수료, 처리상태, 거래일시) VALUES (203, 13, 70, 202, '이체(입금)', 230000, 0, '성공', '2024-10-26 10:32:03');
INSERT INTO 거래내역 (거래ID, ATM_ID, 계좌ID, 연관거래ID, 거래유형, 거래금액, 수수료, 처리상태, 거래일시) VALUES (204, 3, 118, NULL, '출금', 30000, 0, '성공', '2024-10-27 07:20:22');
INSERT INTO 거래내역 (거래ID, ATM_ID, 계좌ID, 연관거래ID, 거래유형, 거래금액, 수수료, 처리상태, 거래일시) VALUES (205, 9, 72, NULL, '출금', 360000, 0, '성공', '2024-11-01 08:11:13');
INSERT INTO 거래내역 (거래ID, ATM_ID, 계좌ID, 연관거래ID, 거래유형, 거래금액, 수수료, 처리상태, 거래일시) VALUES (206, 25, 7, 207, '이체(출금)', 290000, 1000, '성공', '2024-11-04 07:28:48');
INSERT INTO 거래내역 (거래ID, ATM_ID, 계좌ID, 연관거래ID, 거래유형, 거래금액, 수수료, 처리상태, 거래일시) VALUES (207, 25, 134, 206, '이체(입금)', 290000, 0, '성공', '2024-11-04 07:28:48');
INSERT INTO 거래내역 (거래ID, ATM_ID, 계좌ID, 연관거래ID, 거래유형, 거래금액, 수수료, 처리상태, 거래일시) VALUES (208, 7, 36, NULL, '입금', 350000, 0, '성공', '2024-11-04 09:46:20');
INSERT INTO 거래내역 (거래ID, ATM_ID, 계좌ID, 연관거래ID, 거래유형, 거래금액, 수수료, 처리상태, 거래일시) VALUES (209, 22, 83, NULL, '입금', 310000, 0, '성공', '2024-11-05 05:12:57');
INSERT INTO 거래내역 (거래ID, ATM_ID, 계좌ID, 연관거래ID, 거래유형, 거래금액, 수수료, 처리상태, 거래일시) VALUES (210, 18, 135, NULL, '출금', 430000, 0, '성공', '2024-11-11 01:39:12');
INSERT INTO 거래내역 (거래ID, ATM_ID, 계좌ID, 연관거래ID, 거래유형, 거래금액, 수수료, 처리상태, 거래일시) VALUES (211, 25, 37, NULL, '출금', 230000, 0, '성공', '2024-11-13 23:53:10');
INSERT INTO 거래내역 (거래ID, ATM_ID, 계좌ID, 연관거래ID, 거래유형, 거래금액, 수수료, 처리상태, 거래일시) VALUES (212, 4, 37, NULL, '입금', 450000, 0, '성공', '2024-11-15 12:29:26');
INSERT INTO 거래내역 (거래ID, ATM_ID, 계좌ID, 연관거래ID, 거래유형, 거래금액, 수수료, 처리상태, 거래일시) VALUES (213, 7, 84, NULL, '출금', 370000, 1000, '성공', '2024-11-16 06:54:41');
INSERT INTO 거래내역 (거래ID, ATM_ID, 계좌ID, 연관거래ID, 거래유형, 거래금액, 수수료, 처리상태, 거래일시) VALUES (214, 1, 118, NULL, '출금', 50000, 0, '성공', '2024-11-16 20:57:45');
INSERT INTO 거래내역 (거래ID, ATM_ID, 계좌ID, 연관거래ID, 거래유형, 거래금액, 수수료, 처리상태, 거래일시) VALUES (215, 26, 52, NULL, '입금', 620000, 0, '성공', '2024-11-17 06:28:03');
INSERT INTO 거래내역 (거래ID, ATM_ID, 계좌ID, 연관거래ID, 거래유형, 거래금액, 수수료, 처리상태, 거래일시) VALUES (216, 20, 9, NULL, '입금', 230000, 0, '성공', '2024-11-18 00:34:12');
INSERT INTO 거래내역 (거래ID, ATM_ID, 계좌ID, 연관거래ID, 거래유형, 거래금액, 수수료, 처리상태, 거래일시) VALUES (217, 24, 83, NULL, '출금', 410000, 1000, '성공', '2024-11-19 05:29:46');
INSERT INTO 거래내역 (거래ID, ATM_ID, 계좌ID, 연관거래ID, 거래유형, 거래금액, 수수료, 처리상태, 거래일시) VALUES (218, 2, 52, NULL, '출금', 30000, 1000, '성공', '2024-11-19 11:17:22');
INSERT INTO 거래내역 (거래ID, ATM_ID, 계좌ID, 연관거래ID, 거래유형, 거래금액, 수수료, 처리상태, 거래일시) VALUES (219, 5, 84, NULL, '출금', 400000, 1000, '성공', '2024-11-22 05:54:59');
INSERT INTO 거래내역 (거래ID, ATM_ID, 계좌ID, 연관거래ID, 거래유형, 거래금액, 수수료, 처리상태, 거래일시) VALUES (220, 14, 98, NULL, '입금', 680000, 0, '성공', '2024-11-22 15:09:28');
INSERT INTO 거래내역 (거래ID, ATM_ID, 계좌ID, 연관거래ID, 거래유형, 거래금액, 수수료, 처리상태, 거래일시) VALUES (221, 30, 35, NULL, '입금', 390000, 0, '성공', '2024-11-24 21:57:44');
INSERT INTO 거래내역 (거래ID, ATM_ID, 계좌ID, 연관거래ID, 거래유형, 거래금액, 수수료, 처리상태, 거래일시) VALUES (222, 5, 64, 223, '이체(출금)', 230000, 0, '성공', '2024-11-25 09:00:47');
INSERT INTO 거래내역 (거래ID, ATM_ID, 계좌ID, 연관거래ID, 거래유형, 거래금액, 수수료, 처리상태, 거래일시) VALUES (223, 5, 102, 222, '이체(입금)', 230000, 0, '성공', '2024-11-25 09:00:47');
INSERT INTO 거래내역 (거래ID, ATM_ID, 계좌ID, 연관거래ID, 거래유형, 거래금액, 수수료, 처리상태, 거래일시) VALUES (224, 11, 43, NULL, '출금', 110000, 1000, '성공', '2024-11-26 08:12:32');
INSERT INTO 거래내역 (거래ID, ATM_ID, 계좌ID, 연관거래ID, 거래유형, 거래금액, 수수료, 처리상태, 거래일시) VALUES (225, 29, 61, NULL, '출금', 380000, 1000, '성공', '2024-11-27 00:34:28');
INSERT INTO 거래내역 (거래ID, ATM_ID, 계좌ID, 연관거래ID, 거래유형, 거래금액, 수수료, 처리상태, 거래일시) VALUES (226, 23, 102, NULL, '입금', 1000000, 0, '성공', '2024-11-30 01:04:43');
INSERT INTO 거래내역 (거래ID, ATM_ID, 계좌ID, 연관거래ID, 거래유형, 거래금액, 수수료, 처리상태, 거래일시) VALUES (227, 15, 110, NULL, '출금', 330000, 1000, '성공', '2024-12-01 03:09:28');
INSERT INTO 거래내역 (거래ID, ATM_ID, 계좌ID, 연관거래ID, 거래유형, 거래금액, 수수료, 처리상태, 거래일시) VALUES (228, 20, 39, NULL, '입금', 220000, 0, '성공', '2024-12-01 18:56:42');
INSERT INTO 거래내역 (거래ID, ATM_ID, 계좌ID, 연관거래ID, 거래유형, 거래금액, 수수료, 처리상태, 거래일시) VALUES (229, 29, 86, NULL, '출금', 50000, 0, '성공', '2024-12-03 03:26:27');
INSERT INTO 거래내역 (거래ID, ATM_ID, 계좌ID, 연관거래ID, 거래유형, 거래금액, 수수료, 처리상태, 거래일시) VALUES (230, 22, 144, NULL, '출금', 360000, 1000, '성공', '2024-12-03 04:27:01');
INSERT INTO 거래내역 (거래ID, ATM_ID, 계좌ID, 연관거래ID, 거래유형, 거래금액, 수수료, 처리상태, 거래일시) VALUES (231, 2, 103, NULL, '입금', 970000, 0, '성공', '2024-12-05 15:40:20');
INSERT INTO 거래내역 (거래ID, ATM_ID, 계좌ID, 연관거래ID, 거래유형, 거래금액, 수수료, 처리상태, 거래일시) VALUES (232, 11, 2, NULL, '입금', 510000, 0, '성공', '2024-12-06 22:34:49');
INSERT INTO 거래내역 (거래ID, ATM_ID, 계좌ID, 연관거래ID, 거래유형, 거래금액, 수수료, 처리상태, 거래일시) VALUES (233, 27, 87, NULL, '출금', 150000, 0, '성공', '2024-12-07 06:07:17');
INSERT INTO 거래내역 (거래ID, ATM_ID, 계좌ID, 연관거래ID, 거래유형, 거래금액, 수수료, 처리상태, 거래일시) VALUES (234, 2, 10, NULL, '출금', 90000, 0, '실패', '2024-12-07 17:14:54');
INSERT INTO 거래내역 (거래ID, ATM_ID, 계좌ID, 연관거래ID, 거래유형, 거래금액, 수수료, 처리상태, 거래일시) VALUES (235, 15, 85, NULL, '입금', 570000, 0, '성공', '2024-12-08 15:40:41');
INSERT INTO 거래내역 (거래ID, ATM_ID, 계좌ID, 연관거래ID, 거래유형, 거래금액, 수수료, 처리상태, 거래일시) VALUES (236, 15, 77, NULL, '출금', 380000, 0, '성공', '2024-12-10 18:28:14');
INSERT INTO 거래내역 (거래ID, ATM_ID, 계좌ID, 연관거래ID, 거래유형, 거래금액, 수수료, 처리상태, 거래일시) VALUES (237, 10, 48, NULL, '출금', 10000, 1000, '성공', '2024-12-11 10:44:29');
INSERT INTO 거래내역 (거래ID, ATM_ID, 계좌ID, 연관거래ID, 거래유형, 거래금액, 수수료, 처리상태, 거래일시) VALUES (238, 1, 3, 239, '이체(출금)', 230000, 1000, '성공', '2024-12-17 04:23:26');
INSERT INTO 거래내역 (거래ID, ATM_ID, 계좌ID, 연관거래ID, 거래유형, 거래금액, 수수료, 처리상태, 거래일시) VALUES (239, 1, 110, 238, '이체(입금)', 230000, 0, '성공', '2024-12-17 04:23:26');
INSERT INTO 거래내역 (거래ID, ATM_ID, 계좌ID, 연관거래ID, 거래유형, 거래금액, 수수료, 처리상태, 거래일시) VALUES (240, 28, 129, NULL, '입금', 200000, 0, '성공', '2024-12-19 00:53:39');
INSERT INTO 거래내역 (거래ID, ATM_ID, 계좌ID, 연관거래ID, 거래유형, 거래금액, 수수료, 처리상태, 거래일시) VALUES (241, 26, 82, NULL, '출금', 470000, 1000, '성공', '2024-12-19 14:31:00');
INSERT INTO 거래내역 (거래ID, ATM_ID, 계좌ID, 연관거래ID, 거래유형, 거래금액, 수수료, 처리상태, 거래일시) VALUES (242, 28, 132, NULL, '출금', 80000, 1000, '성공', '2024-12-19 15:39:09');
INSERT INTO 거래내역 (거래ID, ATM_ID, 계좌ID, 연관거래ID, 거래유형, 거래금액, 수수료, 처리상태, 거래일시) VALUES (243, 17, 9, 244, '이체(출금)', 90000, 0, '성공', '2024-12-22 03:10:01');
INSERT INTO 거래내역 (거래ID, ATM_ID, 계좌ID, 연관거래ID, 거래유형, 거래금액, 수수료, 처리상태, 거래일시) VALUES (244, 17, 114, 243, '이체(입금)', 90000, 0, '성공', '2024-12-22 03:10:01');
INSERT INTO 거래내역 (거래ID, ATM_ID, 계좌ID, 연관거래ID, 거래유형, 거래금액, 수수료, 처리상태, 거래일시) VALUES (245, 19, 50, NULL, '출금', 500000, 0, '실패', '2024-12-23 12:46:59');
INSERT INTO 거래내역 (거래ID, ATM_ID, 계좌ID, 연관거래ID, 거래유형, 거래금액, 수수료, 처리상태, 거래일시) VALUES (246, 26, 80, NULL, '출금', 220000, 1000, '성공', '2024-12-25 00:13:20');
INSERT INTO 거래내역 (거래ID, ATM_ID, 계좌ID, 연관거래ID, 거래유형, 거래금액, 수수료, 처리상태, 거래일시) VALUES (247, 17, 44, NULL, '입금', 940000, 0, '성공', '2024-12-26 06:09:45');
INSERT INTO 거래내역 (거래ID, ATM_ID, 계좌ID, 연관거래ID, 거래유형, 거래금액, 수수료, 처리상태, 거래일시) VALUES (248, 16, 1, NULL, '출금', 400000, 1000, '성공', '2024-12-27 08:45:31');
INSERT INTO 거래내역 (거래ID, ATM_ID, 계좌ID, 연관거래ID, 거래유형, 거래금액, 수수료, 처리상태, 거래일시) VALUES (249, 14, 115, NULL, '출금', 30000, 1000, '성공', '2024-12-27 22:23:09');
INSERT INTO 거래내역 (거래ID, ATM_ID, 계좌ID, 연관거래ID, 거래유형, 거래금액, 수수료, 처리상태, 거래일시) VALUES (250, 20, 88, NULL, '출금', 350000, 1000, '성공', '2024-12-28 23:25:19');
INSERT INTO 거래내역 (거래ID, ATM_ID, 계좌ID, 연관거래ID, 거래유형, 거래금액, 수수료, 처리상태, 거래일시) VALUES (251, 2, 49, NULL, '출금', 190000, 0, '성공', '2024-12-31 01:44:25');
INSERT INTO 거래내역 (거래ID, ATM_ID, 계좌ID, 연관거래ID, 거래유형, 거래금액, 수수료, 처리상태, 거래일시) VALUES (252, 27, 100, NULL, '입금', 410000, 0, '성공', '2025-01-04 03:52:45');
INSERT INTO 거래내역 (거래ID, ATM_ID, 계좌ID, 연관거래ID, 거래유형, 거래금액, 수수료, 처리상태, 거래일시) VALUES (253, 3, 109, NULL, '출금', 330000, 1000, '성공', '2025-01-05 00:39:49');
INSERT INTO 거래내역 (거래ID, ATM_ID, 계좌ID, 연관거래ID, 거래유형, 거래금액, 수수료, 처리상태, 거래일시) VALUES (254, 7, 118, NULL, '출금', 450000, 0, '성공', '2025-01-05 03:12:31');
INSERT INTO 거래내역 (거래ID, ATM_ID, 계좌ID, 연관거래ID, 거래유형, 거래금액, 수수료, 처리상태, 거래일시) VALUES (255, 2, 144, NULL, '출금', 130000, 0, '성공', '2025-01-06 20:08:32');
INSERT INTO 거래내역 (거래ID, ATM_ID, 계좌ID, 연관거래ID, 거래유형, 거래금액, 수수료, 처리상태, 거래일시) VALUES (256, 29, 87, NULL, '출금', 360000, 0, '성공', '2025-01-09 05:15:09');
INSERT INTO 거래내역 (거래ID, ATM_ID, 계좌ID, 연관거래ID, 거래유형, 거래금액, 수수료, 처리상태, 거래일시) VALUES (257, 4, 27, 258, '이체(출금)', 110000, 0, '성공', '2025-01-11 10:53:43');
INSERT INTO 거래내역 (거래ID, ATM_ID, 계좌ID, 연관거래ID, 거래유형, 거래금액, 수수료, 처리상태, 거래일시) VALUES (258, 4, 37, 257, '이체(입금)', 110000, 0, '성공', '2025-01-11 10:53:43');
INSERT INTO 거래내역 (거래ID, ATM_ID, 계좌ID, 연관거래ID, 거래유형, 거래금액, 수수료, 처리상태, 거래일시) VALUES (259, 11, 122, NULL, '출금', 20000, 1000, '성공', '2025-01-12 12:03:36');
INSERT INTO 거래내역 (거래ID, ATM_ID, 계좌ID, 연관거래ID, 거래유형, 거래금액, 수수료, 처리상태, 거래일시) VALUES (260, 14, 142, NULL, '출금', 370000, 0, '성공', '2025-01-12 17:01:03');
INSERT INTO 거래내역 (거래ID, ATM_ID, 계좌ID, 연관거래ID, 거래유형, 거래금액, 수수료, 처리상태, 거래일시) VALUES (261, 17, 88, NULL, '출금', 110000, 1000, '성공', '2025-01-13 11:20:46');
INSERT INTO 거래내역 (거래ID, ATM_ID, 계좌ID, 연관거래ID, 거래유형, 거래금액, 수수료, 처리상태, 거래일시) VALUES (262, 24, 21, NULL, '입금', 580000, 0, '성공', '2025-01-14 03:21:59');
INSERT INTO 거래내역 (거래ID, ATM_ID, 계좌ID, 연관거래ID, 거래유형, 거래금액, 수수료, 처리상태, 거래일시) VALUES (263, 28, 82, NULL, '입금', 270000, 0, '성공', '2025-01-14 11:23:35');
INSERT INTO 거래내역 (거래ID, ATM_ID, 계좌ID, 연관거래ID, 거래유형, 거래금액, 수수료, 처리상태, 거래일시) VALUES (264, 8, 130, NULL, '입금', 590000, 0, '성공', '2025-01-17 02:12:03');
INSERT INTO 거래내역 (거래ID, ATM_ID, 계좌ID, 연관거래ID, 거래유형, 거래금액, 수수료, 처리상태, 거래일시) VALUES (265, 11, 30, NULL, '입금', 240000, 0, '성공', '2025-01-17 05:08:48');
INSERT INTO 거래내역 (거래ID, ATM_ID, 계좌ID, 연관거래ID, 거래유형, 거래금액, 수수료, 처리상태, 거래일시) VALUES (266, 2, 102, NULL, '출금', 330000, 0, '성공', '2025-01-17 08:35:03');
INSERT INTO 거래내역 (거래ID, ATM_ID, 계좌ID, 연관거래ID, 거래유형, 거래금액, 수수료, 처리상태, 거래일시) VALUES (267, 16, 39, NULL, '입금', 390000, 0, '실패', '2025-01-20 06:41:41');
INSERT INTO 거래내역 (거래ID, ATM_ID, 계좌ID, 연관거래ID, 거래유형, 거래금액, 수수료, 처리상태, 거래일시) VALUES (268, 18, 63, NULL, '입금', 420000, 0, '성공', '2025-01-20 10:12:19');
INSERT INTO 거래내역 (거래ID, ATM_ID, 계좌ID, 연관거래ID, 거래유형, 거래금액, 수수료, 처리상태, 거래일시) VALUES (269, 3, 136, NULL, '출금', 140000, 0, '성공', '2025-01-20 15:17:08');
INSERT INTO 거래내역 (거래ID, ATM_ID, 계좌ID, 연관거래ID, 거래유형, 거래금액, 수수료, 처리상태, 거래일시) VALUES (270, 27, 108, NULL, '입금', 480000, 0, '실패', '2025-01-26 16:19:50');
INSERT INTO 거래내역 (거래ID, ATM_ID, 계좌ID, 연관거래ID, 거래유형, 거래금액, 수수료, 처리상태, 거래일시) VALUES (271, 18, 12, NULL, '출금', 410000, 0, '성공', '2025-01-31 13:35:29');
INSERT INTO 거래내역 (거래ID, ATM_ID, 계좌ID, 연관거래ID, 거래유형, 거래금액, 수수료, 처리상태, 거래일시) VALUES (272, 14, 96, NULL, '출금', 190000, 0, '성공', '2025-01-31 14:52:58');
INSERT INTO 거래내역 (거래ID, ATM_ID, 계좌ID, 연관거래ID, 거래유형, 거래금액, 수수료, 처리상태, 거래일시) VALUES (273, 9, 115, NULL, '입금', 480000, 0, '성공', '2025-02-04 16:51:34');
INSERT INTO 거래내역 (거래ID, ATM_ID, 계좌ID, 연관거래ID, 거래유형, 거래금액, 수수료, 처리상태, 거래일시) VALUES (274, 8, 131, 275, '이체(출금)', 240000, 0, '성공', '2025-02-05 10:45:37');
INSERT INTO 거래내역 (거래ID, ATM_ID, 계좌ID, 연관거래ID, 거래유형, 거래금액, 수수료, 처리상태, 거래일시) VALUES (275, 8, 14, 274, '이체(입금)', 240000, 0, '성공', '2025-02-05 10:45:37');
INSERT INTO 거래내역 (거래ID, ATM_ID, 계좌ID, 연관거래ID, 거래유형, 거래금액, 수수료, 처리상태, 거래일시) VALUES (276, 23, 100, NULL, '입금', 790000, 0, '성공', '2025-02-05 21:22:19');
INSERT INTO 거래내역 (거래ID, ATM_ID, 계좌ID, 연관거래ID, 거래유형, 거래금액, 수수료, 처리상태, 거래일시) VALUES (277, 4, 33, NULL, '출금', 70000, 1000, '성공', '2025-02-07 13:35:15');
INSERT INTO 거래내역 (거래ID, ATM_ID, 계좌ID, 연관거래ID, 거래유형, 거래금액, 수수료, 처리상태, 거래일시) VALUES (278, 15, 135, NULL, '출금', 60000, 1000, '성공', '2025-02-09 11:17:48');
INSERT INTO 거래내역 (거래ID, ATM_ID, 계좌ID, 연관거래ID, 거래유형, 거래금액, 수수료, 처리상태, 거래일시) VALUES (279, 10, 91, NULL, '입금', 350000, 0, '성공', '2025-02-10 02:52:37');
INSERT INTO 거래내역 (거래ID, ATM_ID, 계좌ID, 연관거래ID, 거래유형, 거래금액, 수수료, 처리상태, 거래일시) VALUES (280, 16, 46, NULL, '출금', 30000, 1000, '성공', '2025-02-10 18:02:10');
INSERT INTO 거래내역 (거래ID, ATM_ID, 계좌ID, 연관거래ID, 거래유형, 거래금액, 수수료, 처리상태, 거래일시) VALUES (281, 8, 37, NULL, '입금', 970000, 0, '성공', '2025-02-11 02:48:04');
INSERT INTO 거래내역 (거래ID, ATM_ID, 계좌ID, 연관거래ID, 거래유형, 거래금액, 수수료, 처리상태, 거래일시) VALUES (282, 5, 136, NULL, '출금', 240000, 0, '성공', '2025-02-11 11:26:47');
INSERT INTO 거래내역 (거래ID, ATM_ID, 계좌ID, 연관거래ID, 거래유형, 거래금액, 수수료, 처리상태, 거래일시) VALUES (283, 16, 87, NULL, '출금', 300000, 0, '성공', '2025-02-12 15:08:44');
INSERT INTO 거래내역 (거래ID, ATM_ID, 계좌ID, 연관거래ID, 거래유형, 거래금액, 수수료, 처리상태, 거래일시) VALUES (284, 1, 16, NULL, '출금', 310000, 1000, '성공', '2025-02-15 15:31:12');
INSERT INTO 거래내역 (거래ID, ATM_ID, 계좌ID, 연관거래ID, 거래유형, 거래금액, 수수료, 처리상태, 거래일시) VALUES (285, 24, 9, NULL, '입금', 120000, 0, '실패', '2025-02-19 13:48:30');
INSERT INTO 거래내역 (거래ID, ATM_ID, 계좌ID, 연관거래ID, 거래유형, 거래금액, 수수료, 처리상태, 거래일시) VALUES (286, 17, 79, NULL, '출금', 110000, 1000, '성공', '2025-02-19 18:17:46');
INSERT INTO 거래내역 (거래ID, ATM_ID, 계좌ID, 연관거래ID, 거래유형, 거래금액, 수수료, 처리상태, 거래일시) VALUES (287, 1, 141, NULL, '출금', 110000, 0, '성공', '2025-02-20 23:46:15');
INSERT INTO 거래내역 (거래ID, ATM_ID, 계좌ID, 연관거래ID, 거래유형, 거래금액, 수수료, 처리상태, 거래일시) VALUES (288, 1, 137, NULL, '입금', 710000, 0, '성공', '2025-02-25 00:25:53');
INSERT INTO 거래내역 (거래ID, ATM_ID, 계좌ID, 연관거래ID, 거래유형, 거래금액, 수수료, 처리상태, 거래일시) VALUES (289, 13, 108, NULL, '출금', 100000, 0, '성공', '2025-02-26 07:25:24');
INSERT INTO 거래내역 (거래ID, ATM_ID, 계좌ID, 연관거래ID, 거래유형, 거래금액, 수수료, 처리상태, 거래일시) VALUES (290, 25, 134, NULL, '입금', 290000, 0, '성공', '2025-02-27 10:56:27');
INSERT INTO 거래내역 (거래ID, ATM_ID, 계좌ID, 연관거래ID, 거래유형, 거래금액, 수수료, 처리상태, 거래일시) VALUES (291, 18, 27, NULL, '입금', 380000, 0, '성공', '2025-03-01 03:07:33');
INSERT INTO 거래내역 (거래ID, ATM_ID, 계좌ID, 연관거래ID, 거래유형, 거래금액, 수수료, 처리상태, 거래일시) VALUES (292, 17, 34, NULL, '입금', 660000, 0, '성공', '2025-03-01 16:37:53');
INSERT INTO 거래내역 (거래ID, ATM_ID, 계좌ID, 연관거래ID, 거래유형, 거래금액, 수수료, 처리상태, 거래일시) VALUES (293, 11, 99, NULL, '출금', 400000, 0, '성공', '2025-03-04 09:02:21');
INSERT INTO 거래내역 (거래ID, ATM_ID, 계좌ID, 연관거래ID, 거래유형, 거래금액, 수수료, 처리상태, 거래일시) VALUES (294, 16, 91, NULL, '출금', 430000, 0, '성공', '2025-03-09 01:52:23');
INSERT INTO 거래내역 (거래ID, ATM_ID, 계좌ID, 연관거래ID, 거래유형, 거래금액, 수수료, 처리상태, 거래일시) VALUES (295, 7, 85, NULL, '입금', 720000, 0, '성공', '2025-03-12 16:49:22');
INSERT INTO 거래내역 (거래ID, ATM_ID, 계좌ID, 연관거래ID, 거래유형, 거래금액, 수수료, 처리상태, 거래일시) VALUES (296, 27, 25, NULL, '출금', 210000, 1000, '성공', '2025-03-13 11:22:43');
INSERT INTO 거래내역 (거래ID, ATM_ID, 계좌ID, 연관거래ID, 거래유형, 거래금액, 수수료, 처리상태, 거래일시) VALUES (297, 8, 116, NULL, '입금', 760000, 0, '성공', '2025-03-15 14:09:25');
INSERT INTO 거래내역 (거래ID, ATM_ID, 계좌ID, 연관거래ID, 거래유형, 거래금액, 수수료, 처리상태, 거래일시) VALUES (298, 14, 142, NULL, '입금', 490000, 0, '성공', '2025-03-18 06:45:45');
INSERT INTO 거래내역 (거래ID, ATM_ID, 계좌ID, 연관거래ID, 거래유형, 거래금액, 수수료, 처리상태, 거래일시) VALUES (299, 16, 28, NULL, '출금', 160000, 0, '성공', '2025-03-22 21:26:24');
INSERT INTO 거래내역 (거래ID, ATM_ID, 계좌ID, 연관거래ID, 거래유형, 거래금액, 수수료, 처리상태, 거래일시) VALUES (300, 17, 132, NULL, '출금', 100000, 1000, '성공', '2025-03-23 03:20:21');
INSERT INTO 거래내역 (거래ID, ATM_ID, 계좌ID, 연관거래ID, 거래유형, 거래금액, 수수료, 처리상태, 거래일시) VALUES (301, 30, 43, NULL, '출금', 470000, 0, '성공', '2025-03-24 01:35:26');
INSERT INTO 거래내역 (거래ID, ATM_ID, 계좌ID, 연관거래ID, 거래유형, 거래금액, 수수료, 처리상태, 거래일시) VALUES (302, 9, 12, NULL, '입금', 520000, 0, '성공', '2025-03-25 08:31:55');
INSERT INTO 거래내역 (거래ID, ATM_ID, 계좌ID, 연관거래ID, 거래유형, 거래금액, 수수료, 처리상태, 거래일시) VALUES (303, 16, 103, NULL, '출금', 480000, 0, '성공', '2025-03-26 14:04:38');
INSERT INTO 거래내역 (거래ID, ATM_ID, 계좌ID, 연관거래ID, 거래유형, 거래금액, 수수료, 처리상태, 거래일시) VALUES (304, 17, 18, NULL, '출금', 310000, 0, '성공', '2025-03-28 22:59:16');
INSERT INTO 거래내역 (거래ID, ATM_ID, 계좌ID, 연관거래ID, 거래유형, 거래금액, 수수료, 처리상태, 거래일시) VALUES (305, 23, 106, 306, '이체(출금)', 220000, 0, '성공', '2025-03-29 07:54:34');
INSERT INTO 거래내역 (거래ID, ATM_ID, 계좌ID, 연관거래ID, 거래유형, 거래금액, 수수료, 처리상태, 거래일시) VALUES (306, 23, 23, 305, '이체(입금)', 220000, 0, '성공', '2025-03-29 07:54:34');
INSERT INTO 거래내역 (거래ID, ATM_ID, 계좌ID, 연관거래ID, 거래유형, 거래금액, 수수료, 처리상태, 거래일시) VALUES (307, 2, 21, NULL, '출금', 180000, 1000, '성공', '2025-03-29 15:26:16');
INSERT INTO 거래내역 (거래ID, ATM_ID, 계좌ID, 연관거래ID, 거래유형, 거래금액, 수수료, 처리상태, 거래일시) VALUES (308, 25, 28, NULL, '출금', 320000, 0, '성공', '2025-03-30 02:40:32');
INSERT INTO 거래내역 (거래ID, ATM_ID, 계좌ID, 연관거래ID, 거래유형, 거래금액, 수수료, 처리상태, 거래일시) VALUES (309, 3, 2, NULL, '입금', 400000, 0, '성공', '2025-03-31 13:06:15');
INSERT INTO 거래내역 (거래ID, ATM_ID, 계좌ID, 연관거래ID, 거래유형, 거래금액, 수수료, 처리상태, 거래일시) VALUES (310, 18, 24, NULL, '입금', 660000, 0, '성공', '2025-04-01 02:01:32');
INSERT INTO 거래내역 (거래ID, ATM_ID, 계좌ID, 연관거래ID, 거래유형, 거래금액, 수수료, 처리상태, 거래일시) VALUES (311, 25, 76, NULL, '출금', 200000, 0, '성공', '2025-04-01 21:56:26');
INSERT INTO 거래내역 (거래ID, ATM_ID, 계좌ID, 연관거래ID, 거래유형, 거래금액, 수수료, 처리상태, 거래일시) VALUES (312, 25, 21, NULL, '출금', 340000, 0, '성공', '2025-04-02 19:13:48');
INSERT INTO 거래내역 (거래ID, ATM_ID, 계좌ID, 연관거래ID, 거래유형, 거래금액, 수수료, 처리상태, 거래일시) VALUES (313, 23, 73, NULL, '출금', 490000, 0, '성공', '2025-04-04 08:31:11');
INSERT INTO 거래내역 (거래ID, ATM_ID, 계좌ID, 연관거래ID, 거래유형, 거래금액, 수수료, 처리상태, 거래일시) VALUES (314, 29, 97, NULL, '입금', 100000, 0, '실패', '2025-04-04 21:46:12');
INSERT INTO 거래내역 (거래ID, ATM_ID, 계좌ID, 연관거래ID, 거래유형, 거래금액, 수수료, 처리상태, 거래일시) VALUES (315, 23, 40, NULL, '출금', 440000, 0, '성공', '2025-04-05 13:30:23');
INSERT INTO 거래내역 (거래ID, ATM_ID, 계좌ID, 연관거래ID, 거래유형, 거래금액, 수수료, 처리상태, 거래일시) VALUES (316, 19, 39, NULL, '출금', 40000, 1000, '성공', '2025-04-06 03:46:06');
INSERT INTO 거래내역 (거래ID, ATM_ID, 계좌ID, 연관거래ID, 거래유형, 거래금액, 수수료, 처리상태, 거래일시) VALUES (317, 4, 35, NULL, '출금', 50000, 1000, '성공', '2025-04-07 06:17:10');
INSERT INTO 거래내역 (거래ID, ATM_ID, 계좌ID, 연관거래ID, 거래유형, 거래금액, 수수료, 처리상태, 거래일시) VALUES (318, 27, 56, NULL, '출금', 280000, 1000, '성공', '2025-04-07 08:19:09');
INSERT INTO 거래내역 (거래ID, ATM_ID, 계좌ID, 연관거래ID, 거래유형, 거래금액, 수수료, 처리상태, 거래일시) VALUES (319, 5, 123, NULL, '출금', 100000, 0, '성공', '2025-04-10 22:03:15');
INSERT INTO 거래내역 (거래ID, ATM_ID, 계좌ID, 연관거래ID, 거래유형, 거래금액, 수수료, 처리상태, 거래일시) VALUES (320, 4, 90, NULL, '입금', 460000, 0, '성공', '2025-04-13 22:28:38');
INSERT INTO 거래내역 (거래ID, ATM_ID, 계좌ID, 연관거래ID, 거래유형, 거래금액, 수수료, 처리상태, 거래일시) VALUES (321, 27, 134, NULL, '출금', 200000, 1000, '성공', '2025-04-14 23:25:23');
INSERT INTO 거래내역 (거래ID, ATM_ID, 계좌ID, 연관거래ID, 거래유형, 거래금액, 수수료, 처리상태, 거래일시) VALUES (322, 13, 42, NULL, '출금', 470000, 1000, '성공', '2025-04-14 23:36:12');
INSERT INTO 거래내역 (거래ID, ATM_ID, 계좌ID, 연관거래ID, 거래유형, 거래금액, 수수료, 처리상태, 거래일시) VALUES (323, 19, 19, NULL, '출금', 200000, 0, '실패', '2025-04-17 16:27:13');
INSERT INTO 거래내역 (거래ID, ATM_ID, 계좌ID, 연관거래ID, 거래유형, 거래금액, 수수료, 처리상태, 거래일시) VALUES (324, 22, 15, NULL, '입금', 720000, 0, '성공', '2025-04-18 11:13:12');
INSERT INTO 거래내역 (거래ID, ATM_ID, 계좌ID, 연관거래ID, 거래유형, 거래금액, 수수료, 처리상태, 거래일시) VALUES (325, 28, 6, NULL, '입금', 390000, 0, '성공', '2025-04-19 19:49:21');
INSERT INTO 거래내역 (거래ID, ATM_ID, 계좌ID, 연관거래ID, 거래유형, 거래금액, 수수료, 처리상태, 거래일시) VALUES (326, 13, 19, NULL, '출금', 290000, 1000, '성공', '2025-04-22 18:50:11');
INSERT INTO 거래내역 (거래ID, ATM_ID, 계좌ID, 연관거래ID, 거래유형, 거래금액, 수수료, 처리상태, 거래일시) VALUES (327, 13, 73, NULL, '입금', 490000, 0, '성공', '2025-04-22 19:25:46');
INSERT INTO 거래내역 (거래ID, ATM_ID, 계좌ID, 연관거래ID, 거래유형, 거래금액, 수수료, 처리상태, 거래일시) VALUES (328, 20, 62, NULL, '출금', 200000, 0, '성공', '2025-04-25 07:03:50');
INSERT INTO 거래내역 (거래ID, ATM_ID, 계좌ID, 연관거래ID, 거래유형, 거래금액, 수수료, 처리상태, 거래일시) VALUES (329, 25, 140, 330, '이체(출금)', 60000, 0, '성공', '2025-04-27 02:39:27');
INSERT INTO 거래내역 (거래ID, ATM_ID, 계좌ID, 연관거래ID, 거래유형, 거래금액, 수수료, 처리상태, 거래일시) VALUES (330, 25, 5, 329, '이체(입금)', 60000, 0, '성공', '2025-04-27 02:39:27');
INSERT INTO 거래내역 (거래ID, ATM_ID, 계좌ID, 연관거래ID, 거래유형, 거래금액, 수수료, 처리상태, 거래일시) VALUES (331, 19, 102, NULL, '출금', 350000, 0, '실패', '2025-04-29 09:13:22');
INSERT INTO 거래내역 (거래ID, ATM_ID, 계좌ID, 연관거래ID, 거래유형, 거래금액, 수수료, 처리상태, 거래일시) VALUES (332, 29, 7, NULL, '출금', 390000, 1000, '성공', '2025-04-30 09:40:03');
INSERT INTO 거래내역 (거래ID, ATM_ID, 계좌ID, 연관거래ID, 거래유형, 거래금액, 수수료, 처리상태, 거래일시) VALUES (333, 27, 144, NULL, '입금', 280000, 0, '성공', '2025-05-05 07:36:19');
INSERT INTO 거래내역 (거래ID, ATM_ID, 계좌ID, 연관거래ID, 거래유형, 거래금액, 수수료, 처리상태, 거래일시) VALUES (334, 17, 66, NULL, '출금', 480000, 1000, '성공', '2025-05-05 07:47:27');
INSERT INTO 거래내역 (거래ID, ATM_ID, 계좌ID, 연관거래ID, 거래유형, 거래금액, 수수료, 처리상태, 거래일시) VALUES (335, 27, 31, NULL, '입금', 960000, 0, '성공', '2025-05-05 08:49:57');
INSERT INTO 거래내역 (거래ID, ATM_ID, 계좌ID, 연관거래ID, 거래유형, 거래금액, 수수료, 처리상태, 거래일시) VALUES (336, 3, 80, NULL, '출금', 260000, 0, '성공', '2025-05-05 19:08:23');
INSERT INTO 거래내역 (거래ID, ATM_ID, 계좌ID, 연관거래ID, 거래유형, 거래금액, 수수료, 처리상태, 거래일시) VALUES (337, 17, 53, NULL, '입금', 670000, 0, '성공', '2025-05-09 12:40:52');
INSERT INTO 거래내역 (거래ID, ATM_ID, 계좌ID, 연관거래ID, 거래유형, 거래금액, 수수료, 처리상태, 거래일시) VALUES (338, 10, 108, NULL, '입금', 390000, 0, '성공', '2025-05-10 02:48:02');
INSERT INTO 거래내역 (거래ID, ATM_ID, 계좌ID, 연관거래ID, 거래유형, 거래금액, 수수료, 처리상태, 거래일시) VALUES (339, 29, 68, NULL, '출금', 400000, 0, '성공', '2025-05-10 07:00:00');
INSERT INTO 거래내역 (거래ID, ATM_ID, 계좌ID, 연관거래ID, 거래유형, 거래금액, 수수료, 처리상태, 거래일시) VALUES (340, 7, 113, NULL, '출금', 270000, 0, '성공', '2025-05-10 16:54:35');
INSERT INTO 거래내역 (거래ID, ATM_ID, 계좌ID, 연관거래ID, 거래유형, 거래금액, 수수료, 처리상태, 거래일시) VALUES (341, 23, 124, NULL, '입금', 850000, 0, '성공', '2025-05-14 00:34:21');
INSERT INTO 거래내역 (거래ID, ATM_ID, 계좌ID, 연관거래ID, 거래유형, 거래금액, 수수료, 처리상태, 거래일시) VALUES (342, 30, 131, NULL, '출금', 350000, 1000, '성공', '2025-05-16 20:29:43');
INSERT INTO 거래내역 (거래ID, ATM_ID, 계좌ID, 연관거래ID, 거래유형, 거래금액, 수수료, 처리상태, 거래일시) VALUES (343, 8, 74, NULL, '출금', 450000, 1000, '성공', '2025-05-17 07:17:17');
INSERT INTO 거래내역 (거래ID, ATM_ID, 계좌ID, 연관거래ID, 거래유형, 거래금액, 수수료, 처리상태, 거래일시) VALUES (344, 24, 70, NULL, '입금', 580000, 0, '성공', '2025-05-17 08:18:22');
INSERT INTO 거래내역 (거래ID, ATM_ID, 계좌ID, 연관거래ID, 거래유형, 거래금액, 수수료, 처리상태, 거래일시) VALUES (345, 18, 105, NULL, '입금', 880000, 0, '성공', '2025-05-18 15:07:57');
INSERT INTO 거래내역 (거래ID, ATM_ID, 계좌ID, 연관거래ID, 거래유형, 거래금액, 수수료, 처리상태, 거래일시) VALUES (346, 8, 36, NULL, '출금', 160000, 1000, '성공', '2025-05-20 00:57:25');
INSERT INTO 거래내역 (거래ID, ATM_ID, 계좌ID, 연관거래ID, 거래유형, 거래금액, 수수료, 처리상태, 거래일시) VALUES (347, 24, 140, NULL, '출금', 340000, 0, '성공', '2025-05-20 04:53:09');
INSERT INTO 거래내역 (거래ID, ATM_ID, 계좌ID, 연관거래ID, 거래유형, 거래금액, 수수료, 처리상태, 거래일시) VALUES (348, 30, 110, 349, '이체(출금)', 70000, 0, '성공', '2025-05-21 09:46:37');
INSERT INTO 거래내역 (거래ID, ATM_ID, 계좌ID, 연관거래ID, 거래유형, 거래금액, 수수료, 처리상태, 거래일시) VALUES (349, 30, 83, 348, '이체(입금)', 70000, 0, '성공', '2025-05-21 09:46:37');
INSERT INTO 거래내역 (거래ID, ATM_ID, 계좌ID, 연관거래ID, 거래유형, 거래금액, 수수료, 처리상태, 거래일시) VALUES (350, 24, 110, NULL, '입금', 720000, 0, '성공', '2025-05-22 01:42:25');
INSERT INTO 거래내역 (거래ID, ATM_ID, 계좌ID, 연관거래ID, 거래유형, 거래금액, 수수료, 처리상태, 거래일시) VALUES (351, 22, 118, 352, '이체(출금)', 240000, 0, '실패', '2025-05-22 20:00:53');
INSERT INTO 거래내역 (거래ID, ATM_ID, 계좌ID, 연관거래ID, 거래유형, 거래금액, 수수료, 처리상태, 거래일시) VALUES (352, 22, 132, 351, '이체(입금)', 240000, 0, '실패', '2025-05-22 20:00:53');
INSERT INTO 거래내역 (거래ID, ATM_ID, 계좌ID, 연관거래ID, 거래유형, 거래금액, 수수료, 처리상태, 거래일시) VALUES (353, 1, 44, NULL, '입금', 110000, 0, '성공', '2025-05-26 15:47:53');
INSERT INTO 거래내역 (거래ID, ATM_ID, 계좌ID, 연관거래ID, 거래유형, 거래금액, 수수료, 처리상태, 거래일시) VALUES (354, 8, 131, NULL, '출금', 260000, 0, '성공', '2025-05-27 01:27:56');
INSERT INTO 거래내역 (거래ID, ATM_ID, 계좌ID, 연관거래ID, 거래유형, 거래금액, 수수료, 처리상태, 거래일시) VALUES (355, 11, 137, NULL, '출금', 60000, 1000, '성공', '2025-05-29 23:20:15');
INSERT INTO 거래내역 (거래ID, ATM_ID, 계좌ID, 연관거래ID, 거래유형, 거래금액, 수수료, 처리상태, 거래일시) VALUES (356, 11, 19, NULL, '출금', 250000, 1000, '성공', '2025-05-31 16:23:48');
INSERT INTO 거래내역 (거래ID, ATM_ID, 계좌ID, 연관거래ID, 거래유형, 거래금액, 수수료, 처리상태, 거래일시) VALUES (357, 30, 99, NULL, '입금', 720000, 0, '성공', '2025-06-01 23:46:39');
INSERT INTO 거래내역 (거래ID, ATM_ID, 계좌ID, 연관거래ID, 거래유형, 거래금액, 수수료, 처리상태, 거래일시) VALUES (358, 18, 103, NULL, '입금', 690000, 0, '성공', '2025-06-02 15:13:47');
INSERT INTO 거래내역 (거래ID, ATM_ID, 계좌ID, 연관거래ID, 거래유형, 거래금액, 수수료, 처리상태, 거래일시) VALUES (359, 25, 104, NULL, '출금', 240000, 1000, '성공', '2025-06-09 05:49:29');
INSERT INTO 거래내역 (거래ID, ATM_ID, 계좌ID, 연관거래ID, 거래유형, 거래금액, 수수료, 처리상태, 거래일시) VALUES (360, 28, 41, NULL, '출금', 320000, 0, '성공', '2025-06-11 16:59:46');
INSERT INTO 거래내역 (거래ID, ATM_ID, 계좌ID, 연관거래ID, 거래유형, 거래금액, 수수료, 처리상태, 거래일시) VALUES (361, 19, 15, NULL, '출금', 80000, 0, '실패', '2025-06-14 05:34:16');
INSERT INTO 거래내역 (거래ID, ATM_ID, 계좌ID, 연관거래ID, 거래유형, 거래금액, 수수료, 처리상태, 거래일시) VALUES (362, 27, 48, NULL, '출금', 320000, 0, '성공', '2025-06-14 14:05:23');
INSERT INTO 거래내역 (거래ID, ATM_ID, 계좌ID, 연관거래ID, 거래유형, 거래금액, 수수료, 처리상태, 거래일시) VALUES (363, 19, 93, NULL, '출금', 50000, 0, '성공', '2025-06-22 19:48:33');
INSERT INTO 거래내역 (거래ID, ATM_ID, 계좌ID, 연관거래ID, 거래유형, 거래금액, 수수료, 처리상태, 거래일시) VALUES (364, 28, 139, NULL, '출금', 480000, 0, '성공', '2025-06-23 01:22:27');
INSERT INTO 거래내역 (거래ID, ATM_ID, 계좌ID, 연관거래ID, 거래유형, 거래금액, 수수료, 처리상태, 거래일시) VALUES (365, 16, 107, NULL, '입금', 720000, 0, '성공', '2025-06-26 04:52:55');
INSERT INTO 거래내역 (거래ID, ATM_ID, 계좌ID, 연관거래ID, 거래유형, 거래금액, 수수료, 처리상태, 거래일시) VALUES (366, 9, 13, NULL, '출금', 430000, 1000, '성공', '2025-06-27 08:12:59');
INSERT INTO 거래내역 (거래ID, ATM_ID, 계좌ID, 연관거래ID, 거래유형, 거래금액, 수수료, 처리상태, 거래일시) VALUES (367, 22, 16, 368, '이체(출금)', 120000, 0, '성공', '2025-06-29 10:14:02');
INSERT INTO 거래내역 (거래ID, ATM_ID, 계좌ID, 연관거래ID, 거래유형, 거래금액, 수수료, 처리상태, 거래일시) VALUES (368, 22, 139, 367, '이체(입금)', 120000, 0, '성공', '2025-06-29 10:14:02');
INSERT INTO 거래내역 (거래ID, ATM_ID, 계좌ID, 연관거래ID, 거래유형, 거래금액, 수수료, 처리상태, 거래일시) VALUES (369, 3, 92, 370, '이체(출금)', 260000, 0, '성공', '2025-07-01 14:28:49');
INSERT INTO 거래내역 (거래ID, ATM_ID, 계좌ID, 연관거래ID, 거래유형, 거래금액, 수수료, 처리상태, 거래일시) VALUES (370, 3, 56, 369, '이체(입금)', 260000, 0, '성공', '2025-07-01 14:28:49');
INSERT INTO 거래내역 (거래ID, ATM_ID, 계좌ID, 연관거래ID, 거래유형, 거래금액, 수수료, 처리상태, 거래일시) VALUES (371, 18, 121, NULL, '출금', 190000, 0, '성공', '2025-07-03 00:17:51');
INSERT INTO 거래내역 (거래ID, ATM_ID, 계좌ID, 연관거래ID, 거래유형, 거래금액, 수수료, 처리상태, 거래일시) VALUES (372, 10, 9, 373, '이체(출금)', 80000, 1000, '성공', '2025-07-04 10:30:36');
INSERT INTO 거래내역 (거래ID, ATM_ID, 계좌ID, 연관거래ID, 거래유형, 거래금액, 수수료, 처리상태, 거래일시) VALUES (373, 10, 45, 372, '이체(입금)', 80000, 0, '성공', '2025-07-04 10:30:36');
INSERT INTO 거래내역 (거래ID, ATM_ID, 계좌ID, 연관거래ID, 거래유형, 거래금액, 수수료, 처리상태, 거래일시) VALUES (374, 30, 100, NULL, '입금', 870000, 0, '성공', '2025-07-07 12:04:40');
INSERT INTO 거래내역 (거래ID, ATM_ID, 계좌ID, 연관거래ID, 거래유형, 거래금액, 수수료, 처리상태, 거래일시) VALUES (375, 5, 12, NULL, '출금', 230000, 1000, '성공', '2025-07-13 12:19:34');
INSERT INTO 거래내역 (거래ID, ATM_ID, 계좌ID, 연관거래ID, 거래유형, 거래금액, 수수료, 처리상태, 거래일시) VALUES (376, 14, 107, NULL, '출금', 450000, 0, '성공', '2025-07-16 17:08:32');
INSERT INTO 거래내역 (거래ID, ATM_ID, 계좌ID, 연관거래ID, 거래유형, 거래금액, 수수료, 처리상태, 거래일시) VALUES (377, 14, 33, NULL, '출금', 500000, 1000, '성공', '2025-07-18 23:17:39');
INSERT INTO 거래내역 (거래ID, ATM_ID, 계좌ID, 연관거래ID, 거래유형, 거래금액, 수수료, 처리상태, 거래일시) VALUES (378, 15, 119, NULL, '출금', 380000, 1000, '성공', '2025-07-21 01:29:36');
INSERT INTO 거래내역 (거래ID, ATM_ID, 계좌ID, 연관거래ID, 거래유형, 거래금액, 수수료, 처리상태, 거래일시) VALUES (379, 4, 96, NULL, '출금', 90000, 0, '성공', '2025-07-23 02:11:01');
INSERT INTO 거래내역 (거래ID, ATM_ID, 계좌ID, 연관거래ID, 거래유형, 거래금액, 수수료, 처리상태, 거래일시) VALUES (380, 9, 28, NULL, '출금', 230000, 1000, '성공', '2025-07-23 13:22:56');
INSERT INTO 거래내역 (거래ID, ATM_ID, 계좌ID, 연관거래ID, 거래유형, 거래금액, 수수료, 처리상태, 거래일시) VALUES (381, 7, 111, NULL, '입금', 580000, 0, '성공', '2025-07-24 20:11:50');
INSERT INTO 거래내역 (거래ID, ATM_ID, 계좌ID, 연관거래ID, 거래유형, 거래금액, 수수료, 처리상태, 거래일시) VALUES (382, 20, 59, NULL, '출금', 330000, 1000, '성공', '2025-07-26 12:53:41');
INSERT INTO 거래내역 (거래ID, ATM_ID, 계좌ID, 연관거래ID, 거래유형, 거래금액, 수수료, 처리상태, 거래일시) VALUES (383, 13, 123, NULL, '출금', 230000, 0, '성공', '2025-07-27 09:57:22');
INSERT INTO 거래내역 (거래ID, ATM_ID, 계좌ID, 연관거래ID, 거래유형, 거래금액, 수수료, 처리상태, 거래일시) VALUES (384, 5, 95, NULL, '출금', 330000, 0, '성공', '2025-07-29 03:51:57');
INSERT INTO 거래내역 (거래ID, ATM_ID, 계좌ID, 연관거래ID, 거래유형, 거래금액, 수수료, 처리상태, 거래일시) VALUES (385, 8, 138, NULL, '출금', 180000, 0, '성공', '2025-07-29 09:53:21');
INSERT INTO 거래내역 (거래ID, ATM_ID, 계좌ID, 연관거래ID, 거래유형, 거래금액, 수수료, 처리상태, 거래일시) VALUES (386, 26, 93, NULL, '출금', 50000, 0, '성공', '2025-07-31 04:05:07');
INSERT INTO 거래내역 (거래ID, ATM_ID, 계좌ID, 연관거래ID, 거래유형, 거래금액, 수수료, 처리상태, 거래일시) VALUES (387, 14, 104, NULL, '입금', 590000, 0, '성공', '2025-08-01 08:51:17');
INSERT INTO 거래내역 (거래ID, ATM_ID, 계좌ID, 연관거래ID, 거래유형, 거래금액, 수수료, 처리상태, 거래일시) VALUES (388, 17, 115, NULL, '출금', 440000, 0, '성공', '2025-08-01 23:24:38');
INSERT INTO 거래내역 (거래ID, ATM_ID, 계좌ID, 연관거래ID, 거래유형, 거래금액, 수수료, 처리상태, 거래일시) VALUES (389, 14, 93, NULL, '출금', 250000, 1000, '성공', '2025-08-03 01:10:44');
INSERT INTO 거래내역 (거래ID, ATM_ID, 계좌ID, 연관거래ID, 거래유형, 거래금액, 수수료, 처리상태, 거래일시) VALUES (390, 27, 84, NULL, '출금', 500000, 0, '실패', '2025-08-04 21:42:28');
INSERT INTO 거래내역 (거래ID, ATM_ID, 계좌ID, 연관거래ID, 거래유형, 거래금액, 수수료, 처리상태, 거래일시) VALUES (391, 15, 34, 392, '이체(출금)', 280000, 1000, '성공', '2025-08-05 15:19:23');
INSERT INTO 거래내역 (거래ID, ATM_ID, 계좌ID, 연관거래ID, 거래유형, 거래금액, 수수료, 처리상태, 거래일시) VALUES (392, 15, 95, 391, '이체(입금)', 280000, 0, '성공', '2025-08-05 15:19:23');
INSERT INTO 거래내역 (거래ID, ATM_ID, 계좌ID, 연관거래ID, 거래유형, 거래금액, 수수료, 처리상태, 거래일시) VALUES (393, 13, 59, NULL, '입금', 490000, 0, '실패', '2025-08-06 08:56:48');
INSERT INTO 거래내역 (거래ID, ATM_ID, 계좌ID, 연관거래ID, 거래유형, 거래금액, 수수료, 처리상태, 거래일시) VALUES (394, 24, 54, NULL, '출금', 500000, 0, '성공', '2025-08-08 15:10:02');
INSERT INTO 거래내역 (거래ID, ATM_ID, 계좌ID, 연관거래ID, 거래유형, 거래금액, 수수료, 처리상태, 거래일시) VALUES (395, 19, 75, NULL, '입금', 300000, 0, '성공', '2025-08-12 11:36:39');
INSERT INTO 거래내역 (거래ID, ATM_ID, 계좌ID, 연관거래ID, 거래유형, 거래금액, 수수료, 처리상태, 거래일시) VALUES (396, 3, 12, NULL, '출금', 420000, 1000, '성공', '2025-08-13 09:38:08');
INSERT INTO 거래내역 (거래ID, ATM_ID, 계좌ID, 연관거래ID, 거래유형, 거래금액, 수수료, 처리상태, 거래일시) VALUES (397, 13, 73, 398, '이체(출금)', 180000, 1000, '성공', '2025-08-14 04:45:17');
INSERT INTO 거래내역 (거래ID, ATM_ID, 계좌ID, 연관거래ID, 거래유형, 거래금액, 수수료, 처리상태, 거래일시) VALUES (398, 13, 126, 397, '이체(입금)', 180000, 0, '성공', '2025-08-14 04:45:17');
INSERT INTO 거래내역 (거래ID, ATM_ID, 계좌ID, 연관거래ID, 거래유형, 거래금액, 수수료, 처리상태, 거래일시) VALUES (399, 19, 133, NULL, '입금', 720000, 0, '성공', '2025-08-17 20:56:37');
INSERT INTO 거래내역 (거래ID, ATM_ID, 계좌ID, 연관거래ID, 거래유형, 거래금액, 수수료, 처리상태, 거래일시) VALUES (400, 9, 27, NULL, '출금', 500000, 0, '성공', '2025-08-18 12:06:23');
INSERT INTO 거래내역 (거래ID, ATM_ID, 계좌ID, 연관거래ID, 거래유형, 거래금액, 수수료, 처리상태, 거래일시) VALUES (401, 25, 29, NULL, '출금', 270000, 1000, '성공', '2025-08-20 11:12:07');
INSERT INTO 거래내역 (거래ID, ATM_ID, 계좌ID, 연관거래ID, 거래유형, 거래금액, 수수료, 처리상태, 거래일시) VALUES (402, 1, 67, NULL, '입금', 710000, 0, '성공', '2025-08-21 21:05:09');
INSERT INTO 거래내역 (거래ID, ATM_ID, 계좌ID, 연관거래ID, 거래유형, 거래금액, 수수료, 처리상태, 거래일시) VALUES (403, 5, 28, NULL, '출금', 400000, 0, '실패', '2025-08-23 08:42:43');
INSERT INTO 거래내역 (거래ID, ATM_ID, 계좌ID, 연관거래ID, 거래유형, 거래금액, 수수료, 처리상태, 거래일시) VALUES (404, 7, 77, NULL, '입금', 790000, 0, '성공', '2025-08-27 03:05:08');
INSERT INTO 거래내역 (거래ID, ATM_ID, 계좌ID, 연관거래ID, 거래유형, 거래금액, 수수료, 처리상태, 거래일시) VALUES (405, 10, 16, NULL, '입금', 720000, 0, '성공', '2025-08-28 06:22:35');
INSERT INTO 거래내역 (거래ID, ATM_ID, 계좌ID, 연관거래ID, 거래유형, 거래금액, 수수료, 처리상태, 거래일시) VALUES (406, 17, 93, NULL, '출금', 330000, 0, '성공', '2025-08-30 03:58:13');
INSERT INTO 거래내역 (거래ID, ATM_ID, 계좌ID, 연관거래ID, 거래유형, 거래금액, 수수료, 처리상태, 거래일시) VALUES (407, 24, 24, NULL, '출금', 400000, 1000, '성공', '2025-08-31 18:27:42');
INSERT INTO 거래내역 (거래ID, ATM_ID, 계좌ID, 연관거래ID, 거래유형, 거래금액, 수수료, 처리상태, 거래일시) VALUES (408, 26, 101, NULL, '출금', 90000, 0, '성공', '2025-09-01 03:05:04');
INSERT INTO 거래내역 (거래ID, ATM_ID, 계좌ID, 연관거래ID, 거래유형, 거래금액, 수수료, 처리상태, 거래일시) VALUES (409, 19, 100, NULL, '입금', 540000, 0, '성공', '2025-09-02 05:01:10');
INSERT INTO 거래내역 (거래ID, ATM_ID, 계좌ID, 연관거래ID, 거래유형, 거래금액, 수수료, 처리상태, 거래일시) VALUES (410, 20, 84, NULL, '출금', 250000, 0, '성공', '2025-09-03 19:19:01');
INSERT INTO 거래내역 (거래ID, ATM_ID, 계좌ID, 연관거래ID, 거래유형, 거래금액, 수수료, 처리상태, 거래일시) VALUES (411, 14, 142, NULL, '입금', 120000, 0, '성공', '2025-09-03 21:46:26');
INSERT INTO 거래내역 (거래ID, ATM_ID, 계좌ID, 연관거래ID, 거래유형, 거래금액, 수수료, 처리상태, 거래일시) VALUES (412, 4, 9, NULL, '입금', 580000, 0, '성공', '2025-09-04 01:46:20');
INSERT INTO 거래내역 (거래ID, ATM_ID, 계좌ID, 연관거래ID, 거래유형, 거래금액, 수수료, 처리상태, 거래일시) VALUES (413, 28, 87, NULL, '출금', 440000, 0, '성공', '2025-09-04 01:54:23');
INSERT INTO 거래내역 (거래ID, ATM_ID, 계좌ID, 연관거래ID, 거래유형, 거래금액, 수수료, 처리상태, 거래일시) VALUES (414, 9, 22, 415, '이체(출금)', 180000, 0, '성공', '2025-09-07 21:50:44');
INSERT INTO 거래내역 (거래ID, ATM_ID, 계좌ID, 연관거래ID, 거래유형, 거래금액, 수수료, 처리상태, 거래일시) VALUES (415, 9, 74, 414, '이체(입금)', 180000, 0, '성공', '2025-09-07 21:50:44');
INSERT INTO 거래내역 (거래ID, ATM_ID, 계좌ID, 연관거래ID, 거래유형, 거래금액, 수수료, 처리상태, 거래일시) VALUES (416, 10, 51, NULL, '출금', 120000, 1000, '성공', '2025-09-08 05:33:56');
INSERT INTO 거래내역 (거래ID, ATM_ID, 계좌ID, 연관거래ID, 거래유형, 거래금액, 수수료, 처리상태, 거래일시) VALUES (417, 11, 117, NULL, '출금', 330000, 1000, '성공', '2025-09-11 15:39:47');
INSERT INTO 거래내역 (거래ID, ATM_ID, 계좌ID, 연관거래ID, 거래유형, 거래금액, 수수료, 처리상태, 거래일시) VALUES (418, 17, 49, NULL, '출금', 210000, 1000, '성공', '2025-09-11 17:19:01');
INSERT INTO 거래내역 (거래ID, ATM_ID, 계좌ID, 연관거래ID, 거래유형, 거래금액, 수수료, 처리상태, 거래일시) VALUES (419, 9, 20, NULL, '입금', 440000, 0, '성공', '2025-09-11 22:21:00');
INSERT INTO 거래내역 (거래ID, ATM_ID, 계좌ID, 연관거래ID, 거래유형, 거래금액, 수수료, 처리상태, 거래일시) VALUES (420, 19, 117, NULL, '출금', 100000, 0, '성공', '2025-09-12 18:46:08');
INSERT INTO 거래내역 (거래ID, ATM_ID, 계좌ID, 연관거래ID, 거래유형, 거래금액, 수수료, 처리상태, 거래일시) VALUES (421, 8, 39, NULL, '출금', 360000, 0, '성공', '2025-09-15 19:12:56');
INSERT INTO 거래내역 (거래ID, ATM_ID, 계좌ID, 연관거래ID, 거래유형, 거래금액, 수수료, 처리상태, 거래일시) VALUES (422, 20, 143, NULL, '출금', 20000, 1000, '성공', '2025-09-15 23:57:03');
INSERT INTO 거래내역 (거래ID, ATM_ID, 계좌ID, 연관거래ID, 거래유형, 거래금액, 수수료, 처리상태, 거래일시) VALUES (423, 17, 135, NULL, '출금', 340000, 0, '성공', '2025-09-16 05:46:47');
INSERT INTO 거래내역 (거래ID, ATM_ID, 계좌ID, 연관거래ID, 거래유형, 거래금액, 수수료, 처리상태, 거래일시) VALUES (424, 22, 50, NULL, '출금', 120000, 0, '실패', '2025-09-17 23:15:19');
INSERT INTO 거래내역 (거래ID, ATM_ID, 계좌ID, 연관거래ID, 거래유형, 거래금액, 수수료, 처리상태, 거래일시) VALUES (425, 29, 142, NULL, '출금', 90000, 1000, '성공', '2025-09-18 03:08:20');
INSERT INTO 거래내역 (거래ID, ATM_ID, 계좌ID, 연관거래ID, 거래유형, 거래금액, 수수료, 처리상태, 거래일시) VALUES (426, 16, 129, NULL, '출금', 500000, 0, '성공', '2025-09-18 17:10:14');
INSERT INTO 거래내역 (거래ID, ATM_ID, 계좌ID, 연관거래ID, 거래유형, 거래금액, 수수료, 처리상태, 거래일시) VALUES (427, 17, 129, NULL, '출금', 150000, 0, '성공', '2025-09-21 01:34:43');
INSERT INTO 거래내역 (거래ID, ATM_ID, 계좌ID, 연관거래ID, 거래유형, 거래금액, 수수료, 처리상태, 거래일시) VALUES (428, 25, 87, NULL, '출금', 500000, 0, '성공', '2025-09-24 04:46:16');
INSERT INTO 거래내역 (거래ID, ATM_ID, 계좌ID, 연관거래ID, 거래유형, 거래금액, 수수료, 처리상태, 거래일시) VALUES (429, 25, 98, NULL, '입금', 110000, 0, '성공', '2025-09-25 10:45:15');
INSERT INTO 거래내역 (거래ID, ATM_ID, 계좌ID, 연관거래ID, 거래유형, 거래금액, 수수료, 처리상태, 거래일시) VALUES (430, 7, 81, NULL, '입금', 580000, 0, '성공', '2025-09-26 01:57:06');
INSERT INTO 거래내역 (거래ID, ATM_ID, 계좌ID, 연관거래ID, 거래유형, 거래금액, 수수료, 처리상태, 거래일시) VALUES (431, 5, 62, NULL, '입금', 250000, 0, '성공', '2025-09-26 19:10:03');
INSERT INTO 거래내역 (거래ID, ATM_ID, 계좌ID, 연관거래ID, 거래유형, 거래금액, 수수료, 처리상태, 거래일시) VALUES (432, 28, 141, NULL, '출금', 180000, 1000, '성공', '2025-09-30 22:14:50');
INSERT INTO 거래내역 (거래ID, ATM_ID, 계좌ID, 연관거래ID, 거래유형, 거래금액, 수수료, 처리상태, 거래일시) VALUES (433, 14, 65, NULL, '입금', 320000, 0, '성공', '2025-10-02 18:03:05');
INSERT INTO 거래내역 (거래ID, ATM_ID, 계좌ID, 연관거래ID, 거래유형, 거래금액, 수수료, 처리상태, 거래일시) VALUES (434, 23, 8, NULL, '출금', 320000, 0, '성공', '2025-10-04 19:51:49');
INSERT INTO 거래내역 (거래ID, ATM_ID, 계좌ID, 연관거래ID, 거래유형, 거래금액, 수수료, 처리상태, 거래일시) VALUES (435, 28, 20, NULL, '출금', 120000, 0, '성공', '2025-10-05 17:59:24');
INSERT INTO 거래내역 (거래ID, ATM_ID, 계좌ID, 연관거래ID, 거래유형, 거래금액, 수수료, 처리상태, 거래일시) VALUES (436, 19, 102, 437, '이체(출금)', 100000, 1000, '성공', '2025-10-05 18:14:33');
INSERT INTO 거래내역 (거래ID, ATM_ID, 계좌ID, 연관거래ID, 거래유형, 거래금액, 수수료, 처리상태, 거래일시) VALUES (437, 19, 108, 436, '이체(입금)', 100000, 0, '성공', '2025-10-05 18:14:33');
INSERT INTO 거래내역 (거래ID, ATM_ID, 계좌ID, 연관거래ID, 거래유형, 거래금액, 수수료, 처리상태, 거래일시) VALUES (438, 18, 44, NULL, '출금', 340000, 0, '성공', '2025-10-06 22:33:50');
INSERT INTO 거래내역 (거래ID, ATM_ID, 계좌ID, 연관거래ID, 거래유형, 거래금액, 수수료, 처리상태, 거래일시) VALUES (439, 5, 126, 440, '이체(출금)', 190000, 1000, '성공', '2025-10-09 09:47:01');
INSERT INTO 거래내역 (거래ID, ATM_ID, 계좌ID, 연관거래ID, 거래유형, 거래금액, 수수료, 처리상태, 거래일시) VALUES (440, 5, 107, 439, '이체(입금)', 190000, 0, '성공', '2025-10-09 09:47:01');
INSERT INTO 거래내역 (거래ID, ATM_ID, 계좌ID, 연관거래ID, 거래유형, 거래금액, 수수료, 처리상태, 거래일시) VALUES (441, 23, 138, NULL, '출금', 20000, 1000, '성공', '2025-10-09 18:45:51');
INSERT INTO 거래내역 (거래ID, ATM_ID, 계좌ID, 연관거래ID, 거래유형, 거래금액, 수수료, 처리상태, 거래일시) VALUES (442, 3, 37, NULL, '출금', 480000, 1000, '성공', '2025-10-10 01:06:58');
INSERT INTO 거래내역 (거래ID, ATM_ID, 계좌ID, 연관거래ID, 거래유형, 거래금액, 수수료, 처리상태, 거래일시) VALUES (443, 17, 97, 444, '이체(출금)', 30000, 0, '성공', '2025-10-10 03:23:22');
INSERT INTO 거래내역 (거래ID, ATM_ID, 계좌ID, 연관거래ID, 거래유형, 거래금액, 수수료, 처리상태, 거래일시) VALUES (444, 17, 105, 443, '이체(입금)', 30000, 0, '성공', '2025-10-10 03:23:22');
INSERT INTO 거래내역 (거래ID, ATM_ID, 계좌ID, 연관거래ID, 거래유형, 거래금액, 수수료, 처리상태, 거래일시) VALUES (445, 25, 128, NULL, '입금', 180000, 0, '성공', '2025-10-10 11:01:32');
INSERT INTO 거래내역 (거래ID, ATM_ID, 계좌ID, 연관거래ID, 거래유형, 거래금액, 수수료, 처리상태, 거래일시) VALUES (446, 5, 71, NULL, '출금', 400000, 0, '성공', '2025-10-10 21:18:44');
INSERT INTO 거래내역 (거래ID, ATM_ID, 계좌ID, 연관거래ID, 거래유형, 거래금액, 수수료, 처리상태, 거래일시) VALUES (447, 10, 40, NULL, '입금', 490000, 0, '성공', '2025-10-11 05:37:01');
INSERT INTO 거래내역 (거래ID, ATM_ID, 계좌ID, 연관거래ID, 거래유형, 거래금액, 수수료, 처리상태, 거래일시) VALUES (448, 15, 84, 449, '이체(출금)', 190000, 1000, '성공', '2025-10-11 23:39:35');
INSERT INTO 거래내역 (거래ID, ATM_ID, 계좌ID, 연관거래ID, 거래유형, 거래금액, 수수료, 처리상태, 거래일시) VALUES (449, 15, 17, 448, '이체(입금)', 190000, 0, '성공', '2025-10-11 23:39:35');
INSERT INTO 거래내역 (거래ID, ATM_ID, 계좌ID, 연관거래ID, 거래유형, 거래금액, 수수료, 처리상태, 거래일시) VALUES (450, 25, 126, NULL, '입금', 680000, 0, '성공', '2025-10-16 11:24:38');
INSERT INTO 거래내역 (거래ID, ATM_ID, 계좌ID, 연관거래ID, 거래유형, 거래금액, 수수료, 처리상태, 거래일시) VALUES (451, 16, 104, NULL, '출금', 460000, 1000, '성공', '2025-10-17 15:12:27');
INSERT INTO 거래내역 (거래ID, ATM_ID, 계좌ID, 연관거래ID, 거래유형, 거래금액, 수수료, 처리상태, 거래일시) VALUES (452, 10, 126, NULL, '입금', 930000, 0, '성공', '2025-10-19 17:51:43');
INSERT INTO 거래내역 (거래ID, ATM_ID, 계좌ID, 연관거래ID, 거래유형, 거래금액, 수수료, 처리상태, 거래일시) VALUES (453, 11, 144, NULL, '출금', 250000, 0, '성공', '2025-10-20 11:57:34');
INSERT INTO 거래내역 (거래ID, ATM_ID, 계좌ID, 연관거래ID, 거래유형, 거래금액, 수수료, 처리상태, 거래일시) VALUES (454, 24, 138, NULL, '입금', 890000, 0, '성공', '2025-10-22 06:18:26');
INSERT INTO 거래내역 (거래ID, ATM_ID, 계좌ID, 연관거래ID, 거래유형, 거래금액, 수수료, 처리상태, 거래일시) VALUES (455, 25, 91, NULL, '입금', 220000, 0, '성공', '2025-10-24 22:18:24');
INSERT INTO 거래내역 (거래ID, ATM_ID, 계좌ID, 연관거래ID, 거래유형, 거래금액, 수수료, 처리상태, 거래일시) VALUES (456, 14, 22, 457, '이체(출금)', 220000, 0, '실패', '2025-10-26 06:01:35');
INSERT INTO 거래내역 (거래ID, ATM_ID, 계좌ID, 연관거래ID, 거래유형, 거래금액, 수수료, 처리상태, 거래일시) VALUES (457, 14, 14, 456, '이체(입금)', 220000, 0, '실패', '2025-10-26 06:01:35');
INSERT INTO 거래내역 (거래ID, ATM_ID, 계좌ID, 연관거래ID, 거래유형, 거래금액, 수수료, 처리상태, 거래일시) VALUES (458, 13, 26, NULL, '출금', 460000, 0, '성공', '2025-10-27 12:12:27');
INSERT INTO 거래내역 (거래ID, ATM_ID, 계좌ID, 연관거래ID, 거래유형, 거래금액, 수수료, 처리상태, 거래일시) VALUES (459, 4, 30, NULL, '출금', 420000, 0, '성공', '2025-10-28 20:04:24');
INSERT INTO 거래내역 (거래ID, ATM_ID, 계좌ID, 연관거래ID, 거래유형, 거래금액, 수수료, 처리상태, 거래일시) VALUES (460, 16, 56, 461, '이체(출금)', 40000, 1000, '성공', '2025-10-31 09:00:44');
INSERT INTO 거래내역 (거래ID, ATM_ID, 계좌ID, 연관거래ID, 거래유형, 거래금액, 수수료, 처리상태, 거래일시) VALUES (461, 16, 78, 460, '이체(입금)', 40000, 0, '성공', '2025-10-31 09:00:44');
INSERT INTO 거래내역 (거래ID, ATM_ID, 계좌ID, 연관거래ID, 거래유형, 거래금액, 수수료, 처리상태, 거래일시) VALUES (462, 11, 3, NULL, '출금', 170000, 1000, '성공', '2025-10-31 13:05:27');
INSERT INTO 거래내역 (거래ID, ATM_ID, 계좌ID, 연관거래ID, 거래유형, 거래금액, 수수료, 처리상태, 거래일시) VALUES (463, 10, 41, 464, '이체(출금)', 30000, 1000, '성공', '2025-11-01 13:07:22');
INSERT INTO 거래내역 (거래ID, ATM_ID, 계좌ID, 연관거래ID, 거래유형, 거래금액, 수수료, 처리상태, 거래일시) VALUES (464, 10, 66, 463, '이체(입금)', 30000, 0, '성공', '2025-11-01 13:07:22');
INSERT INTO 거래내역 (거래ID, ATM_ID, 계좌ID, 연관거래ID, 거래유형, 거래금액, 수수료, 처리상태, 거래일시) VALUES (465, 10, 16, 466, '이체(출금)', 280000, 1000, '성공', '2025-11-02 04:37:11');
INSERT INTO 거래내역 (거래ID, ATM_ID, 계좌ID, 연관거래ID, 거래유형, 거래금액, 수수료, 처리상태, 거래일시) VALUES (466, 10, 35, 465, '이체(입금)', 280000, 0, '성공', '2025-11-02 04:37:11');
INSERT INTO 거래내역 (거래ID, ATM_ID, 계좌ID, 연관거래ID, 거래유형, 거래금액, 수수료, 처리상태, 거래일시) VALUES (467, 19, 55, NULL, '출금', 100000, 1000, '성공', '2025-11-03 17:33:21');
INSERT INTO 거래내역 (거래ID, ATM_ID, 계좌ID, 연관거래ID, 거래유형, 거래금액, 수수료, 처리상태, 거래일시) VALUES (468, 7, 37, NULL, '출금', 370000, 1000, '성공', '2025-11-04 14:35:31');
INSERT INTO 거래내역 (거래ID, ATM_ID, 계좌ID, 연관거래ID, 거래유형, 거래금액, 수수료, 처리상태, 거래일시) VALUES (469, 7, 40, NULL, '출금', 110000, 1000, '성공', '2025-11-05 22:44:11');
INSERT INTO 거래내역 (거래ID, ATM_ID, 계좌ID, 연관거래ID, 거래유형, 거래금액, 수수료, 처리상태, 거래일시) VALUES (470, 27, 29, NULL, '입금', 50000, 0, '성공', '2025-11-07 15:15:50');
INSERT INTO 거래내역 (거래ID, ATM_ID, 계좌ID, 연관거래ID, 거래유형, 거래금액, 수수료, 처리상태, 거래일시) VALUES (471, 8, 144, NULL, '출금', 210000, 0, '성공', '2025-11-09 17:25:01');
INSERT INTO 거래내역 (거래ID, ATM_ID, 계좌ID, 연관거래ID, 거래유형, 거래금액, 수수료, 처리상태, 거래일시) VALUES (472, 22, 107, NULL, '출금', 120000, 0, '실패', '2025-11-11 03:07:01');
INSERT INTO 거래내역 (거래ID, ATM_ID, 계좌ID, 연관거래ID, 거래유형, 거래금액, 수수료, 처리상태, 거래일시) VALUES (473, 26, 61, NULL, '출금', 40000, 1000, '성공', '2025-11-14 04:18:15');
INSERT INTO 거래내역 (거래ID, ATM_ID, 계좌ID, 연관거래ID, 거래유형, 거래금액, 수수료, 처리상태, 거래일시) VALUES (474, 11, 32, NULL, '출금', 370000, 1000, '성공', '2025-11-23 19:46:37');
INSERT INTO 거래내역 (거래ID, ATM_ID, 계좌ID, 연관거래ID, 거래유형, 거래금액, 수수료, 처리상태, 거래일시) VALUES (475, 1, 37, NULL, '출금', 390000, 1000, '성공', '2025-11-25 15:57:12');
INSERT INTO 거래내역 (거래ID, ATM_ID, 계좌ID, 연관거래ID, 거래유형, 거래금액, 수수료, 처리상태, 거래일시) VALUES (476, 4, 73, NULL, '출금', 440000, 1000, '성공', '2025-11-25 21:35:43');
INSERT INTO 거래내역 (거래ID, ATM_ID, 계좌ID, 연관거래ID, 거래유형, 거래금액, 수수료, 처리상태, 거래일시) VALUES (477, 13, 121, NULL, '출금', 70000, 1000, '성공', '2025-11-28 05:00:18');
INSERT INTO 거래내역 (거래ID, ATM_ID, 계좌ID, 연관거래ID, 거래유형, 거래금액, 수수료, 처리상태, 거래일시) VALUES (478, 28, 98, NULL, '출금', 100000, 1000, '성공', '2025-11-28 08:49:05');
INSERT INTO 거래내역 (거래ID, ATM_ID, 계좌ID, 연관거래ID, 거래유형, 거래금액, 수수료, 처리상태, 거래일시) VALUES (479, 26, 114, NULL, '출금', 60000, 0, '성공', '2025-11-29 11:38:09');
INSERT INTO 거래내역 (거래ID, ATM_ID, 계좌ID, 연관거래ID, 거래유형, 거래금액, 수수료, 처리상태, 거래일시) VALUES (480, 8, 140, NULL, '입금', 240000, 0, '성공', '2025-11-29 20:01:42');
INSERT INTO 거래내역 (거래ID, ATM_ID, 계좌ID, 연관거래ID, 거래유형, 거래금액, 수수료, 처리상태, 거래일시) VALUES (481, 15, 97, NULL, '입금', 110000, 0, '성공', '2025-11-30 19:38:07');
INSERT INTO 거래내역 (거래ID, ATM_ID, 계좌ID, 연관거래ID, 거래유형, 거래금액, 수수료, 처리상태, 거래일시) VALUES (482, 26, 58, NULL, '입금', 390000, 0, '성공', '2025-12-01 02:56:06');
INSERT INTO 거래내역 (거래ID, ATM_ID, 계좌ID, 연관거래ID, 거래유형, 거래금액, 수수료, 처리상태, 거래일시) VALUES (483, 18, 141, NULL, '입금', 840000, 0, '성공', '2025-12-02 12:17:25');
INSERT INTO 거래내역 (거래ID, ATM_ID, 계좌ID, 연관거래ID, 거래유형, 거래금액, 수수료, 처리상태, 거래일시) VALUES (484, 9, 134, NULL, '입금', 220000, 0, '성공', '2025-12-02 13:51:43');
INSERT INTO 거래내역 (거래ID, ATM_ID, 계좌ID, 연관거래ID, 거래유형, 거래금액, 수수료, 처리상태, 거래일시) VALUES (485, 30, 45, NULL, '출금', 500000, 0, '성공', '2025-12-02 16:54:59');
INSERT INTO 거래내역 (거래ID, ATM_ID, 계좌ID, 연관거래ID, 거래유형, 거래금액, 수수료, 처리상태, 거래일시) VALUES (486, 11, 117, NULL, '출금', 50000, 1000, '성공', '2025-12-06 02:10:52');
INSERT INTO 거래내역 (거래ID, ATM_ID, 계좌ID, 연관거래ID, 거래유형, 거래금액, 수수료, 처리상태, 거래일시) VALUES (487, 16, 1, 488, '이체(출금)', 70000, 1000, '성공', '2025-12-06 04:48:10');
INSERT INTO 거래내역 (거래ID, ATM_ID, 계좌ID, 연관거래ID, 거래유형, 거래금액, 수수료, 처리상태, 거래일시) VALUES (488, 16, 79, 487, '이체(입금)', 70000, 0, '성공', '2025-12-06 04:48:10');
INSERT INTO 거래내역 (거래ID, ATM_ID, 계좌ID, 연관거래ID, 거래유형, 거래금액, 수수료, 처리상태, 거래일시) VALUES (489, 26, 110, NULL, '출금', 110000, 0, '성공', '2025-12-07 16:09:43');
INSERT INTO 거래내역 (거래ID, ATM_ID, 계좌ID, 연관거래ID, 거래유형, 거래금액, 수수료, 처리상태, 거래일시) VALUES (490, 13, 48, NULL, '출금', 320000, 1000, '성공', '2025-12-09 18:06:51');
INSERT INTO 거래내역 (거래ID, ATM_ID, 계좌ID, 연관거래ID, 거래유형, 거래금액, 수수료, 처리상태, 거래일시) VALUES (491, 2, 59, NULL, '입금', 280000, 0, '성공', '2025-12-09 20:38:09');
INSERT INTO 거래내역 (거래ID, ATM_ID, 계좌ID, 연관거래ID, 거래유형, 거래금액, 수수료, 처리상태, 거래일시) VALUES (492, 27, 132, 493, '이체(출금)', 90000, 1000, '성공', '2025-12-12 13:26:14');
INSERT INTO 거래내역 (거래ID, ATM_ID, 계좌ID, 연관거래ID, 거래유형, 거래금액, 수수료, 처리상태, 거래일시) VALUES (493, 27, 117, 492, '이체(입금)', 90000, 0, '성공', '2025-12-12 13:26:14');
INSERT INTO 거래내역 (거래ID, ATM_ID, 계좌ID, 연관거래ID, 거래유형, 거래금액, 수수료, 처리상태, 거래일시) VALUES (494, 15, 82, NULL, '입금', 380000, 0, '성공', '2025-12-12 23:02:35');
INSERT INTO 거래내역 (거래ID, ATM_ID, 계좌ID, 연관거래ID, 거래유형, 거래금액, 수수료, 처리상태, 거래일시) VALUES (495, 18, 25, NULL, '입금', 570000, 0, '성공', '2025-12-14 16:28:23');
INSERT INTO 거래내역 (거래ID, ATM_ID, 계좌ID, 연관거래ID, 거래유형, 거래금액, 수수료, 처리상태, 거래일시) VALUES (496, 11, 5, NULL, '입금', 650000, 0, '성공', '2025-12-15 15:40:36');
INSERT INTO 거래내역 (거래ID, ATM_ID, 계좌ID, 연관거래ID, 거래유형, 거래금액, 수수료, 처리상태, 거래일시) VALUES (497, 24, 102, 498, '이체(출금)', 100000, 1000, '성공', '2025-12-17 08:31:29');
INSERT INTO 거래내역 (거래ID, ATM_ID, 계좌ID, 연관거래ID, 거래유형, 거래금액, 수수료, 처리상태, 거래일시) VALUES (498, 24, 111, 497, '이체(입금)', 100000, 0, '성공', '2025-12-17 08:31:29');
INSERT INTO 거래내역 (거래ID, ATM_ID, 계좌ID, 연관거래ID, 거래유형, 거래금액, 수수료, 처리상태, 거래일시) VALUES (499, 20, 10, NULL, '입금', 470000, 0, '성공', '2025-12-19 19:32:53');
INSERT INTO 거래내역 (거래ID, ATM_ID, 계좌ID, 연관거래ID, 거래유형, 거래금액, 수수료, 처리상태, 거래일시) VALUES (500, 30, 33, NULL, '출금', 430000, 0, '성공', '2025-12-20 19:09:55');
SET FOREIGN_KEY_CHECKS = 1;

-- ATM장애로그 (40건)
INSERT INTO ATM장애로그 (장애ID, ATM_ID, 관리자ID, 장애유형, 상세내용, 처리상태, 발생일시, 처리완료일시) VALUES (1, 6, 4, '현금부족', '내부 현금 보관 잔액 부족', '미처리', '2024-02-13 20:33:50', NULL);
INSERT INTO ATM장애로그 (장애ID, ATM_ID, 관리자ID, 장애유형, 상세내용, 처리상태, 발생일시, 처리완료일시) VALUES (2, 12, 6, '현금부족', '내부 현금 보관 잔액 부족', '미처리', '2024-02-25 17:09:09', NULL);
INSERT INTO ATM장애로그 (장애ID, ATM_ID, 관리자ID, 장애유형, 상세내용, 처리상태, 발생일시, 처리완료일시) VALUES (3, 21, 9, '카드리더오류', '셔터 개폐 비정상', '미처리', '2024-03-08 20:49:06', NULL);
INSERT INTO ATM장애로그 (장애ID, ATM_ID, 관리자ID, 장애유형, 상세내용, 처리상태, 발생일시, 처리완료일시) VALUES (4, 6, 4, '전산오류', 'IC 버퍼 오버플로우', '미처리', '2024-03-20 16:56:26', NULL);
INSERT INTO ATM장애로그 (장애ID, ATM_ID, 관리자ID, 장애유형, 상세내용, 처리상태, 발생일시, 처리완료일시) VALUES (5, 12, 6, '현금부족', '내부 현금 보관 잔액 부족', '미처리', '2024-04-01 21:31:36', NULL);
INSERT INTO ATM장애로그 (장애ID, ATM_ID, 관리자ID, 장애유형, 상세내용, 처리상태, 발생일시, 처리완료일시) VALUES (6, 21, 9, '카드리더오류', '셔터 개폐 비정상', '미처리', '2024-04-13 13:17:25', NULL);
INSERT INTO ATM장애로그 (장애ID, ATM_ID, 관리자ID, 장애유형, 상세내용, 처리상태, 발생일시, 처리완료일시) VALUES (7, 6, 4, '현금부족', '내부 현금 보관 잔액 부족', '미처리', '2024-04-25 20:43:44', NULL);
INSERT INTO ATM장애로그 (장애ID, ATM_ID, 관리자ID, 장애유형, 상세내용, 처리상태, 발생일시, 처리완료일시) VALUES (8, 12, 6, '기계오류', '지폐 방출기 세그먼트 걸림', '미처리', '2024-05-07 17:56:56', NULL);
INSERT INTO ATM장애로그 (장애ID, ATM_ID, 관리자ID, 장애유형, 상세내용, 처리상태, 발생일시, 처리완료일시) VALUES (9, 21, 9, '네트워크', '통신 모듈 패킷 유실', '미처리', '2024-05-19 11:47:30', NULL);
INSERT INTO ATM장애로그 (장애ID, ATM_ID, 관리자ID, 장애유형, 상세내용, 처리상태, 발생일시, 처리완료일시) VALUES (10, 6, 4, '네트워크', '통신 모듈 패킷 유실', '미처리', '2024-05-31 11:21:52', NULL);
INSERT INTO ATM장애로그 (장애ID, ATM_ID, 관리자ID, 장애유형, 상세내용, 처리상태, 발생일시, 처리완료일시) VALUES (11, 12, 6, '기계오류', '지폐 방출기 세그먼트 걸림', '미처리', '2024-06-12 15:53:31', NULL);
INSERT INTO ATM장애로그 (장애ID, ATM_ID, 관리자ID, 장애유형, 상세내용, 처리상태, 발생일시, 처리완료일시) VALUES (12, 21, 9, '네트워크', '통신 모듈 패킷 유실', '미처리', '2024-06-24 13:19:47', NULL);
INSERT INTO ATM장애로그 (장애ID, ATM_ID, 관리자ID, 장애유형, 상세내용, 처리상태, 발생일시, 처리완료일시) VALUES (13, 23, 10, '전산오류', 'IC 버퍼 오버플로우', '처리완료', '2024-07-06 15:46:26', '2024-07-06 18:14:39');
INSERT INTO ATM장애로그 (장애ID, ATM_ID, 관리자ID, 장애유형, 상세내용, 처리상태, 발생일시, 처리완료일시) VALUES (14, 14, 7, '카드리더오류', '셔터 개폐 비정상', '처리완료', '2024-07-18 18:48:33', '2024-07-18 20:52:52');
INSERT INTO ATM장애로그 (장애ID, ATM_ID, 관리자ID, 장애유형, 상세내용, 처리상태, 발생일시, 처리완료일시) VALUES (15, 19, 9, '기계오류', '지폐 방출기 세그먼트 걸림', '처리완료', '2024-07-30 17:08:49', '2024-07-30 19:21:45');
INSERT INTO ATM장애로그 (장애ID, ATM_ID, 관리자ID, 장애유형, 상세내용, 처리상태, 발생일시, 처리완료일시) VALUES (16, 17, 8, '네트워크', '통신 모듈 패킷 유실', '처리완료', '2024-08-11 11:15:02', '2024-08-11 15:00:14');
INSERT INTO ATM장애로그 (장애ID, ATM_ID, 관리자ID, 장애유형, 상세내용, 처리상태, 발생일시, 처리완료일시) VALUES (17, 19, 9, '기계오류', '지폐 방출기 세그먼트 걸림', '처리완료', '2024-08-23 16:52:29', '2024-08-23 18:35:30');
INSERT INTO ATM장애로그 (장애ID, ATM_ID, 관리자ID, 장애유형, 상세내용, 처리상태, 발생일시, 처리완료일시) VALUES (18, 17, 8, '네트워크', '통신 모듈 패킷 유실', '처리완료', '2024-09-04 16:31:38', '2024-09-04 21:09:13');
INSERT INTO ATM장애로그 (장애ID, ATM_ID, 관리자ID, 장애유형, 상세내용, 처리상태, 발생일시, 처리완료일시) VALUES (19, 10, 6, '현금부족', '내부 현금 보관 잔액 부족', '처리완료', '2024-09-16 16:10:53', '2024-09-16 19:12:17');
INSERT INTO ATM장애로그 (장애ID, ATM_ID, 관리자ID, 장애유형, 상세내용, 처리상태, 발생일시, 처리완료일시) VALUES (20, 28, 12, '기계오류', '지폐 방출기 세그먼트 걸림', '처리완료', '2024-09-28 13:54:36', '2024-09-28 16:35:50');
INSERT INTO ATM장애로그 (장애ID, ATM_ID, 관리자ID, 장애유형, 상세내용, 처리상태, 발생일시, 처리완료일시) VALUES (21, 19, 9, '기계오류', '지폐 방출기 세그먼트 걸림', '처리완료', '2024-10-10 15:41:26', '2024-10-10 17:12:24');
INSERT INTO ATM장애로그 (장애ID, ATM_ID, 관리자ID, 장애유형, 상세내용, 처리상태, 발생일시, 처리완료일시) VALUES (22, 29, 12, '네트워크', '통신 모듈 패킷 유실', '처리완료', '2024-10-22 21:11:38', '2024-10-22 23:28:16');
INSERT INTO ATM장애로그 (장애ID, ATM_ID, 관리자ID, 장애유형, 상세내용, 처리상태, 발생일시, 처리완료일시) VALUES (23, 15, 7, '전산오류', 'IC 버퍼 오버플로우', '처리완료', '2024-11-03 21:17:27', '2024-11-04 01:33:40');
INSERT INTO ATM장애로그 (장애ID, ATM_ID, 관리자ID, 장애유형, 상세내용, 처리상태, 발생일시, 처리완료일시) VALUES (24, 30, 12, '네트워크', '통신 모듈 패킷 유실', '처리완료', '2024-11-15 15:43:33', '2024-11-15 16:44:05');
INSERT INTO ATM장애로그 (장애ID, ATM_ID, 관리자ID, 장애유형, 상세내용, 처리상태, 발생일시, 처리완료일시) VALUES (25, 23, 10, '전산오류', 'IC 버퍼 오버플로우', '처리완료', '2024-11-27 19:41:38', '2024-11-27 23:24:44');
INSERT INTO ATM장애로그 (장애ID, ATM_ID, 관리자ID, 장애유형, 상세내용, 처리상태, 발생일시, 처리완료일시) VALUES (26, 24, 10, '네트워크', '통신 모듈 패킷 유실', '처리완료', '2024-12-09 12:21:17', '2024-12-09 15:37:58');
INSERT INTO ATM장애로그 (장애ID, ATM_ID, 관리자ID, 장애유형, 상세내용, 처리상태, 발생일시, 처리완료일시) VALUES (27, 28, 12, '카드리더오류', '셔터 개폐 비정상', '처리완료', '2024-12-21 14:09:33', '2024-12-21 16:01:27');
INSERT INTO ATM장애로그 (장애ID, ATM_ID, 관리자ID, 장애유형, 상세내용, 처리상태, 발생일시, 처리완료일시) VALUES (28, 25, 11, '네트워크', '통신 모듈 패킷 유실', '처리완료', '2025-01-02 17:42:20', '2025-01-02 19:23:51');
INSERT INTO ATM장애로그 (장애ID, ATM_ID, 관리자ID, 장애유형, 상세내용, 처리상태, 발생일시, 처리완료일시) VALUES (29, 15, 7, '카드리더오류', '셔터 개폐 비정상', '처리완료', '2025-01-14 15:58:26', '2025-01-14 17:36:11');
INSERT INTO ATM장애로그 (장애ID, ATM_ID, 관리자ID, 장애유형, 상세내용, 처리상태, 발생일시, 처리완료일시) VALUES (30, 26, 11, '네트워크', '통신 모듈 패킷 유실', '처리완료', '2025-01-26 14:21:46', '2025-01-26 19:20:28');
INSERT INTO ATM장애로그 (장애ID, ATM_ID, 관리자ID, 장애유형, 상세내용, 처리상태, 발생일시, 처리완료일시) VALUES (31, 7, 5, '기계오류', '지폐 방출기 세그먼트 걸림', '처리완료', '2025-02-07 19:19:54', '2025-02-07 22:26:24');
INSERT INTO ATM장애로그 (장애ID, ATM_ID, 관리자ID, 장애유형, 상세내용, 처리상태, 발생일시, 처리완료일시) VALUES (32, 20, 9, '기계오류', '지폐 방출기 세그먼트 걸림', '처리완료', '2025-02-19 15:46:51', '2025-02-19 19:27:56');
INSERT INTO ATM장애로그 (장애ID, ATM_ID, 관리자ID, 장애유형, 상세내용, 처리상태, 발생일시, 처리완료일시) VALUES (33, 11, 6, '카드리더오류', '셔터 개폐 비정상', '처리완료', '2025-03-03 16:14:47', '2025-03-03 19:38:03');
INSERT INTO ATM장애로그 (장애ID, ATM_ID, 관리자ID, 장애유형, 상세내용, 처리상태, 발생일시, 처리완료일시) VALUES (34, 4, 4, '카드리더오류', '셔터 개폐 비정상', '처리완료', '2025-03-15 15:29:54', '2025-03-15 17:25:34');
INSERT INTO ATM장애로그 (장애ID, ATM_ID, 관리자ID, 장애유형, 상세내용, 처리상태, 발생일시, 처리완료일시) VALUES (35, 18, 8, '전산오류', 'IC 버퍼 오버플로우', '처리완료', '2025-03-27 20:39:04', '2025-03-27 22:34:47');
INSERT INTO ATM장애로그 (장애ID, ATM_ID, 관리자ID, 장애유형, 상세내용, 처리상태, 발생일시, 처리완료일시) VALUES (36, 2, 3, '전산오류', 'IC 버퍼 오버플로우', '처리완료', '2025-04-08 19:19:26', '2025-04-08 21:31:47');
INSERT INTO ATM장애로그 (장애ID, ATM_ID, 관리자ID, 장애유형, 상세내용, 처리상태, 발생일시, 처리완료일시) VALUES (37, 17, 8, '기계오류', '지폐 방출기 세그먼트 걸림', '처리완료', '2025-04-20 20:57:58', '2025-04-21 00:53:43');
INSERT INTO ATM장애로그 (장애ID, ATM_ID, 관리자ID, 장애유형, 상세내용, 처리상태, 발생일시, 처리완료일시) VALUES (38, 24, 10, '현금부족', '내부 현금 보관 잔액 부족', '처리완료', '2025-05-02 12:31:21', '2025-05-02 16:11:24');
INSERT INTO ATM장애로그 (장애ID, ATM_ID, 관리자ID, 장애유형, 상세내용, 처리상태, 발생일시, 처리완료일시) VALUES (39, 28, 12, '현금부족', '내부 현금 보관 잔액 부족', '처리완료', '2025-05-14 18:17:13', '2025-05-14 20:49:03');
INSERT INTO ATM장애로그 (장애ID, ATM_ID, 관리자ID, 장애유형, 상세내용, 처리상태, 발생일시, 처리완료일시) VALUES (40, 24, 10, '전산오류', 'IC 버퍼 오버플로우', '처리완료', '2025-05-26 13:39:27', '2025-05-26 18:06:57');

-- 현금보충 (40건)
INSERT INTO 현금보충 (보충ID, ATM_ID, 관리자ID, 보충금액, 보충일시) VALUES (1, 30, 12, 3000000, '2024-03-29 10:14:14');
INSERT INTO 현금보충 (보충ID, ATM_ID, 관리자ID, 보충금액, 보충일시) VALUES (2, 7, 5, 2000000, '2024-04-12 14:32:10');
INSERT INTO 현금보충 (보충ID, ATM_ID, 관리자ID, 보충금액, 보충일시) VALUES (3, 12, 6, 5000000, '2024-04-26 13:56:40');
INSERT INTO 현금보충 (보충ID, ATM_ID, 관리자ID, 보충금액, 보충일시) VALUES (4, 25, 11, 2000000, '2024-05-10 14:03:42');
INSERT INTO 현금보충 (보충ID, ATM_ID, 관리자ID, 보충금액, 보충일시) VALUES (5, 21, 9, 7000000, '2024-05-24 10:44:07');
INSERT INTO 현금보충 (보충ID, ATM_ID, 관리자ID, 보충금액, 보충일시) VALUES (6, 15, 7, 8000000, '2024-06-07 10:35:16');
INSERT INTO 현금보충 (보충ID, ATM_ID, 관리자ID, 보충금액, 보충일시) VALUES (7, 23, 10, 1000000, '2024-06-21 11:44:43');
INSERT INTO 현금보충 (보충ID, ATM_ID, 관리자ID, 보충금액, 보충일시) VALUES (8, 10, 6, 5000000, '2024-07-05 10:42:33');
INSERT INTO 현금보충 (보충ID, ATM_ID, 관리자ID, 보충금액, 보충일시) VALUES (9, 20, 9, 2000000, '2024-07-19 13:53:57');
INSERT INTO 현금보충 (보충ID, ATM_ID, 관리자ID, 보충금액, 보충일시) VALUES (10, 17, 8, 2000000, '2024-08-02 12:07:50');
INSERT INTO 현금보충 (보충ID, ATM_ID, 관리자ID, 보충금액, 보충일시) VALUES (11, 16, 8, 5000000, '2024-08-16 14:12:49');
INSERT INTO 현금보충 (보충ID, ATM_ID, 관리자ID, 보충금액, 보충일시) VALUES (12, 27, 11, 5000000, '2024-08-30 12:45:26');
INSERT INTO 현금보충 (보충ID, ATM_ID, 관리자ID, 보충금액, 보충일시) VALUES (13, 6, 4, 4000000, '2024-09-13 14:31:58');
INSERT INTO 현금보충 (보충ID, ATM_ID, 관리자ID, 보충금액, 보충일시) VALUES (14, 23, 10, 1000000, '2024-09-27 12:15:00');
INSERT INTO 현금보충 (보충ID, ATM_ID, 관리자ID, 보충금액, 보충일시) VALUES (15, 22, 10, 8000000, '2024-10-11 10:53:36');
INSERT INTO 현금보충 (보충ID, ATM_ID, 관리자ID, 보충금액, 보충일시) VALUES (16, 5, 4, 2000000, '2024-10-25 14:04:46');
INSERT INTO 현금보충 (보충ID, ATM_ID, 관리자ID, 보충금액, 보충일시) VALUES (17, 29, 12, 5000000, '2024-11-08 11:29:18');
INSERT INTO 현금보충 (보충ID, ATM_ID, 관리자ID, 보충금액, 보충일시) VALUES (18, 15, 7, 1000000, '2024-11-22 10:52:11');
INSERT INTO 현금보충 (보충ID, ATM_ID, 관리자ID, 보충금액, 보충일시) VALUES (19, 28, 12, 6000000, '2024-12-06 12:51:43');
INSERT INTO 현금보충 (보충ID, ATM_ID, 관리자ID, 보충금액, 보충일시) VALUES (20, 14, 7, 1000000, '2024-12-20 10:54:48');
INSERT INTO 현금보충 (보충ID, ATM_ID, 관리자ID, 보충금액, 보충일시) VALUES (21, 1, 3, 8000000, '2025-01-03 11:21:22');
INSERT INTO 현금보충 (보충ID, ATM_ID, 관리자ID, 보충금액, 보충일시) VALUES (22, 20, 9, 6000000, '2025-01-17 10:23:52');
INSERT INTO 현금보충 (보충ID, ATM_ID, 관리자ID, 보충금액, 보충일시) VALUES (23, 6, 4, 5000000, '2025-01-31 13:25:29');
INSERT INTO 현금보충 (보충ID, ATM_ID, 관리자ID, 보충금액, 보충일시) VALUES (24, 27, 11, 3000000, '2025-02-14 13:51:26');
INSERT INTO 현금보충 (보충ID, ATM_ID, 관리자ID, 보충금액, 보충일시) VALUES (25, 4, 4, 2000000, '2025-02-28 10:54:10');
INSERT INTO 현금보충 (보충ID, ATM_ID, 관리자ID, 보충금액, 보충일시) VALUES (26, 14, 7, 3000000, '2025-03-14 14:43:28');
INSERT INTO 현금보충 (보충ID, ATM_ID, 관리자ID, 보충금액, 보충일시) VALUES (27, 20, 9, 3000000, '2025-03-28 12:39:01');
INSERT INTO 현금보충 (보충ID, ATM_ID, 관리자ID, 보충금액, 보충일시) VALUES (28, 16, 8, 8000000, '2025-04-11 10:56:26');
INSERT INTO 현금보충 (보충ID, ATM_ID, 관리자ID, 보충금액, 보충일시) VALUES (29, 2, 3, 1000000, '2025-04-25 12:41:20');
INSERT INTO 현금보충 (보충ID, ATM_ID, 관리자ID, 보충금액, 보충일시) VALUES (30, 23, 10, 10000000, '2025-05-09 12:33:33');
INSERT INTO 현금보충 (보충ID, ATM_ID, 관리자ID, 보충금액, 보충일시) VALUES (31, 4, 4, 7000000, '2025-05-23 11:30:22');
INSERT INTO 현금보충 (보충ID, ATM_ID, 관리자ID, 보충금액, 보충일시) VALUES (32, 5, 4, 3000000, '2025-06-06 10:41:59');
INSERT INTO 현금보충 (보충ID, ATM_ID, 관리자ID, 보충금액, 보충일시) VALUES (33, 17, 8, 2000000, '2025-06-20 13:55:10');
INSERT INTO 현금보충 (보충ID, ATM_ID, 관리자ID, 보충금액, 보충일시) VALUES (34, 25, 11, 5000000, '2025-07-04 12:15:21');
INSERT INTO 현금보충 (보충ID, ATM_ID, 관리자ID, 보충금액, 보충일시) VALUES (35, 2, 3, 7000000, '2025-07-18 14:41:24');
INSERT INTO 현금보충 (보충ID, ATM_ID, 관리자ID, 보충금액, 보충일시) VALUES (36, 27, 11, 10000000, '2025-08-01 10:29:28');
INSERT INTO 현금보충 (보충ID, ATM_ID, 관리자ID, 보충금액, 보충일시) VALUES (37, 15, 7, 2000000, '2025-08-15 13:28:20');
INSERT INTO 현금보충 (보충ID, ATM_ID, 관리자ID, 보충금액, 보충일시) VALUES (38, 16, 8, 1000000, '2025-08-29 10:25:26');
INSERT INTO 현금보충 (보충ID, ATM_ID, 관리자ID, 보충금액, 보충일시) VALUES (39, 18, 8, 10000000, '2025-09-12 10:50:38');
INSERT INTO 현금보충 (보충ID, ATM_ID, 관리자ID, 보충금액, 보충일시) VALUES (40, 21, 9, 8000000, '2025-09-26 14:35:13');

-- 유지보수이력 (40건)
INSERT INTO 유지보수이력 (이력ID, ATM_ID, 관리자ID, 장애ID, 점검내용, 점검일시) VALUES (1, 12, 6, NULL, '정기 점검', '2024-01-25 11:52:14');
INSERT INTO 유지보수이력 (이력ID, ATM_ID, 관리자ID, 장애ID, 점검내용, 점검일시) VALUES (2, 17, 8, 37, '장애 복구 점검', '2025-04-21 02:23:21');
INSERT INTO 유지보수이력 (이력ID, ATM_ID, 관리자ID, 장애ID, 점검내용, 점검일시) VALUES (3, 12, 6, NULL, '정기 점검', '2024-02-24 14:07:06');
INSERT INTO 유지보수이력 (이력ID, ATM_ID, 관리자ID, 장애ID, 점검내용, 점검일시) VALUES (4, 30, 12, 24, '장애 복구 점검', '2024-11-15 18:40:45');
INSERT INTO 유지보수이력 (이력ID, ATM_ID, 관리자ID, 장애ID, 점검내용, 점검일시) VALUES (5, 12, 6, NULL, '정기 점검', '2024-03-25 11:02:57');
INSERT INTO 유지보수이력 (이력ID, ATM_ID, 관리자ID, 장애ID, 점검내용, 점검일시) VALUES (6, 2, 3, 36, '장애 복구 점검', '2025-04-08 23:17:33');
INSERT INTO 유지보수이력 (이력ID, ATM_ID, 관리자ID, 장애ID, 점검내용, 점검일시) VALUES (7, 11, 6, 33, '장애 복구 점검', '2025-03-03 20:13:15');
INSERT INTO 유지보수이력 (이력ID, ATM_ID, 관리자ID, 장애ID, 점검내용, 점검일시) VALUES (8, 13, 7, NULL, '정기 점검', '2024-05-09 12:29:52');
INSERT INTO 유지보수이력 (이력ID, ATM_ID, 관리자ID, 장애ID, 점검내용, 점검일시) VALUES (9, 4, 4, NULL, '정기 점검', '2024-05-24 14:02:59');
INSERT INTO 유지보수이력 (이력ID, ATM_ID, 관리자ID, 장애ID, 점검내용, 점검일시) VALUES (10, 15, 7, NULL, '정기 점검', '2024-06-08 14:42:37');
INSERT INTO 유지보수이력 (이력ID, ATM_ID, 관리자ID, 장애ID, 점검내용, 점검일시) VALUES (11, 1, 3, NULL, '정기 점검', '2024-06-23 15:47:03');
INSERT INTO 유지보수이력 (이력ID, ATM_ID, 관리자ID, 장애ID, 점검내용, 점검일시) VALUES (12, 16, 8, NULL, '정기 점검', '2024-07-08 15:49:58');
INSERT INTO 유지보수이력 (이력ID, ATM_ID, 관리자ID, 장애ID, 점검내용, 점검일시) VALUES (13, 6, 4, NULL, '정기 점검', '2024-07-23 12:06:24');
INSERT INTO 유지보수이력 (이력ID, ATM_ID, 관리자ID, 장애ID, 점검내용, 점검일시) VALUES (14, 13, 7, NULL, '정기 점검', '2024-08-07 14:38:58');
INSERT INTO 유지보수이력 (이력ID, ATM_ID, 관리자ID, 장애ID, 점검내용, 점검일시) VALUES (15, 15, 7, 23, '장애 복구 점검', '2024-11-04 02:21:08');
INSERT INTO 유지보수이력 (이력ID, ATM_ID, 관리자ID, 장애ID, 점검내용, 점검일시) VALUES (16, 18, 8, 35, '장애 복구 점검', '2025-03-28 00:14:43');
INSERT INTO 유지보수이력 (이력ID, ATM_ID, 관리자ID, 장애ID, 점검내용, 점검일시) VALUES (17, 18, 8, NULL, '정기 점검', '2024-09-21 13:45:47');
INSERT INTO 유지보수이력 (이력ID, ATM_ID, 관리자ID, 장애ID, 점검내용, 점검일시) VALUES (18, 24, 10, 38, '장애 복구 점검', '2025-05-02 17:52:42');
INSERT INTO 유지보수이력 (이력ID, ATM_ID, 관리자ID, 장애ID, 점검내용, 점검일시) VALUES (19, 5, 4, NULL, '정기 점검', '2024-10-21 12:32:34');
INSERT INTO 유지보수이력 (이력ID, ATM_ID, 관리자ID, 장애ID, 점검내용, 점검일시) VALUES (20, 25, 11, NULL, '정기 점검', '2024-11-05 13:35:30');
INSERT INTO 유지보수이력 (이력ID, ATM_ID, 관리자ID, 장애ID, 점검내용, 점검일시) VALUES (21, 29, 12, NULL, '정기 점검', '2024-11-20 15:18:56');
INSERT INTO 유지보수이력 (이력ID, ATM_ID, 관리자ID, 장애ID, 점검내용, 점검일시) VALUES (22, 17, 8, NULL, '정기 점검', '2024-12-05 11:01:24');
INSERT INTO 유지보수이력 (이력ID, ATM_ID, 관리자ID, 장애ID, 점검내용, 점검일시) VALUES (23, 14, 7, 14, '장애 복구 점검', '2024-07-18 21:28:09');
INSERT INTO 유지보수이력 (이력ID, ATM_ID, 관리자ID, 장애ID, 점검내용, 점검일시) VALUES (24, 22, 10, NULL, '정기 점검', '2025-01-04 13:09:53');
INSERT INTO 유지보수이력 (이력ID, ATM_ID, 관리자ID, 장애ID, 점검내용, 점검일시) VALUES (25, 10, 6, NULL, '정기 점검', '2025-01-19 12:48:34');
INSERT INTO 유지보수이력 (이력ID, ATM_ID, 관리자ID, 장애ID, 점검내용, 점검일시) VALUES (26, 26, 11, 30, '장애 복구 점검', '2025-01-26 19:44:07');
INSERT INTO 유지보수이력 (이력ID, ATM_ID, 관리자ID, 장애ID, 점검내용, 점검일시) VALUES (27, 18, 8, NULL, '정기 점검', '2025-02-18 14:15:32');
INSERT INTO 유지보수이력 (이력ID, ATM_ID, 관리자ID, 장애ID, 점검내용, 점검일시) VALUES (28, 2, 3, NULL, '정기 점검', '2025-03-05 14:24:26');
INSERT INTO 유지보수이력 (이력ID, ATM_ID, 관리자ID, 장애ID, 점검내용, 점검일시) VALUES (29, 2, 3, NULL, '정기 점검', '2025-03-20 11:47:16');
INSERT INTO 유지보수이력 (이력ID, ATM_ID, 관리자ID, 장애ID, 점검내용, 점검일시) VALUES (30, 25, 11, NULL, '정기 점검', '2025-04-04 14:53:14');
INSERT INTO 유지보수이력 (이력ID, ATM_ID, 관리자ID, 장애ID, 점검내용, 점검일시) VALUES (31, 18, 8, NULL, '정기 점검', '2025-04-19 15:12:49');
INSERT INTO 유지보수이력 (이력ID, ATM_ID, 관리자ID, 장애ID, 점검내용, 점검일시) VALUES (32, 10, 6, 19, '장애 복구 점검', '2024-09-16 20:49:21');
INSERT INTO 유지보수이력 (이력ID, ATM_ID, 관리자ID, 장애ID, 점검내용, 점검일시) VALUES (33, 24, 10, NULL, '정기 점검', '2025-05-19 15:07:24');
INSERT INTO 유지보수이력 (이력ID, ATM_ID, 관리자ID, 장애ID, 점검내용, 점검일시) VALUES (34, 24, 10, 40, '장애 복구 점검', '2025-05-26 18:50:05');
INSERT INTO 유지보수이력 (이력ID, ATM_ID, 관리자ID, 장애ID, 점검내용, 점검일시) VALUES (35, 9, 5, NULL, '정기 점검', '2025-06-18 11:21:29');
INSERT INTO 유지보수이력 (이력ID, ATM_ID, 관리자ID, 장애ID, 점검내용, 점검일시) VALUES (36, 28, 12, 27, '장애 복구 점검', '2024-12-21 17:27:30');
INSERT INTO 유지보수이력 (이력ID, ATM_ID, 관리자ID, 장애ID, 점검내용, 점검일시) VALUES (37, 15, 7, 29, '장애 복구 점검', '2025-01-14 17:56:01');
INSERT INTO 유지보수이력 (이력ID, ATM_ID, 관리자ID, 장애ID, 점검내용, 점검일시) VALUES (38, 6, 4, NULL, '정기 점검', '2025-08-02 15:04:50');
INSERT INTO 유지보수이력 (이력ID, ATM_ID, 관리자ID, 장애ID, 점검내용, 점검일시) VALUES (39, 23, 10, 25, '장애 복구 점검', '2024-11-28 00:25:49');
INSERT INTO 유지보수이력 (이력ID, ATM_ID, 관리자ID, 장애ID, 점검내용, 점검일시) VALUES (40, 19, 9, 17, '장애 복구 점검', '2024-08-23 20:09:51');

-- 지점장애로그 (10건)
INSERT INTO 지점장애로그 (지점장애ID, 지점ID, 관리자ID, 장애유형, 상세내용, 처리상태, 발생일시, 처리완료일시) VALUES (1, 1, NULL, '네트워크', '지점 통신 회선 단절', '미처리', '2024-01-20 15:03:27', NULL);
INSERT INTO 지점장애로그 (지점장애ID, 지점ID, 관리자ID, 장애유형, 상세내용, 처리상태, 발생일시, 처리완료일시) VALUES (2, 2, NULL, '전산오류', '지점 전산 시스템 오류', '미처리', '2024-04-10 13:34:12', NULL);
INSERT INTO 지점장애로그 (지점장애ID, 지점ID, 관리자ID, 장애유형, 상세내용, 처리상태, 발생일시, 처리완료일시) VALUES (3, 3, NULL, '전력이상', '지점 전력 공급 불안정', '미처리', '2024-04-30 15:46:23', NULL);
INSERT INTO 지점장애로그 (지점장애ID, 지점ID, 관리자ID, 장애유형, 상세내용, 처리상태, 발생일시, 처리완료일시) VALUES (4, 4, 6, '서버오류', '지점 내부 서버 응답 없음', '처리완료', '2024-05-20 17:00:57', '2024-05-20 21:21:45');
INSERT INTO 지점장애로그 (지점장애ID, 지점ID, 관리자ID, 장애유형, 상세내용, 처리상태, 발생일시, 처리완료일시) VALUES (5, 5, 7, '네트워크', '지점 통신 회선 단절', '처리완료', '2024-06-09 19:53:33', '2024-06-10 01:05:34');
INSERT INTO 지점장애로그 (지점장애ID, 지점ID, 관리자ID, 장애유형, 상세내용, 처리상태, 발생일시, 처리완료일시) VALUES (6, 6, 8, '전산오류', '지점 전산 시스템 오류', '처리완료', '2024-06-29 21:43:00', '2024-06-30 04:23:46');
INSERT INTO 지점장애로그 (지점장애ID, 지점ID, 관리자ID, 장애유형, 상세내용, 처리상태, 발생일시, 처리완료일시) VALUES (7, 7, 9, '전력이상', '지점 전력 공급 불안정', '처리완료', '2024-07-19 23:15:14', '2024-07-20 07:00:10');
INSERT INTO 지점장애로그 (지점장애ID, 지점ID, 관리자ID, 장애유형, 상세내용, 처리상태, 발생일시, 처리완료일시) VALUES (8, 8, 10, '서버오류', '지점 내부 서버 응답 없음', '처리완료', '2024-08-09 01:22:19', '2024-08-09 09:30:25');
INSERT INTO 지점장애로그 (지점장애ID, 지점ID, 관리자ID, 장애유형, 상세내용, 처리상태, 발생일시, 처리완료일시) VALUES (9, 9, 11, '네트워크', '지점 통신 회선 단절', '처리완료', '2024-08-29 03:24:32', '2024-08-29 13:01:51');
INSERT INTO 지점장애로그 (지점장애ID, 지점ID, 관리자ID, 장애유형, 상세내용, 처리상태, 발생일시, 처리완료일시) VALUES (10, 10, 12, '전산오류', '지점 전산 시스템 오류', '처리완료', '2024-09-18 05:10:04', '2024-09-18 16:02:06');

-- 은행장애로그 (6건)
INSERT INTO 은행장애로그 (은행장애ID, 은행ID, 관리자ID, 장애유형, 상세내용, 처리상태, 발생일시, 처리완료일시) VALUES (1, 1, NULL, '데이터베이스오류', '중앙 DB 연결 불가', '미처리', '2024-05-11 13:19:18', NULL);
INSERT INTO 은행장애로그 (은행장애ID, 은행ID, 관리자ID, 장애유형, 상세내용, 처리상태, 발생일시, 처리완료일시) VALUES (2, 1, 1, '네트워크', '은행 내부 네트워크 패킷 유실', '처리완료', '2024-01-03 02:23:28', '2024-01-03 04:23:28');
INSERT INTO 은행장애로그 (은행장애ID, 은행ID, 관리자ID, 장애유형, 상세내용, 처리상태, 발생일시, 처리완료일시) VALUES (3, 1, 1, '전산망장애', '은행 전체 전산망 일시 중단', '처리완료', '2024-01-03 02:23:28', '2024-01-03 04:23:28');
INSERT INTO 은행장애로그 (은행장애ID, 은행ID, 관리자ID, 장애유형, 상세내용, 처리상태, 발생일시, 처리완료일시) VALUES (4, 2, NULL, '네트워크', '은행 내부 네트워크 패킷 유실', '미처리', '2024-06-10 13:43:08', NULL);
INSERT INTO 은행장애로그 (은행장애ID, 은행ID, 관리자ID, 장애유형, 상세내용, 처리상태, 발생일시, 처리완료일시) VALUES (5, 2, 2, '전산망장애', '은행 전체 전산망 일시 중단', '처리완료', '2024-06-20 16:21:57', '2024-06-20 20:53:19');
INSERT INTO 은행장애로그 (은행장애ID, 은행ID, 관리자ID, 장애유형, 상세내용, 처리상태, 발생일시, 처리완료일시) VALUES (6, 2, 2, '보안시스템오류', '보안 인증 시스템 응답 없음', '처리완료', '2024-06-30 19:48:12', '2024-07-01 01:59:10');
