-- ============================================
-- ATM 관리 시스템 샘플 데이터 INSERT (V14 기준)
-- DBMS: MariaDB
-- ============================================
USE atm_system;

-- 은행 (2건)
INSERT INTO 은행 (은행ID, 은행명, 타행수수료) VALUES (1, 'A은행', 1000);
INSERT INTO 은행 (은행ID, 은행명, 타행수수료) VALUES (2, 'B은행', 1000);

-- 고객 (100건)
INSERT INTO 고객 (고객ID, 이름, 전화번호) VALUES (1, '김도윤', '010-7572-5386');
INSERT INTO 고객 (고객ID, 이름, 전화번호) VALUES (2, '이은정', '010-6155-4483');
INSERT INTO 고객 (고객ID, 이름, 전화번호) VALUES (3, '한다은', '010-7482-8517');
INSERT INTO 고객 (고객ID, 이름, 전화번호) VALUES (4, '박지훈', '010-3287-5040');
INSERT INTO 고객 (고객ID, 이름, 전화번호) VALUES (5, '오지훈', '010-8019-7543');
INSERT INTO 고객 (고객ID, 이름, 전화번호) VALUES (6, '강미숙', '010-3266-9348');
INSERT INTO 고객 (고객ID, 이름, 전화번호) VALUES (7, '윤유진', '010-1771-2796');
INSERT INTO 고객 (고객ID, 이름, 전화번호) VALUES (8, '박서연', '010-7916-2040');
INSERT INTO 고객 (고객ID, 이름, 전화번호) VALUES (9, '조철수', '010-8668-9669');
INSERT INTO 고객 (고객ID, 이름, 전화번호) VALUES (10, '정정희', '010-2876-9797');
INSERT INTO 고객 (고객ID, 이름, 전화번호) VALUES (11, '서지훈', '010-6573-2827');
INSERT INTO 고객 (고객ID, 이름, 전화번호) VALUES (12, '정수민', '010-3591-8433');
INSERT INTO 고객 (고객ID, 이름, 전화번호) VALUES (13, '김지훈', '010-9201-3927');
INSERT INTO 고객 (고객ID, 이름, 전화번호) VALUES (14, '장준우', '010-5889-9317');
INSERT INTO 고객 (고객ID, 이름, 전화번호) VALUES (15, '임은정', '010-3504-7126');
INSERT INTO 고객 (고객ID, 이름, 전화번호) VALUES (16, '서서연', '010-9837-9689');
INSERT INTO 고객 (고객ID, 이름, 전화번호) VALUES (17, '김도윤', '010-9005-1319');
INSERT INTO 고객 (고객ID, 이름, 전화번호) VALUES (18, '이영희', '010-6038-4923');
INSERT INTO 고객 (고객ID, 이름, 전화번호) VALUES (19, '김미숙', '010-2290-2403');
INSERT INTO 고객 (고객ID, 이름, 전화번호) VALUES (20, '오다은', '010-2133-9727');
INSERT INTO 고객 (고객ID, 이름, 전화번호) VALUES (21, '서민준', '010-3103-8787');
INSERT INTO 고객 (고객ID, 이름, 전화번호) VALUES (22, '장서연', '010-5342-9645');
INSERT INTO 고객 (고객ID, 이름, 전화번호) VALUES (23, '임수민', '010-4470-9835');
INSERT INTO 고객 (고객ID, 이름, 전화번호) VALUES (24, '서은정', '010-6107-7537');
INSERT INTO 고객 (고객ID, 이름, 전화번호) VALUES (25, '한영희', '010-8177-9479');
INSERT INTO 고객 (고객ID, 이름, 전화번호) VALUES (26, '윤준우', '010-5061-4681');
INSERT INTO 고객 (고객ID, 이름, 전화번호) VALUES (27, '이도윤', '010-1344-4770');
INSERT INTO 고객 (고객ID, 이름, 전화번호) VALUES (28, '임미숙', '010-1117-2163');
INSERT INTO 고객 (고객ID, 이름, 전화번호) VALUES (29, '오하은', '010-4750-2104');
INSERT INTO 고객 (고객ID, 이름, 전화번호) VALUES (30, '김도윤', '010-2160-9423');
INSERT INTO 고객 (고객ID, 이름, 전화번호) VALUES (31, '최지훈', '010-8953-4510');
INSERT INTO 고객 (고객ID, 이름, 전화번호) VALUES (32, '장민준', '010-8744-4981');
INSERT INTO 고객 (고객ID, 이름, 전화번호) VALUES (33, '서다은', '010-7669-4119');
INSERT INTO 고객 (고객ID, 이름, 전화번호) VALUES (34, '이준우', '010-8062-6804');
INSERT INTO 고객 (고객ID, 이름, 전화번호) VALUES (35, '조수민', '010-8651-1887');
INSERT INTO 고객 (고객ID, 이름, 전화번호) VALUES (36, '한준우', '010-1993-7596');
INSERT INTO 고객 (고객ID, 이름, 전화번호) VALUES (37, '오도윤', '010-2790-5073');
INSERT INTO 고객 (고객ID, 이름, 전화번호) VALUES (38, '최은정', '010-9786-8350');
INSERT INTO 고객 (고객ID, 이름, 전화번호) VALUES (39, '박수민', '010-4006-5563');
INSERT INTO 고객 (고객ID, 이름, 전화번호) VALUES (40, '윤미숙', '010-2235-8260');
INSERT INTO 고객 (고객ID, 이름, 전화번호) VALUES (41, '서준우', '010-1828-9856');
INSERT INTO 고객 (고객ID, 이름, 전화번호) VALUES (42, '김유진', '010-4872-3724');
INSERT INTO 고객 (고객ID, 이름, 전화번호) VALUES (43, '조다은', '010-8886-4502');
INSERT INTO 고객 (고객ID, 이름, 전화번호) VALUES (44, '조하은', '010-3697-7209');
INSERT INTO 고객 (고객ID, 이름, 전화번호) VALUES (45, '김철수', '010-5345-8454');
INSERT INTO 고객 (고객ID, 이름, 전화번호) VALUES (46, '정수민', '010-8973-3536');
INSERT INTO 고객 (고객ID, 이름, 전화번호) VALUES (47, '최현우', '010-4566-1958');
INSERT INTO 고객 (고객ID, 이름, 전화번호) VALUES (48, '임하은', '010-6138-1936');
INSERT INTO 고객 (고객ID, 이름, 전화번호) VALUES (49, '김다은', '010-9238-9701');
INSERT INTO 고객 (고객ID, 이름, 전화번호) VALUES (50, '박하은', '010-9320-2312');
INSERT INTO 고객 (고객ID, 이름, 전화번호) VALUES (51, '박유진', '010-2113-4853');
INSERT INTO 고객 (고객ID, 이름, 전화번호) VALUES (52, '조준우', '010-5033-1651');
INSERT INTO 고객 (고객ID, 이름, 전화번호) VALUES (53, '임유진', '010-7868-9565');
INSERT INTO 고객 (고객ID, 이름, 전화번호) VALUES (54, '강지훈', '010-4346-6147');
INSERT INTO 고객 (고객ID, 이름, 전화번호) VALUES (55, '최지훈', '010-7484-3144');
INSERT INTO 고객 (고객ID, 이름, 전화번호) VALUES (56, '한현우', '010-8491-6180');
INSERT INTO 고객 (고객ID, 이름, 전화번호) VALUES (57, '서유진', '010-1152-8508');
INSERT INTO 고객 (고객ID, 이름, 전화번호) VALUES (58, '임준우', '010-2200-9808');
INSERT INTO 고객 (고객ID, 이름, 전화번호) VALUES (59, '최지훈', '010-3170-6718');
INSERT INTO 고객 (고객ID, 이름, 전화번호) VALUES (60, '이미숙', '010-7054-5669');
INSERT INTO 고객 (고객ID, 이름, 전화번호) VALUES (61, '박재성', '010-9900-5956');
INSERT INTO 고객 (고객ID, 이름, 전화번호) VALUES (62, '임정희', '010-5905-2697');
INSERT INTO 고객 (고객ID, 이름, 전화번호) VALUES (63, '박지훈', '010-2891-2753');
INSERT INTO 고객 (고객ID, 이름, 전화번호) VALUES (64, '오민준', '010-5462-5616');
INSERT INTO 고객 (고객ID, 이름, 전화번호) VALUES (65, '임은정', '010-6617-4335');
INSERT INTO 고객 (고객ID, 이름, 전화번호) VALUES (66, '한지훈', '010-9280-9004');
INSERT INTO 고객 (고객ID, 이름, 전화번호) VALUES (67, '정하은', '010-2512-7939');
INSERT INTO 고객 (고객ID, 이름, 전화번호) VALUES (68, '정하은', '010-1058-6464');
INSERT INTO 고객 (고객ID, 이름, 전화번호) VALUES (69, '서민준', '010-5291-3647');
INSERT INTO 고객 (고객ID, 이름, 전화번호) VALUES (70, '오재성', '010-8007-1158');
INSERT INTO 고객 (고객ID, 이름, 전화번호) VALUES (71, '이유진', '010-3442-9938');
INSERT INTO 고객 (고객ID, 이름, 전화번호) VALUES (72, '김영희', '010-3426-8041');
INSERT INTO 고객 (고객ID, 이름, 전화번호) VALUES (73, '박하은', '010-6050-6974');
INSERT INTO 고객 (고객ID, 이름, 전화번호) VALUES (74, '서하은', '010-6862-4441');
INSERT INTO 고객 (고객ID, 이름, 전화번호) VALUES (75, '한미숙', '010-2684-6794');
INSERT INTO 고객 (고객ID, 이름, 전화번호) VALUES (76, '서수민', '010-3532-4878');
INSERT INTO 고객 (고객ID, 이름, 전화번호) VALUES (77, '박서연', '010-7755-1406');
INSERT INTO 고객 (고객ID, 이름, 전화번호) VALUES (78, '박도윤', '010-7745-5065');
INSERT INTO 고객 (고객ID, 이름, 전화번호) VALUES (79, '정서연', '010-2771-7267');
INSERT INTO 고객 (고객ID, 이름, 전화번호) VALUES (80, '김다은', '010-4644-4269');
INSERT INTO 고객 (고객ID, 이름, 전화번호) VALUES (81, '윤영희', '010-6000-4728');
INSERT INTO 고객 (고객ID, 이름, 전화번호) VALUES (82, '최정희', '010-4164-7528');
INSERT INTO 고객 (고객ID, 이름, 전화번호) VALUES (83, '강지훈', '010-2137-5573');
INSERT INTO 고객 (고객ID, 이름, 전화번호) VALUES (84, '강철수', '010-9785-6425');
INSERT INTO 고객 (고객ID, 이름, 전화번호) VALUES (85, '김준우', '010-5279-3925');
INSERT INTO 고객 (고객ID, 이름, 전화번호) VALUES (86, '임지훈', '010-1626-2776');
INSERT INTO 고객 (고객ID, 이름, 전화번호) VALUES (87, '임수민', '010-6663-6139');
INSERT INTO 고객 (고객ID, 이름, 전화번호) VALUES (88, '조준우', '010-7311-4114');
INSERT INTO 고객 (고객ID, 이름, 전화번호) VALUES (89, '정하은', '010-8144-1027');
INSERT INTO 고객 (고객ID, 이름, 전화번호) VALUES (90, '장은정', '010-6967-8066');
INSERT INTO 고객 (고객ID, 이름, 전화번호) VALUES (91, '이도윤', '010-6143-3041');
INSERT INTO 고객 (고객ID, 이름, 전화번호) VALUES (92, '오현우', '010-9308-6067');
INSERT INTO 고객 (고객ID, 이름, 전화번호) VALUES (93, '한수민', '010-6344-7592');
INSERT INTO 고객 (고객ID, 이름, 전화번호) VALUES (94, '오현우', '010-3085-4143');
INSERT INTO 고객 (고객ID, 이름, 전화번호) VALUES (95, '조철수', '010-3851-5930');
INSERT INTO 고객 (고객ID, 이름, 전화번호) VALUES (96, '조정희', '010-5978-5700');
INSERT INTO 고객 (고객ID, 이름, 전화번호) VALUES (97, '최수민', '010-6279-8618');
INSERT INTO 고객 (고객ID, 이름, 전화번호) VALUES (98, '윤재성', '010-4501-9375');
INSERT INTO 고객 (고객ID, 이름, 전화번호) VALUES (99, '윤서연', '010-2389-5649');
INSERT INTO 고객 (고객ID, 이름, 전화번호) VALUES (100, '장도윤', '010-2530-4848');

-- 지점 (10건)
INSERT INTO 지점 (지점ID, 은행ID, 지점명, 주소) VALUES (1, 1, '강남지점', '서울시 강남구 테헤란로 12');
INSERT INTO 지점 (지점ID, 은행ID, 지점명, 주소) VALUES (2, 1, '홍대지점', '서울시 마포구 양화로 45');
INSERT INTO 지점 (지점ID, 은행ID, 지점명, 주소) VALUES (3, 1, '종로지점', '서울시 종로구 세종대로 78');
INSERT INTO 지점 (지점ID, 은행ID, 지점명, 주소) VALUES (4, 1, '여의도지점', '서울시 영등포구 의사당대로 99');
INSERT INTO 지점 (지점ID, 은행ID, 지점명, 주소) VALUES (5, 1, '신촌지점', '서울시 서대문구 신촌로 21');
INSERT INTO 지점 (지점ID, 은행ID, 지점명, 주소) VALUES (6, 2, '강서지점', '서울시 강서구 화곡로 102');
INSERT INTO 지점 (지점ID, 은행ID, 지점명, 주소) VALUES (7, 2, '마포지점', '서울시 마포구 마포대로 55');
INSERT INTO 지점 (지점ID, 은행ID, 지점명, 주소) VALUES (8, 2, '성수지점', '서울시 성동구 아차산로 88');
INSERT INTO 지점 (지점ID, 은행ID, 지점명, 주소) VALUES (9, 2, '잠실지점', '서울시 송파구 올림픽로 14');
INSERT INTO 지점 (지점ID, 은행ID, 지점명, 주소) VALUES (10, 2, '이태원지점', '서울시 용산구 이태원로 30');

-- 계좌 (143건)
INSERT INTO 계좌 (계좌ID, 고객ID, 은행ID, 계좌번호, 잔액, 개설일) VALUES (1, 1, 1, '110-925-308802', 6639160, '2023-08-03 00:00:00');
INSERT INTO 계좌 (계좌ID, 고객ID, 은행ID, 계좌번호, 잔액, 개설일) VALUES (2, 1, 1, '110-350-598216', 9887419, '2022-04-15 00:00:00');
INSERT INTO 계좌 (계좌ID, 고객ID, 은행ID, 계좌번호, 잔액, 개설일) VALUES (3, 2, 1, '110-835-830180', 38177090, '2022-12-03 00:00:00');
INSERT INTO 계좌 (계좌ID, 고객ID, 은행ID, 계좌번호, 잔액, 개설일) VALUES (4, 3, 1, '110-771-821024', 12152952, '2023-12-26 00:00:00');
INSERT INTO 계좌 (계좌ID, 고객ID, 은행ID, 계좌번호, 잔액, 개설일) VALUES (5, 4, 1, '110-280-943170', 39759556, '2021-04-25 00:00:00');
INSERT INTO 계좌 (계좌ID, 고객ID, 은행ID, 계좌번호, 잔액, 개설일) VALUES (6, 4, 2, '220-151-684482', 13144237, '2023-04-20 00:00:00');
INSERT INTO 계좌 (계좌ID, 고객ID, 은행ID, 계좌번호, 잔액, 개설일) VALUES (7, 5, 2, '220-783-656932', 44960128, '2022-06-07 00:00:00');
INSERT INTO 계좌 (계좌ID, 고객ID, 은행ID, 계좌번호, 잔액, 개설일) VALUES (8, 6, 2, '220-727-954596', 38875089, '2021-12-25 00:00:00');
INSERT INTO 계좌 (계좌ID, 고객ID, 은행ID, 계좌번호, 잔액, 개설일) VALUES (9, 7, 2, '220-262-879779', 36854862, '2021-08-01 00:00:00');
INSERT INTO 계좌 (계좌ID, 고객ID, 은행ID, 계좌번호, 잔액, 개설일) VALUES (10, 8, 1, '110-960-768636', 39983838, '2023-03-23 00:00:00');
INSERT INTO 계좌 (계좌ID, 고객ID, 은행ID, 계좌번호, 잔액, 개설일) VALUES (11, 9, 1, '110-381-561239', 24174891, '2023-10-13 00:00:00');
INSERT INTO 계좌 (계좌ID, 고객ID, 은행ID, 계좌번호, 잔액, 개설일) VALUES (12, 10, 2, '220-427-666390', 14286126, '2023-10-10 00:00:00');
INSERT INTO 계좌 (계좌ID, 고객ID, 은행ID, 계좌번호, 잔액, 개설일) VALUES (13, 11, 2, '220-810-260227', 19358134, '2022-01-07 00:00:00');
INSERT INTO 계좌 (계좌ID, 고객ID, 은행ID, 계좌번호, 잔액, 개설일) VALUES (14, 12, 2, '220-438-668969', 32902136, '2022-09-10 00:00:00');
INSERT INTO 계좌 (계좌ID, 고객ID, 은행ID, 계좌번호, 잔액, 개설일) VALUES (15, 13, 2, '220-498-907189', 6310767, '2022-05-12 00:00:00');
INSERT INTO 계좌 (계좌ID, 고객ID, 은행ID, 계좌번호, 잔액, 개설일) VALUES (16, 14, 2, '220-588-106182', 28606133, '2021-05-10 00:00:00');
INSERT INTO 계좌 (계좌ID, 고객ID, 은행ID, 계좌번호, 잔액, 개설일) VALUES (17, 14, 2, '220-871-508930', 33120042, '2021-08-10 00:00:00');
INSERT INTO 계좌 (계좌ID, 고객ID, 은행ID, 계좌번호, 잔액, 개설일) VALUES (18, 15, 1, '110-599-330080', 34248457, '2023-03-27 00:00:00');
INSERT INTO 계좌 (계좌ID, 고객ID, 은행ID, 계좌번호, 잔액, 개설일) VALUES (19, 16, 2, '220-444-801364', 32133232, '2022-02-04 00:00:00');
INSERT INTO 계좌 (계좌ID, 고객ID, 은행ID, 계좌번호, 잔액, 개설일) VALUES (20, 17, 2, '220-230-752483', 6809687, '2022-07-03 00:00:00');
INSERT INTO 계좌 (계좌ID, 고객ID, 은행ID, 계좌번호, 잔액, 개설일) VALUES (21, 17, 2, '220-706-691807', 6818787, '2022-02-21 00:00:00');
INSERT INTO 계좌 (계좌ID, 고객ID, 은행ID, 계좌번호, 잔액, 개설일) VALUES (22, 18, 2, '220-238-584125', 8374544, '2023-06-28 00:00:00');
INSERT INTO 계좌 (계좌ID, 고객ID, 은행ID, 계좌번호, 잔액, 개설일) VALUES (23, 19, 2, '220-316-576786', 27649278, '2023-01-31 00:00:00');
INSERT INTO 계좌 (계좌ID, 고객ID, 은행ID, 계좌번호, 잔액, 개설일) VALUES (24, 20, 2, '220-384-888539', 33290736, '2021-05-01 00:00:00');
INSERT INTO 계좌 (계좌ID, 고객ID, 은행ID, 계좌번호, 잔액, 개설일) VALUES (25, 20, 2, '220-954-185884', 6300790, '2022-09-06 00:00:00');
INSERT INTO 계좌 (계좌ID, 고객ID, 은행ID, 계좌번호, 잔액, 개설일) VALUES (26, 21, 1, '110-458-335113', 9604900, '2022-03-06 00:00:00');
INSERT INTO 계좌 (계좌ID, 고객ID, 은행ID, 계좌번호, 잔액, 개설일) VALUES (27, 21, 1, '110-872-132537', 21594901, '2021-05-03 00:00:00');
INSERT INTO 계좌 (계좌ID, 고객ID, 은행ID, 계좌번호, 잔액, 개설일) VALUES (28, 22, 1, '110-736-259784', 13470546, '2023-05-01 00:00:00');
INSERT INTO 계좌 (계좌ID, 고객ID, 은행ID, 계좌번호, 잔액, 개설일) VALUES (29, 23, 1, '110-677-328552', 22196223, '2022-09-11 00:00:00');
INSERT INTO 계좌 (계좌ID, 고객ID, 은행ID, 계좌번호, 잔액, 개설일) VALUES (30, 24, 1, '110-720-736745', 12686170, '2021-04-19 00:00:00');
INSERT INTO 계좌 (계좌ID, 고객ID, 은행ID, 계좌번호, 잔액, 개설일) VALUES (31, 24, 1, '110-418-213349', 6723249, '2022-05-18 00:00:00');
INSERT INTO 계좌 (계좌ID, 고객ID, 은행ID, 계좌번호, 잔액, 개설일) VALUES (32, 25, 2, '220-506-849747', 10100037, '2023-06-11 00:00:00');
INSERT INTO 계좌 (계좌ID, 고객ID, 은행ID, 계좌번호, 잔액, 개설일) VALUES (33, 25, 1, '110-204-831059', 25238871, '2021-10-31 00:00:00');
INSERT INTO 계좌 (계좌ID, 고객ID, 은행ID, 계좌번호, 잔액, 개설일) VALUES (34, 26, 1, '110-915-693423', 7756102, '2021-10-21 00:00:00');
INSERT INTO 계좌 (계좌ID, 고객ID, 은행ID, 계좌번호, 잔액, 개설일) VALUES (35, 26, 2, '220-645-549186', 29868590, '2022-02-22 00:00:00');
INSERT INTO 계좌 (계좌ID, 고객ID, 은행ID, 계좌번호, 잔액, 개설일) VALUES (36, 27, 2, '220-112-990844', 37896879, '2022-10-27 00:00:00');
INSERT INTO 계좌 (계좌ID, 고객ID, 은행ID, 계좌번호, 잔액, 개설일) VALUES (37, 28, 2, '220-750-968962', 15267062, '2022-09-17 00:00:00');
INSERT INTO 계좌 (계좌ID, 고객ID, 은행ID, 계좌번호, 잔액, 개설일) VALUES (38, 29, 2, '220-730-947458', 41116172, '2021-06-03 00:00:00');
INSERT INTO 계좌 (계좌ID, 고객ID, 은행ID, 계좌번호, 잔액, 개설일) VALUES (39, 30, 2, '220-546-965845', 44760298, '2021-12-13 00:00:00');
INSERT INTO 계좌 (계좌ID, 고객ID, 은행ID, 계좌번호, 잔액, 개설일) VALUES (40, 30, 2, '220-430-993085', 10815848, '2023-04-24 00:00:00');
INSERT INTO 계좌 (계좌ID, 고객ID, 은행ID, 계좌번호, 잔액, 개설일) VALUES (41, 31, 2, '220-349-886931', 43241962, '2022-09-12 00:00:00');
INSERT INTO 계좌 (계좌ID, 고객ID, 은행ID, 계좌번호, 잔액, 개설일) VALUES (42, 32, 2, '220-444-130094', 26811331, '2022-08-12 00:00:00');
INSERT INTO 계좌 (계좌ID, 고객ID, 은행ID, 계좌번호, 잔액, 개설일) VALUES (43, 32, 1, '110-599-322423', 22337736, '2023-01-02 00:00:00');
INSERT INTO 계좌 (계좌ID, 고객ID, 은행ID, 계좌번호, 잔액, 개설일) VALUES (44, 33, 2, '220-669-110644', 17821579, '2022-07-20 00:00:00');
INSERT INTO 계좌 (계좌ID, 고객ID, 은행ID, 계좌번호, 잔액, 개설일) VALUES (45, 34, 2, '220-600-682144', 21127866, '2021-11-15 00:00:00');
INSERT INTO 계좌 (계좌ID, 고객ID, 은행ID, 계좌번호, 잔액, 개설일) VALUES (46, 35, 2, '220-558-931450', 11244704, '2023-12-14 00:00:00');
INSERT INTO 계좌 (계좌ID, 고객ID, 은행ID, 계좌번호, 잔액, 개설일) VALUES (47, 35, 2, '220-326-524045', 21327933, '2022-01-22 00:00:00');
INSERT INTO 계좌 (계좌ID, 고객ID, 은행ID, 계좌번호, 잔액, 개설일) VALUES (48, 36, 2, '220-584-680358', 28069168, '2022-07-06 00:00:00');
INSERT INTO 계좌 (계좌ID, 고객ID, 은행ID, 계좌번호, 잔액, 개설일) VALUES (49, 37, 2, '220-460-836996', 23180893, '2022-09-23 00:00:00');
INSERT INTO 계좌 (계좌ID, 고객ID, 은행ID, 계좌번호, 잔액, 개설일) VALUES (50, 38, 1, '110-223-856321', 26176064, '2023-06-17 00:00:00');
INSERT INTO 계좌 (계좌ID, 고객ID, 은행ID, 계좌번호, 잔액, 개설일) VALUES (51, 39, 1, '110-296-326895', 37494017, '2021-12-05 00:00:00');
INSERT INTO 계좌 (계좌ID, 고객ID, 은행ID, 계좌번호, 잔액, 개설일) VALUES (52, 40, 2, '220-202-973074', 24880763, '2023-06-16 00:00:00');
INSERT INTO 계좌 (계좌ID, 고객ID, 은행ID, 계좌번호, 잔액, 개설일) VALUES (53, 41, 1, '110-409-114835', 40845199, '2022-01-05 00:00:00');
INSERT INTO 계좌 (계좌ID, 고객ID, 은행ID, 계좌번호, 잔액, 개설일) VALUES (54, 42, 1, '110-155-680238', 13474473, '2023-03-07 00:00:00');
INSERT INTO 계좌 (계좌ID, 고객ID, 은행ID, 계좌번호, 잔액, 개설일) VALUES (55, 43, 2, '220-205-112861', 24081689, '2022-05-23 00:00:00');
INSERT INTO 계좌 (계좌ID, 고객ID, 은행ID, 계좌번호, 잔액, 개설일) VALUES (56, 43, 2, '220-590-561865', 17372436, '2023-01-17 00:00:00');
INSERT INTO 계좌 (계좌ID, 고객ID, 은행ID, 계좌번호, 잔액, 개설일) VALUES (57, 44, 2, '220-982-600935', 9385123, '2023-09-06 00:00:00');
INSERT INTO 계좌 (계좌ID, 고객ID, 은행ID, 계좌번호, 잔액, 개설일) VALUES (58, 44, 2, '220-603-177680', 47241386, '2022-05-20 00:00:00');
INSERT INTO 계좌 (계좌ID, 고객ID, 은행ID, 계좌번호, 잔액, 개설일) VALUES (59, 45, 1, '110-252-950544', 25390056, '2022-06-03 00:00:00');
INSERT INTO 계좌 (계좌ID, 고객ID, 은행ID, 계좌번호, 잔액, 개설일) VALUES (60, 45, 1, '110-354-224205', 32928965, '2022-06-08 00:00:00');
INSERT INTO 계좌 (계좌ID, 고객ID, 은행ID, 계좌번호, 잔액, 개설일) VALUES (61, 46, 1, '110-894-647957', 35233513, '2022-12-07 00:00:00');
INSERT INTO 계좌 (계좌ID, 고객ID, 은행ID, 계좌번호, 잔액, 개설일) VALUES (62, 46, 2, '220-404-717113', 25493721, '2022-10-18 00:00:00');
INSERT INTO 계좌 (계좌ID, 고객ID, 은행ID, 계좌번호, 잔액, 개설일) VALUES (63, 47, 1, '110-724-876039', 18944410, '2023-09-21 00:00:00');
INSERT INTO 계좌 (계좌ID, 고객ID, 은행ID, 계좌번호, 잔액, 개설일) VALUES (64, 48, 2, '220-776-185131', 21097079, '2023-07-24 00:00:00');
INSERT INTO 계좌 (계좌ID, 고객ID, 은행ID, 계좌번호, 잔액, 개설일) VALUES (65, 48, 1, '110-665-178711', 5179564, '2023-07-24 00:00:00');
INSERT INTO 계좌 (계좌ID, 고객ID, 은행ID, 계좌번호, 잔액, 개설일) VALUES (66, 49, 2, '220-398-134225', 24334391, '2023-05-08 00:00:00');
INSERT INTO 계좌 (계좌ID, 고객ID, 은행ID, 계좌번호, 잔액, 개설일) VALUES (67, 50, 2, '220-172-820775', 22753960, '2023-05-06 00:00:00');
INSERT INTO 계좌 (계좌ID, 고객ID, 은행ID, 계좌번호, 잔액, 개설일) VALUES (68, 50, 1, '110-535-220351', 20086706, '2022-06-22 00:00:00');
INSERT INTO 계좌 (계좌ID, 고객ID, 은행ID, 계좌번호, 잔액, 개설일) VALUES (69, 51, 2, '220-946-249145', 9002241, '2023-10-19 00:00:00');
INSERT INTO 계좌 (계좌ID, 고객ID, 은행ID, 계좌번호, 잔액, 개설일) VALUES (70, 51, 1, '110-911-422554', 43198838, '2022-05-01 00:00:00');
INSERT INTO 계좌 (계좌ID, 고객ID, 은행ID, 계좌번호, 잔액, 개설일) VALUES (71, 52, 2, '220-227-591465', 25407214, '2022-01-25 00:00:00');
INSERT INTO 계좌 (계좌ID, 고객ID, 은행ID, 계좌번호, 잔액, 개설일) VALUES (72, 52, 2, '220-378-624783', 38138036, '2022-06-27 00:00:00');
INSERT INTO 계좌 (계좌ID, 고객ID, 은행ID, 계좌번호, 잔액, 개설일) VALUES (73, 53, 1, '110-542-870214', 45514536, '2023-02-04 00:00:00');
INSERT INTO 계좌 (계좌ID, 고객ID, 은행ID, 계좌번호, 잔액, 개설일) VALUES (74, 54, 1, '110-334-807053', 43600958, '2021-08-27 00:00:00');
INSERT INTO 계좌 (계좌ID, 고객ID, 은행ID, 계좌번호, 잔액, 개설일) VALUES (75, 55, 1, '110-883-804938', 23086578, '2021-09-11 00:00:00');
INSERT INTO 계좌 (계좌ID, 고객ID, 은행ID, 계좌번호, 잔액, 개설일) VALUES (76, 55, 1, '110-881-893005', 36574775, '2023-07-05 00:00:00');
INSERT INTO 계좌 (계좌ID, 고객ID, 은행ID, 계좌번호, 잔액, 개설일) VALUES (77, 56, 2, '220-384-290305', 34251746, '2022-05-11 00:00:00');
INSERT INTO 계좌 (계좌ID, 고객ID, 은행ID, 계좌번호, 잔액, 개설일) VALUES (78, 57, 2, '220-193-592841', 32403776, '2023-01-09 00:00:00');
INSERT INTO 계좌 (계좌ID, 고객ID, 은행ID, 계좌번호, 잔액, 개설일) VALUES (79, 57, 2, '220-428-802685', 15792773, '2023-09-15 00:00:00');
INSERT INTO 계좌 (계좌ID, 고객ID, 은행ID, 계좌번호, 잔액, 개설일) VALUES (80, 58, 2, '220-395-794769', 31873895, '2021-05-08 00:00:00');
INSERT INTO 계좌 (계좌ID, 고객ID, 은행ID, 계좌번호, 잔액, 개설일) VALUES (81, 59, 1, '110-565-192337', 21938200, '2023-02-12 00:00:00');
INSERT INTO 계좌 (계좌ID, 고객ID, 은행ID, 계좌번호, 잔액, 개설일) VALUES (82, 59, 2, '220-218-910075', 39533969, '2022-11-13 00:00:00');
INSERT INTO 계좌 (계좌ID, 고객ID, 은행ID, 계좌번호, 잔액, 개설일) VALUES (83, 60, 1, '110-773-668950', 32732575, '2022-09-14 00:00:00');
INSERT INTO 계좌 (계좌ID, 고객ID, 은행ID, 계좌번호, 잔액, 개설일) VALUES (84, 60, 1, '110-292-643623', 46784251, '2022-12-26 00:00:00');
INSERT INTO 계좌 (계좌ID, 고객ID, 은행ID, 계좌번호, 잔액, 개설일) VALUES (85, 61, 2, '220-878-154118', 22921840, '2023-06-06 00:00:00');
INSERT INTO 계좌 (계좌ID, 고객ID, 은행ID, 계좌번호, 잔액, 개설일) VALUES (86, 61, 1, '110-394-559398', 37528458, '2021-07-13 00:00:00');
INSERT INTO 계좌 (계좌ID, 고객ID, 은행ID, 계좌번호, 잔액, 개설일) VALUES (87, 62, 1, '110-826-266071', 41966180, '2023-02-16 00:00:00');
INSERT INTO 계좌 (계좌ID, 고객ID, 은행ID, 계좌번호, 잔액, 개설일) VALUES (88, 63, 2, '220-195-335615', 12614246, '2021-08-22 00:00:00');
INSERT INTO 계좌 (계좌ID, 고객ID, 은행ID, 계좌번호, 잔액, 개설일) VALUES (89, 64, 1, '110-763-972565', 38445413, '2023-07-27 00:00:00');
INSERT INTO 계좌 (계좌ID, 고객ID, 은행ID, 계좌번호, 잔액, 개설일) VALUES (90, 65, 2, '220-621-839677', 32883084, '2023-03-27 00:00:00');
INSERT INTO 계좌 (계좌ID, 고객ID, 은행ID, 계좌번호, 잔액, 개설일) VALUES (91, 65, 2, '220-583-355570', 41994773, '2022-09-20 00:00:00');
INSERT INTO 계좌 (계좌ID, 고객ID, 은행ID, 계좌번호, 잔액, 개설일) VALUES (92, 66, 1, '110-713-632929', 14160919, '2021-11-27 00:00:00');
INSERT INTO 계좌 (계좌ID, 고객ID, 은행ID, 계좌번호, 잔액, 개설일) VALUES (93, 67, 2, '220-891-928381', 32846314, '2021-08-09 00:00:00');
INSERT INTO 계좌 (계좌ID, 고객ID, 은행ID, 계좌번호, 잔액, 개설일) VALUES (94, 67, 2, '220-906-632401', 5172151, '2023-04-02 00:00:00');
INSERT INTO 계좌 (계좌ID, 고객ID, 은행ID, 계좌번호, 잔액, 개설일) VALUES (95, 68, 2, '220-957-715448', 49287874, '2022-05-17 00:00:00');
INSERT INTO 계좌 (계좌ID, 고객ID, 은행ID, 계좌번호, 잔액, 개설일) VALUES (96, 69, 1, '110-557-664742', 28160875, '2022-08-23 00:00:00');
INSERT INTO 계좌 (계좌ID, 고객ID, 은행ID, 계좌번호, 잔액, 개설일) VALUES (97, 70, 2, '220-566-437408', 17660246, '2021-07-24 00:00:00');
INSERT INTO 계좌 (계좌ID, 고객ID, 은행ID, 계좌번호, 잔액, 개설일) VALUES (98, 71, 1, '110-685-501574', 32566650, '2023-05-06 00:00:00');
INSERT INTO 계좌 (계좌ID, 고객ID, 은행ID, 계좌번호, 잔액, 개설일) VALUES (99, 71, 1, '110-425-880879', 30583989, '2022-09-03 00:00:00');
INSERT INTO 계좌 (계좌ID, 고객ID, 은행ID, 계좌번호, 잔액, 개설일) VALUES (100, 72, 1, '110-607-138817', 38708188, '2023-08-24 00:00:00');
INSERT INTO 계좌 (계좌ID, 고객ID, 은행ID, 계좌번호, 잔액, 개설일) VALUES (101, 73, 2, '220-990-205239', 34548449, '2021-07-19 00:00:00');
INSERT INTO 계좌 (계좌ID, 고객ID, 은행ID, 계좌번호, 잔액, 개설일) VALUES (102, 73, 1, '110-638-579123', 14674106, '2023-12-16 00:00:00');
INSERT INTO 계좌 (계좌ID, 고객ID, 은행ID, 계좌번호, 잔액, 개설일) VALUES (103, 74, 1, '110-176-592296', 22785377, '2021-10-22 00:00:00');
INSERT INTO 계좌 (계좌ID, 고객ID, 은행ID, 계좌번호, 잔액, 개설일) VALUES (104, 75, 2, '220-765-184216', 27049663, '2021-08-11 00:00:00');
INSERT INTO 계좌 (계좌ID, 고객ID, 은행ID, 계좌번호, 잔액, 개설일) VALUES (105, 76, 2, '220-424-757246', 37745601, '2021-12-26 00:00:00');
INSERT INTO 계좌 (계좌ID, 고객ID, 은행ID, 계좌번호, 잔액, 개설일) VALUES (106, 76, 1, '110-732-171744', 47356498, '2023-05-05 00:00:00');
INSERT INTO 계좌 (계좌ID, 고객ID, 은행ID, 계좌번호, 잔액, 개설일) VALUES (107, 77, 2, '220-332-883041', 34123332, '2023-09-30 00:00:00');
INSERT INTO 계좌 (계좌ID, 고객ID, 은행ID, 계좌번호, 잔액, 개설일) VALUES (108, 77, 1, '110-878-764532', 11744926, '2022-01-10 00:00:00');
INSERT INTO 계좌 (계좌ID, 고객ID, 은행ID, 계좌번호, 잔액, 개설일) VALUES (109, 78, 2, '220-129-148225', 8766097, '2023-02-02 00:00:00');
INSERT INTO 계좌 (계좌ID, 고객ID, 은행ID, 계좌번호, 잔액, 개설일) VALUES (110, 79, 2, '220-541-252640', 40645968, '2023-04-25 00:00:00');
INSERT INTO 계좌 (계좌ID, 고객ID, 은행ID, 계좌번호, 잔액, 개설일) VALUES (111, 80, 1, '110-274-283573', 45902301, '2023-10-12 00:00:00');
INSERT INTO 계좌 (계좌ID, 고객ID, 은행ID, 계좌번호, 잔액, 개설일) VALUES (112, 81, 1, '110-609-711484', 20581902, '2023-08-07 00:00:00');
INSERT INTO 계좌 (계좌ID, 고객ID, 은행ID, 계좌번호, 잔액, 개설일) VALUES (113, 81, 2, '220-753-366314', 22134685, '2022-09-17 00:00:00');
INSERT INTO 계좌 (계좌ID, 고객ID, 은행ID, 계좌번호, 잔액, 개설일) VALUES (114, 82, 2, '220-394-810526', 15601564, '2022-06-20 00:00:00');
INSERT INTO 계좌 (계좌ID, 고객ID, 은행ID, 계좌번호, 잔액, 개설일) VALUES (115, 82, 1, '110-552-462351', 25075901, '2022-05-09 00:00:00');
INSERT INTO 계좌 (계좌ID, 고객ID, 은행ID, 계좌번호, 잔액, 개설일) VALUES (116, 83, 2, '220-806-362246', 25275042, '2022-09-20 00:00:00');
INSERT INTO 계좌 (계좌ID, 고객ID, 은행ID, 계좌번호, 잔액, 개설일) VALUES (117, 83, 1, '110-493-994787', 12157379, '2022-08-24 00:00:00');
INSERT INTO 계좌 (계좌ID, 고객ID, 은행ID, 계좌번호, 잔액, 개설일) VALUES (118, 84, 2, '220-688-410244', 24812600, '2022-01-14 00:00:00');
INSERT INTO 계좌 (계좌ID, 고객ID, 은행ID, 계좌번호, 잔액, 개설일) VALUES (119, 85, 2, '220-381-108491', 8291303, '2022-05-31 00:00:00');
INSERT INTO 계좌 (계좌ID, 고객ID, 은행ID, 계좌번호, 잔액, 개설일) VALUES (120, 86, 2, '220-952-400096', 20442983, '2021-10-28 00:00:00');
INSERT INTO 계좌 (계좌ID, 고객ID, 은행ID, 계좌번호, 잔액, 개설일) VALUES (121, 86, 2, '220-324-767542', 46667300, '2023-06-20 00:00:00');
INSERT INTO 계좌 (계좌ID, 고객ID, 은행ID, 계좌번호, 잔액, 개설일) VALUES (122, 87, 1, '110-743-201883', 47108000, '2021-06-19 00:00:00');
INSERT INTO 계좌 (계좌ID, 고객ID, 은행ID, 계좌번호, 잔액, 개설일) VALUES (123, 88, 2, '220-907-562236', 43894539, '2023-11-27 00:00:00');
INSERT INTO 계좌 (계좌ID, 고객ID, 은행ID, 계좌번호, 잔액, 개설일) VALUES (124, 88, 2, '220-849-237795', 24804527, '2023-09-30 00:00:00');
INSERT INTO 계좌 (계좌ID, 고객ID, 은행ID, 계좌번호, 잔액, 개설일) VALUES (125, 89, 2, '220-279-310548', 41199041, '2023-08-18 00:00:00');
INSERT INTO 계좌 (계좌ID, 고객ID, 은행ID, 계좌번호, 잔액, 개설일) VALUES (126, 90, 2, '220-643-626169', 23289000, '2021-06-09 00:00:00');
INSERT INTO 계좌 (계좌ID, 고객ID, 은행ID, 계좌번호, 잔액, 개설일) VALUES (127, 90, 1, '110-363-964749', 37336260, '2021-05-09 00:00:00');
INSERT INTO 계좌 (계좌ID, 고객ID, 은행ID, 계좌번호, 잔액, 개설일) VALUES (128, 91, 2, '220-864-455168', 12728908, '2021-09-29 00:00:00');
INSERT INTO 계좌 (계좌ID, 고객ID, 은행ID, 계좌번호, 잔액, 개설일) VALUES (129, 91, 2, '220-177-247594', 20140745, '2021-11-19 00:00:00');
INSERT INTO 계좌 (계좌ID, 고객ID, 은행ID, 계좌번호, 잔액, 개설일) VALUES (130, 92, 2, '220-966-943671', 29546748, '2022-06-09 00:00:00');
INSERT INTO 계좌 (계좌ID, 고객ID, 은행ID, 계좌번호, 잔액, 개설일) VALUES (131, 92, 1, '110-909-513741', 22747514, '2023-12-17 00:00:00');
INSERT INTO 계좌 (계좌ID, 고객ID, 은행ID, 계좌번호, 잔액, 개설일) VALUES (132, 93, 2, '220-477-805511', 22593354, '2021-11-25 00:00:00');
INSERT INTO 계좌 (계좌ID, 고객ID, 은행ID, 계좌번호, 잔액, 개설일) VALUES (133, 94, 2, '220-210-807617', 36640277, '2023-05-06 00:00:00');
INSERT INTO 계좌 (계좌ID, 고객ID, 은행ID, 계좌번호, 잔액, 개설일) VALUES (134, 94, 1, '110-734-688678', 45941923, '2023-01-30 00:00:00');
INSERT INTO 계좌 (계좌ID, 고객ID, 은행ID, 계좌번호, 잔액, 개설일) VALUES (135, 95, 1, '110-750-963874', 25279639, '2022-09-12 00:00:00');
INSERT INTO 계좌 (계좌ID, 고객ID, 은행ID, 계좌번호, 잔액, 개설일) VALUES (136, 96, 1, '110-243-147549', 7497263, '2021-05-07 00:00:00');
INSERT INTO 계좌 (계좌ID, 고객ID, 은행ID, 계좌번호, 잔액, 개설일) VALUES (137, 96, 2, '220-604-221761', 20757163, '2023-09-23 00:00:00');
INSERT INTO 계좌 (계좌ID, 고객ID, 은행ID, 계좌번호, 잔액, 개설일) VALUES (138, 97, 1, '110-497-575679', 49995568, '2022-12-17 00:00:00');
INSERT INTO 계좌 (계좌ID, 고객ID, 은행ID, 계좌번호, 잔액, 개설일) VALUES (139, 97, 2, '220-701-878325', 15369856, '2021-12-17 00:00:00');
INSERT INTO 계좌 (계좌ID, 고객ID, 은행ID, 계좌번호, 잔액, 개설일) VALUES (140, 98, 1, '110-953-613117', 32388193, '2022-04-10 00:00:00');
INSERT INTO 계좌 (계좌ID, 고객ID, 은행ID, 계좌번호, 잔액, 개설일) VALUES (141, 98, 2, '220-133-823811', 19580721, '2022-12-17 00:00:00');
INSERT INTO 계좌 (계좌ID, 고객ID, 은행ID, 계좌번호, 잔액, 개설일) VALUES (142, 99, 1, '110-975-480303', 29651431, '2023-09-21 00:00:00');
INSERT INTO 계좌 (계좌ID, 고객ID, 은행ID, 계좌번호, 잔액, 개설일) VALUES (143, 100, 2, '220-162-517479', 17737836, '2023-03-24 00:00:00');

-- ATM (30건)
INSERT INTO ATM (ATM_ID, 지점ID, 상태, 현금잔량, 경고임계값, ATM현금상태, 최종갱신일시) VALUES (1, 1, '정상', 15528379, 2000000, '정상', '2025-11-25 15:57:12');
INSERT INTO ATM (ATM_ID, 지점ID, 상태, 현금잔량, 경고임계값, ATM현금상태, 최종갱신일시) VALUES (2, 1, '정상', 6557265, 2000000, '정상', '2025-09-05 01:59:40');
INSERT INTO ATM (ATM_ID, 지점ID, 상태, 현금잔량, 경고임계값, ATM현금상태, 최종갱신일시) VALUES (3, 1, '정상', 768638, 500000, '정상', '2025-10-22 12:03:40');
INSERT INTO ATM (ATM_ID, 지점ID, 상태, 현금잔량, 경고임계값, ATM현금상태, 최종갱신일시) VALUES (4, 2, '정상', 17418456, 2000000, '정상', '2025-11-11 12:55:31');
INSERT INTO ATM (ATM_ID, 지점ID, 상태, 현금잔량, 경고임계값, ATM현금상태, 최종갱신일시) VALUES (5, 2, '정상', 3738513, 1500000, '정상', '2025-11-24 05:12:04');
INSERT INTO ATM (ATM_ID, 지점ID, 상태, 현금잔량, 경고임계값, ATM현금상태, 최종갱신일시) VALUES (6, 2, '장애', 15147119, 1000000, '정상', '2025-10-15 14:20:00');
INSERT INTO ATM (ATM_ID, 지점ID, 상태, 현금잔량, 경고임계값, ATM현금상태, 최종갱신일시) VALUES (7, 3, '정상', 7586017, 500000, '정상', '2025-11-05 22:44:11');
INSERT INTO ATM (ATM_ID, 지점ID, 상태, 현금잔량, 경고임계값, ATM현금상태, 최종갱신일시) VALUES (8, 3, '정상', 8282631, 2000000, '정상', '2025-09-15 19:12:56');
INSERT INTO ATM (ATM_ID, 지점ID, 상태, 현금잔량, 경고임계값, ATM현금상태, 최종갱신일시) VALUES (9, 3, '장애', 6270619, 1500000, '정상', '2025-12-19 17:45:00');
INSERT INTO ATM (ATM_ID, 지점ID, 상태, 현금잔량, 경고임계값, ATM현금상태, 최종갱신일시) VALUES (10, 4, '정상', 16808977, 1500000, '정상', '2025-12-02 13:51:43');
INSERT INTO ATM (ATM_ID, 지점ID, 상태, 현금잔량, 경고임계값, ATM현금상태, 최종갱신일시) VALUES (11, 4, '정상', 13306414, 2000000, '정상', '2025-11-02 04:37:11');
INSERT INTO ATM (ATM_ID, 지점ID, 상태, 현금잔량, 경고임계값, ATM현금상태, 최종갱신일시) VALUES (12, 4, '장애', 11850753, 500000, '정상', '2025-10-28 10:30:00');
INSERT INTO ATM (ATM_ID, 지점ID, 상태, 현금잔량, 경고임계값, ATM현금상태, 최종갱신일시) VALUES (13, 5, '정상', 11951704, 500000, '정상', '2025-12-15 15:40:36');
INSERT INTO ATM (ATM_ID, 지점ID, 상태, 현금잔량, 경고임계값, ATM현금상태, 최종갱신일시) VALUES (14, 5, '정상', 9167228, 1500000, '정상', '2025-12-09 18:06:51');
INSERT INTO ATM (ATM_ID, 지점ID, 상태, 현금잔량, 경고임계값, ATM현금상태, 최종갱신일시) VALUES (15, 5, '정상', 9016941, 1000000, '정상', '2025-12-16 14:16:14');
INSERT INTO ATM (ATM_ID, 지점ID, 상태, 현금잔량, 경고임계값, ATM현금상태, 최종갱신일시) VALUES (16, 6, '장애', 24323498, 500000, '정상', '2025-12-25 21:10:00');
INSERT INTO ATM (ATM_ID, 지점ID, 상태, 현금잔량, 경고임계값, ATM현금상태, 최종갱신일시) VALUES (17, 6, '정상', 10168687, 1500000, '정상', '2025-12-12 23:02:35');
INSERT INTO ATM (ATM_ID, 지점ID, 상태, 현금잔량, 경고임계값, ATM현금상태, 최종갱신일시) VALUES (18, 6, '정상', 8564522, 1000000, '정상', '2025-12-06 04:48:10');
INSERT INTO ATM (ATM_ID, 지점ID, 상태, 현금잔량, 경고임계값, ATM현금상태, 최종갱신일시) VALUES (19, 7, '정상', 20000, 1000000, '현금부족경고', '2025-10-10 03:23:22');
INSERT INTO ATM (ATM_ID, 지점ID, 상태, 현금잔량, 경고임계값, ATM현금상태, 최종갱신일시) VALUES (20, 7, '정상', 50000, 1000000, '현금부족경고', '2025-12-14 16:28:23');
INSERT INTO ATM (ATM_ID, 지점ID, 상태, 현금잔량, 경고임계값, ATM현금상태, 최종갱신일시) VALUES (21, 7, '장애', 13620868, 2000000, '정상', '2025-12-02 13:40:00');
INSERT INTO ATM (ATM_ID, 지점ID, 상태, 현금잔량, 경고임계값, ATM현금상태, 최종갱신일시) VALUES (22, 8, '정상', 13160606, 1000000, '정상', '2025-11-27 07:28:42');
INSERT INTO ATM (ATM_ID, 지점ID, 상태, 현금잔량, 경고임계값, ATM현금상태, 최종갱신일시) VALUES (23, 8, '정상', 17064944, 1500000, '정상', '2025-09-12 12:33:33');
INSERT INTO ATM (ATM_ID, 지점ID, 상태, 현금잔량, 경고임계값, ATM현금상태, 최종갱신일시) VALUES (24, 8, '정상', 1747935, 1500000, '정상', '2025-11-29 20:01:42');
INSERT INTO ATM (ATM_ID, 지점ID, 상태, 현금잔량, 경고임계값, ATM현금상태, 최종갱신일시) VALUES (25, 9, '정상', 16391380, 1000000, '정상', '2025-12-19 04:09:56');
INSERT INTO ATM (ATM_ID, 지점ID, 상태, 현금잔량, 경고임계값, ATM현금상태, 최종갱신일시) VALUES (26, 9, '정상', 2811438, 1000000, '정상', '2025-12-17 08:31:29');
INSERT INTO ATM (ATM_ID, 지점ID, 상태, 현금잔량, 경고임계값, ATM현금상태, 최종갱신일시) VALUES (27, 9, '장애', 100000, 2000000, '현금부족경고', '2025-12-30 18:22:00');
INSERT INTO ATM (ATM_ID, 지점ID, 상태, 현금잔량, 경고임계값, ATM현금상태, 최종갱신일시) VALUES (28, 10, '정상', 17904066, 1500000, '정상', '2025-10-24 12:11:03');
INSERT INTO ATM (ATM_ID, 지점ID, 상태, 현금잔량, 경고임계값, ATM현금상태, 최종갱신일시) VALUES (29, 10, '정상', 11580561, 1000000, '정상', '2025-12-07 16:09:43');
INSERT INTO ATM (ATM_ID, 지점ID, 상태, 현금잔량, 경고임계값, ATM현금상태, 최종갱신일시) VALUES (30, 10, '정상', 9092788, 500000, '정상', '2025-12-13 22:00:20');

-- 관리자 (12건)
INSERT INTO 관리자 (관리자ID, 지점ID, 이름, 로그인아이디, 비밀번호해시, 권한등급, 생성일시) VALUES (1, 1, '김민준', 'super_a', SHA2('admin1234', 256), '슈퍼', '2023-01-01 09:00:00');
INSERT INTO 관리자 (관리자ID, 지점ID, 이름, 로그인아이디, 비밀번호해시, 권한등급, 생성일시) VALUES (2, 6, '박서연', 'super_b', SHA2('admin1234', 256), '슈퍼', '2023-01-01 09:00:00');
INSERT INTO 관리자 (관리자ID, 지점ID, 이름, 로그인아이디, 비밀번호해시, 권한등급, 생성일시) VALUES (3, 1, '한준우', 'admin_1', SHA2('admin1234', 256), '일반', '2023-01-02 09:00:00');
INSERT INTO 관리자 (관리자ID, 지점ID, 이름, 로그인아이디, 비밀번호해시, 권한등급, 생성일시) VALUES (4, 2, '김지훈', 'admin_2', SHA2('admin1234', 256), '일반', '2023-01-02 09:00:00');
INSERT INTO 관리자 (관리자ID, 지점ID, 이름, 로그인아이디, 비밀번호해시, 권한등급, 생성일시) VALUES (5, 3, '최미숙', 'admin_3', SHA2('admin1234', 256), '일반', '2023-01-02 09:00:00');
INSERT INTO 관리자 (관리자ID, 지점ID, 이름, 로그인아이디, 비밀번호해시, 권한등급, 생성일시) VALUES (6, 4, '박준우', 'admin_4', SHA2('admin1234', 256), '일반', '2023-01-02 09:00:00');
INSERT INTO 관리자 (관리자ID, 지점ID, 이름, 로그인아이디, 비밀번호해시, 권한등급, 생성일시) VALUES (7, 5, '한유진', 'admin_5', SHA2('admin1234', 256), '일반', '2023-01-02 09:00:00');
INSERT INTO 관리자 (관리자ID, 지점ID, 이름, 로그인아이디, 비밀번호해시, 권한등급, 생성일시) VALUES (8, 6, '임수민', 'admin_6', SHA2('admin1234', 256), '일반', '2023-01-02 09:00:00');
INSERT INTO 관리자 (관리자ID, 지점ID, 이름, 로그인아이디, 비밀번호해시, 권한등급, 생성일시) VALUES (9, 7, '김정희', 'admin_7', SHA2('admin1234', 256), '일반', '2023-01-02 09:00:00');
INSERT INTO 관리자 (관리자ID, 지점ID, 이름, 로그인아이디, 비밀번호해시, 권한등급, 생성일시) VALUES (10, 8, '이은정', 'admin_8', SHA2('admin1234', 256), '일반', '2023-01-02 09:00:00');
INSERT INTO 관리자 (관리자ID, 지점ID, 이름, 로그인아이디, 비밀번호해시, 권한등급, 생성일시) VALUES (11, 9, '최정희', 'admin_9', SHA2('admin1234', 256), '일반', '2023-01-02 09:00:00');
INSERT INTO 관리자 (관리자ID, 지점ID, 이름, 로그인아이디, 비밀번호해시, 권한등급, 생성일시) VALUES (12, 10, '장은정', 'admin_10', SHA2('admin1234', 256), '일반', '2023-01-02 09:00:00');

-- 거래내역 (500건)
SET FOREIGN_KEY_CHECKS = 0;
INSERT INTO 거래내역 (거래ID, ATM_ID, 계좌ID, 연관거래ID, 거래유형, 거래금액, 수수료, 처리상태, 거래일시) VALUES (1, 29, 24, 2, '이체(출금)', 40000, 0, '성공', '2024-01-02 07:46:13');
INSERT INTO 거래내역 (거래ID, ATM_ID, 계좌ID, 연관거래ID, 거래유형, 거래금액, 수수료, 처리상태, 거래일시) VALUES (2, 29, 124, 1, '이체(입금)', 40000, 0, '성공', '2024-01-02 07:46:13');
INSERT INTO 거래내역 (거래ID, ATM_ID, 계좌ID, 연관거래ID, 거래유형, 거래금액, 수수료, 처리상태, 거래일시) VALUES (3, 14, 125, 4, '이체(출금)', 190000, 1000, '성공', '2024-01-03 03:23:28');
INSERT INTO 거래내역 (거래ID, ATM_ID, 계좌ID, 연관거래ID, 거래유형, 거래금액, 수수료, 처리상태, 거래일시) VALUES (4, 14, 118, 3, '이체(입금)', 190000, 0, '성공', '2024-01-03 03:23:28');
INSERT INTO 거래내역 (거래ID, ATM_ID, 계좌ID, 연관거래ID, 거래유형, 거래금액, 수수료, 처리상태, 거래일시) VALUES (5, 15, 28, NULL, '입금', 120000, 0, '성공', '2024-01-06 11:13:25');
INSERT INTO 거래내역 (거래ID, ATM_ID, 계좌ID, 연관거래ID, 거래유형, 거래금액, 수수료, 처리상태, 거래일시) VALUES (6, 20, 15, NULL, '입금', 820000, 0, '성공', '2024-01-10 06:14:23');
INSERT INTO 거래내역 (거래ID, ATM_ID, 계좌ID, 연관거래ID, 거래유형, 거래금액, 수수료, 처리상태, 거래일시) VALUES (7, 7, 75, NULL, '출금', 30000, 0, '성공', '2024-01-10 10:51:50');
INSERT INTO 거래내역 (거래ID, ATM_ID, 계좌ID, 연관거래ID, 거래유형, 거래금액, 수수료, 처리상태, 거래일시) VALUES (8, 25, 84, NULL, '입금', 500000, 0, '성공', '2024-01-13 10:37:33');
INSERT INTO 거래내역 (거래ID, ATM_ID, 계좌ID, 연관거래ID, 거래유형, 거래금액, 수수료, 처리상태, 거래일시) VALUES (9, 22, 19, 10, '이체(출금)', 290000, 0, '성공', '2024-01-13 13:08:49');
INSERT INTO 거래내역 (거래ID, ATM_ID, 계좌ID, 연관거래ID, 거래유형, 거래금액, 수수료, 처리상태, 거래일시) VALUES (10, 22, 83, 9, '이체(입금)', 290000, 0, '성공', '2024-01-13 13:08:49');
INSERT INTO 거래내역 (거래ID, ATM_ID, 계좌ID, 연관거래ID, 거래유형, 거래금액, 수수료, 처리상태, 거래일시) VALUES (11, 2, 46, NULL, '입금', 410000, 0, '실패', '2024-01-17 07:32:32');
INSERT INTO 거래내역 (거래ID, ATM_ID, 계좌ID, 연관거래ID, 거래유형, 거래금액, 수수료, 처리상태, 거래일시) VALUES (12, 25, 2, NULL, '출금', 60000, 1000, '성공', '2024-01-20 09:19:04');
INSERT INTO 거래내역 (거래ID, ATM_ID, 계좌ID, 연관거래ID, 거래유형, 거래금액, 수수료, 처리상태, 거래일시) VALUES (13, 24, 29, NULL, '출금', 130000, 1000, '성공', '2024-01-20 16:03:27');
INSERT INTO 거래내역 (거래ID, ATM_ID, 계좌ID, 연관거래ID, 거래유형, 거래금액, 수수료, 처리상태, 거래일시) VALUES (14, 22, 130, NULL, '출금', 360000, 0, '성공', '2024-01-21 14:12:57');
INSERT INTO 거래내역 (거래ID, ATM_ID, 계좌ID, 연관거래ID, 거래유형, 거래금액, 수수료, 처리상태, 거래일시) VALUES (15, 13, 30, NULL, '출금', 260000, 0, '성공', '2024-01-22 11:49:28');
INSERT INTO 거래내역 (거래ID, ATM_ID, 계좌ID, 연관거래ID, 거래유형, 거래금액, 수수료, 처리상태, 거래일시) VALUES (16, 10, 116, NULL, '출금', 230000, 1000, '성공', '2024-01-28 15:06:21');
INSERT INTO 거래내역 (거래ID, ATM_ID, 계좌ID, 연관거래ID, 거래유형, 거래금액, 수수료, 처리상태, 거래일시) VALUES (17, 26, 111, NULL, '입금', 510000, 0, '성공', '2024-01-30 22:21:32');
INSERT INTO 거래내역 (거래ID, ATM_ID, 계좌ID, 연관거래ID, 거래유형, 거래금액, 수수료, 처리상태, 거래일시) VALUES (18, 13, 118, NULL, '출금', 420000, 1000, '성공', '2024-02-01 02:12:52');
INSERT INTO 거래내역 (거래ID, ATM_ID, 계좌ID, 연관거래ID, 거래유형, 거래금액, 수수료, 처리상태, 거래일시) VALUES (19, 7, 22, NULL, '입금', 730000, 0, '성공', '2024-02-01 08:01:45');
INSERT INTO 거래내역 (거래ID, ATM_ID, 계좌ID, 연관거래ID, 거래유형, 거래금액, 수수료, 처리상태, 거래일시) VALUES (20, 2, 18, NULL, '입금', 610000, 0, '성공', '2024-02-02 10:27:09');
INSERT INTO 거래내역 (거래ID, ATM_ID, 계좌ID, 연관거래ID, 거래유형, 거래금액, 수수료, 처리상태, 거래일시) VALUES (21, 22, 108, NULL, '입금', 700000, 0, '성공', '2024-02-07 13:05:24');
INSERT INTO 거래내역 (거래ID, ATM_ID, 계좌ID, 연관거래ID, 거래유형, 거래금액, 수수료, 처리상태, 거래일시) VALUES (22, 26, 60, NULL, '출금', 350000, 1000, '성공', '2024-02-08 06:22:26');
INSERT INTO 거래내역 (거래ID, ATM_ID, 계좌ID, 연관거래ID, 거래유형, 거래금액, 수수료, 처리상태, 거래일시) VALUES (23, 30, 87, NULL, '출금', 370000, 1000, '성공', '2024-02-12 01:01:58');
INSERT INTO 거래내역 (거래ID, ATM_ID, 계좌ID, 연관거래ID, 거래유형, 거래금액, 수수료, 처리상태, 거래일시) VALUES (24, 24, 25, NULL, '입금', 680000, 0, '성공', '2024-02-13 08:21:55');
INSERT INTO 거래내역 (거래ID, ATM_ID, 계좌ID, 연관거래ID, 거래유형, 거래금액, 수수료, 처리상태, 거래일시) VALUES (25, 3, 102, NULL, '출금', 480000, 0, '성공', '2024-02-13 15:52:56');
INSERT INTO 거래내역 (거래ID, ATM_ID, 계좌ID, 연관거래ID, 거래유형, 거래금액, 수수료, 처리상태, 거래일시) VALUES (26, 14, 18, NULL, '입금', 390000, 0, '성공', '2024-02-15 04:11:24');
INSERT INTO 거래내역 (거래ID, ATM_ID, 계좌ID, 연관거래ID, 거래유형, 거래금액, 수수료, 처리상태, 거래일시) VALUES (27, 8, 122, NULL, '입금', 350000, 0, '성공', '2024-02-17 02:42:24');
INSERT INTO 거래내역 (거래ID, ATM_ID, 계좌ID, 연관거래ID, 거래유형, 거래금액, 수수료, 처리상태, 거래일시) VALUES (28, 2, 20, NULL, '입금', 860000, 0, '성공', '2024-02-19 00:13:56');
INSERT INTO 거래내역 (거래ID, ATM_ID, 계좌ID, 연관거래ID, 거래유형, 거래금액, 수수료, 처리상태, 거래일시) VALUES (29, 28, 88, 30, '이체(출금)', 250000, 0, '성공', '2024-02-19 01:40:21');
INSERT INTO 거래내역 (거래ID, ATM_ID, 계좌ID, 연관거래ID, 거래유형, 거래금액, 수수료, 처리상태, 거래일시) VALUES (30, 28, 26, 29, '이체(입금)', 250000, 0, '성공', '2024-02-19 01:40:21');
INSERT INTO 거래내역 (거래ID, ATM_ID, 계좌ID, 연관거래ID, 거래유형, 거래금액, 수수료, 처리상태, 거래일시) VALUES (31, 24, 59, NULL, '출금', 470000, 1000, '성공', '2024-02-22 21:14:43');
INSERT INTO 거래내역 (거래ID, ATM_ID, 계좌ID, 연관거래ID, 거래유형, 거래금액, 수수료, 처리상태, 거래일시) VALUES (32, 25, 36, NULL, '출금', 170000, 0, '성공', '2024-02-23 23:20:40');
INSERT INTO 거래내역 (거래ID, ATM_ID, 계좌ID, 연관거래ID, 거래유형, 거래금액, 수수료, 처리상태, 거래일시) VALUES (33, 23, 56, NULL, '입금', 970000, 0, '성공', '2024-02-27 05:06:07');
INSERT INTO 거래내역 (거래ID, ATM_ID, 계좌ID, 연관거래ID, 거래유형, 거래금액, 수수료, 처리상태, 거래일시) VALUES (34, 13, 71, NULL, '출금', 380000, 1000, '성공', '2024-02-27 12:48:49');
INSERT INTO 거래내역 (거래ID, ATM_ID, 계좌ID, 연관거래ID, 거래유형, 거래금액, 수수료, 처리상태, 거래일시) VALUES (35, 18, 71, NULL, '출금', 410000, 0, '성공', '2024-02-28 02:43:55');
INSERT INTO 거래내역 (거래ID, ATM_ID, 계좌ID, 연관거래ID, 거래유형, 거래금액, 수수료, 처리상태, 거래일시) VALUES (36, 29, 37, NULL, '입금', 600000, 0, '성공', '2024-02-29 20:28:33');
INSERT INTO 거래내역 (거래ID, ATM_ID, 계좌ID, 연관거래ID, 거래유형, 거래금액, 수수료, 처리상태, 거래일시) VALUES (37, 14, 74, NULL, '출금', 420000, 0, '성공', '2024-03-01 03:15:25');
INSERT INTO 거래내역 (거래ID, ATM_ID, 계좌ID, 연관거래ID, 거래유형, 거래금액, 수수료, 처리상태, 거래일시) VALUES (38, 7, 139, NULL, '입금', 830000, 0, '성공', '2024-03-01 19:04:34');
INSERT INTO 거래내역 (거래ID, ATM_ID, 계좌ID, 연관거래ID, 거래유형, 거래금액, 수수료, 처리상태, 거래일시) VALUES (39, 18, 89, NULL, '입금', 900000, 0, '성공', '2024-03-06 19:42:11');
INSERT INTO 거래내역 (거래ID, ATM_ID, 계좌ID, 연관거래ID, 거래유형, 거래금액, 수수료, 처리상태, 거래일시) VALUES (40, 28, 89, NULL, '출금', 460000, 1000, '성공', '2024-03-07 20:01:29');
INSERT INTO 거래내역 (거래ID, ATM_ID, 계좌ID, 연관거래ID, 거래유형, 거래금액, 수수료, 처리상태, 거래일시) VALUES (41, 11, 5, NULL, '출금', 230000, 0, '성공', '2024-03-10 12:33:13');
INSERT INTO 거래내역 (거래ID, ATM_ID, 계좌ID, 연관거래ID, 거래유형, 거래금액, 수수료, 처리상태, 거래일시) VALUES (42, 30, 56, NULL, '입금', 750000, 0, '성공', '2024-03-15 01:38:56');
INSERT INTO 거래내역 (거래ID, ATM_ID, 계좌ID, 연관거래ID, 거래유형, 거래금액, 수수료, 처리상태, 거래일시) VALUES (43, 18, 105, NULL, '출금', 370000, 0, '성공', '2024-03-16 04:33:46');
INSERT INTO 거래내역 (거래ID, ATM_ID, 계좌ID, 연관거래ID, 거래유형, 거래금액, 수수료, 처리상태, 거래일시) VALUES (44, 5, 109, NULL, '입금', 490000, 0, '성공', '2024-03-16 16:21:00');
INSERT INTO 거래내역 (거래ID, ATM_ID, 계좌ID, 연관거래ID, 거래유형, 거래금액, 수수료, 처리상태, 거래일시) VALUES (45, 4, 112, NULL, '입금', 300000, 0, '성공', '2024-03-18 12:24:02');
INSERT INTO 거래내역 (거래ID, ATM_ID, 계좌ID, 연관거래ID, 거래유형, 거래금액, 수수료, 처리상태, 거래일시) VALUES (46, 15, 114, NULL, '출금', 490000, 1000, '성공', '2024-03-19 20:53:45');
INSERT INTO 거래내역 (거래ID, ATM_ID, 계좌ID, 연관거래ID, 거래유형, 거래금액, 수수료, 처리상태, 거래일시) VALUES (47, 15, 133, NULL, '출금', 190000, 1000, '성공', '2024-03-21 09:07:27');
INSERT INTO 거래내역 (거래ID, ATM_ID, 계좌ID, 연관거래ID, 거래유형, 거래금액, 수수료, 처리상태, 거래일시) VALUES (48, 2, 74, NULL, '출금', 460000, 0, '성공', '2024-03-21 12:36:38');
INSERT INTO 거래내역 (거래ID, ATM_ID, 계좌ID, 연관거래ID, 거래유형, 거래금액, 수수료, 처리상태, 거래일시) VALUES (49, 15, 69, NULL, '입금', 510000, 0, '성공', '2024-03-21 13:34:56');
INSERT INTO 거래내역 (거래ID, ATM_ID, 계좌ID, 연관거래ID, 거래유형, 거래금액, 수수료, 처리상태, 거래일시) VALUES (50, 13, 83, NULL, '출금', 70000, 0, '성공', '2024-03-22 11:56:21');
INSERT INTO 거래내역 (거래ID, ATM_ID, 계좌ID, 연관거래ID, 거래유형, 거래금액, 수수료, 처리상태, 거래일시) VALUES (51, 20, 114, NULL, '출금', 50000, 0, '성공', '2024-03-23 11:43:39');
INSERT INTO 거래내역 (거래ID, ATM_ID, 계좌ID, 연관거래ID, 거래유형, 거래금액, 수수료, 처리상태, 거래일시) VALUES (52, 15, 133, NULL, '출금', 180000, 1000, '성공', '2024-03-25 15:27:20');
INSERT INTO 거래내역 (거래ID, ATM_ID, 계좌ID, 연관거래ID, 거래유형, 거래금액, 수수료, 처리상태, 거래일시) VALUES (53, 29, 109, 54, '이체(출금)', 130000, 0, '성공', '2024-03-25 23:19:16');
INSERT INTO 거래내역 (거래ID, ATM_ID, 계좌ID, 연관거래ID, 거래유형, 거래금액, 수수료, 처리상태, 거래일시) VALUES (54, 29, 139, 53, '이체(입금)', 130000, 0, '성공', '2024-03-25 23:19:16');
INSERT INTO 거래내역 (거래ID, ATM_ID, 계좌ID, 연관거래ID, 거래유형, 거래금액, 수수료, 처리상태, 거래일시) VALUES (55, 18, 100, NULL, '입금', 1000000, 0, '성공', '2024-03-27 20:22:19');
INSERT INTO 거래내역 (거래ID, ATM_ID, 계좌ID, 연관거래ID, 거래유형, 거래금액, 수수료, 처리상태, 거래일시) VALUES (56, 23, 34, NULL, '출금', 400000, 1000, '성공', '2024-03-29 02:23:37');
INSERT INTO 거래내역 (거래ID, ATM_ID, 계좌ID, 연관거래ID, 거래유형, 거래금액, 수수료, 처리상태, 거래일시) VALUES (57, 13, 128, NULL, '출금', 20000, 1000, '성공', '2024-04-02 14:19:03');
INSERT INTO 거래내역 (거래ID, ATM_ID, 계좌ID, 연관거래ID, 거래유형, 거래금액, 수수료, 처리상태, 거래일시) VALUES (58, 5, 122, NULL, '출금', 50000, 0, '성공', '2024-04-03 03:06:28');
INSERT INTO 거래내역 (거래ID, ATM_ID, 계좌ID, 연관거래ID, 거래유형, 거래금액, 수수료, 처리상태, 거래일시) VALUES (59, 28, 132, 60, '이체(출금)', 270000, 0, '성공', '2024-04-07 04:56:11');
INSERT INTO 거래내역 (거래ID, ATM_ID, 계좌ID, 연관거래ID, 거래유형, 거래금액, 수수료, 처리상태, 거래일시) VALUES (60, 28, 106, 59, '이체(입금)', 270000, 0, '성공', '2024-04-07 04:56:11');
INSERT INTO 거래내역 (거래ID, ATM_ID, 계좌ID, 연관거래ID, 거래유형, 거래금액, 수수료, 처리상태, 거래일시) VALUES (61, 17, 107, NULL, '출금', 470000, 0, '성공', '2024-04-07 11:22:46');
INSERT INTO 거래내역 (거래ID, ATM_ID, 계좌ID, 연관거래ID, 거래유형, 거래금액, 수수료, 처리상태, 거래일시) VALUES (62, 19, 64, NULL, '출금', 100000, 0, '실패', '2024-04-09 01:50:32');
INSERT INTO 거래내역 (거래ID, ATM_ID, 계좌ID, 연관거래ID, 거래유형, 거래금액, 수수료, 처리상태, 거래일시) VALUES (63, 11, 31, NULL, '출금', 90000, 0, '성공', '2024-04-09 14:20:29');
INSERT INTO 거래내역 (거래ID, ATM_ID, 계좌ID, 연관거래ID, 거래유형, 거래금액, 수수료, 처리상태, 거래일시) VALUES (64, 22, 128, NULL, '입금', 600000, 0, '실패', '2024-04-10 17:05:37');
INSERT INTO 거래내역 (거래ID, ATM_ID, 계좌ID, 연관거래ID, 거래유형, 거래금액, 수수료, 처리상태, 거래일시) VALUES (65, 26, 60, NULL, '출금', 40000, 0, '실패', '2024-04-12 15:02:52');
INSERT INTO 거래내역 (거래ID, ATM_ID, 계좌ID, 연관거래ID, 거래유형, 거래금액, 수수료, 처리상태, 거래일시) VALUES (66, 30, 38, NULL, '출금', 160000, 0, '성공', '2024-04-15 05:19:54');
INSERT INTO 거래내역 (거래ID, ATM_ID, 계좌ID, 연관거래ID, 거래유형, 거래금액, 수수료, 처리상태, 거래일시) VALUES (67, 20, 96, NULL, '출금', 360000, 1000, '성공', '2024-04-15 18:47:01');
INSERT INTO 거래내역 (거래ID, ATM_ID, 계좌ID, 연관거래ID, 거래유형, 거래금액, 수수료, 처리상태, 거래일시) VALUES (68, 17, 85, NULL, '입금', 560000, 0, '성공', '2024-04-18 00:23:02');
INSERT INTO 거래내역 (거래ID, ATM_ID, 계좌ID, 연관거래ID, 거래유형, 거래금액, 수수료, 처리상태, 거래일시) VALUES (69, 25, 51, NULL, '입금', 590000, 0, '성공', '2024-04-19 04:55:58');
INSERT INTO 거래내역 (거래ID, ATM_ID, 계좌ID, 연관거래ID, 거래유형, 거래금액, 수수료, 처리상태, 거래일시) VALUES (70, 5, 124, NULL, '출금', 150000, 1000, '성공', '2024-04-20 12:44:50');
INSERT INTO 거래내역 (거래ID, ATM_ID, 계좌ID, 연관거래ID, 거래유형, 거래금액, 수수료, 처리상태, 거래일시) VALUES (71, 1, 88, NULL, '입금', 830000, 0, '성공', '2024-04-21 05:59:02');
INSERT INTO 거래내역 (거래ID, ATM_ID, 계좌ID, 연관거래ID, 거래유형, 거래금액, 수수료, 처리상태, 거래일시) VALUES (72, 23, 65, NULL, '출금', 120000, 1000, '성공', '2024-04-22 00:56:19');
INSERT INTO 거래내역 (거래ID, ATM_ID, 계좌ID, 연관거래ID, 거래유형, 거래금액, 수수료, 처리상태, 거래일시) VALUES (73, 26, 118, NULL, '출금', 50000, 0, '성공', '2024-04-23 18:11:53');
INSERT INTO 거래내역 (거래ID, ATM_ID, 계좌ID, 연관거래ID, 거래유형, 거래금액, 수수료, 처리상태, 거래일시) VALUES (74, 20, 62, 75, '이체(출금)', 130000, 0, '성공', '2024-04-25 08:46:39');
INSERT INTO 거래내역 (거래ID, ATM_ID, 계좌ID, 연관거래ID, 거래유형, 거래금액, 수수료, 처리상태, 거래일시) VALUES (75, 20, 129, 74, '이체(입금)', 130000, 0, '성공', '2024-04-25 08:46:39');
INSERT INTO 거래내역 (거래ID, ATM_ID, 계좌ID, 연관거래ID, 거래유형, 거래금액, 수수료, 처리상태, 거래일시) VALUES (76, 26, 72, NULL, '출금', 160000, 0, '성공', '2024-04-26 00:56:36');
INSERT INTO 거래내역 (거래ID, ATM_ID, 계좌ID, 연관거래ID, 거래유형, 거래금액, 수수료, 처리상태, 거래일시) VALUES (77, 5, 108, NULL, '출금', 340000, 0, '성공', '2024-04-26 02:18:50');
INSERT INTO 거래내역 (거래ID, ATM_ID, 계좌ID, 연관거래ID, 거래유형, 거래금액, 수수료, 처리상태, 거래일시) VALUES (78, 14, 51, NULL, '입금', 590000, 0, '성공', '2024-04-26 09:33:07');
INSERT INTO 거래내역 (거래ID, ATM_ID, 계좌ID, 연관거래ID, 거래유형, 거래금액, 수수료, 처리상태, 거래일시) VALUES (79, 3, 131, NULL, '출금', 410000, 0, '성공', '2024-04-26 19:19:07');
INSERT INTO 거래내역 (거래ID, ATM_ID, 계좌ID, 연관거래ID, 거래유형, 거래금액, 수수료, 처리상태, 거래일시) VALUES (80, 28, 35, NULL, '입금', 410000, 0, '성공', '2024-04-30 08:41:10');
INSERT INTO 거래내역 (거래ID, ATM_ID, 계좌ID, 연관거래ID, 거래유형, 거래금액, 수수료, 처리상태, 거래일시) VALUES (81, 29, 80, NULL, '출금', 450000, 0, '성공', '2024-04-30 23:15:17');
INSERT INTO 거래내역 (거래ID, ATM_ID, 계좌ID, 연관거래ID, 거래유형, 거래금액, 수수료, 처리상태, 거래일시) VALUES (82, 11, 75, NULL, '출금', 210000, 0, '성공', '2024-05-02 00:16:53');
INSERT INTO 거래내역 (거래ID, ATM_ID, 계좌ID, 연관거래ID, 거래유형, 거래금액, 수수료, 처리상태, 거래일시) VALUES (83, 14, 62, NULL, '출금', 300000, 1000, '성공', '2024-05-05 09:44:18');
INSERT INTO 거래내역 (거래ID, ATM_ID, 계좌ID, 연관거래ID, 거래유형, 거래금액, 수수료, 처리상태, 거래일시) VALUES (84, 5, 26, 85, '이체(출금)', 250000, 0, '성공', '2024-05-06 21:27:56');
INSERT INTO 거래내역 (거래ID, ATM_ID, 계좌ID, 연관거래ID, 거래유형, 거래금액, 수수료, 처리상태, 거래일시) VALUES (85, 5, 100, 84, '이체(입금)', 250000, 0, '성공', '2024-05-06 21:27:56');
INSERT INTO 거래내역 (거래ID, ATM_ID, 계좌ID, 연관거래ID, 거래유형, 거래금액, 수수료, 처리상태, 거래일시) VALUES (86, 26, 85, NULL, '출금', 180000, 0, '성공', '2024-05-07 13:23:57');
INSERT INTO 거래내역 (거래ID, ATM_ID, 계좌ID, 연관거래ID, 거래유형, 거래금액, 수수료, 처리상태, 거래일시) VALUES (87, 8, 142, NULL, '출금', 180000, 0, '성공', '2024-05-08 22:45:22');
INSERT INTO 거래내역 (거래ID, ATM_ID, 계좌ID, 연관거래ID, 거래유형, 거래금액, 수수료, 처리상태, 거래일시) VALUES (88, 25, 38, NULL, '출금', 50000, 0, '성공', '2024-05-09 10:00:46');
INSERT INTO 거래내역 (거래ID, ATM_ID, 계좌ID, 연관거래ID, 거래유형, 거래금액, 수수료, 처리상태, 거래일시) VALUES (89, 20, 111, NULL, '출금', 120000, 1000, '성공', '2024-05-12 13:50:34');
INSERT INTO 거래내역 (거래ID, ATM_ID, 계좌ID, 연관거래ID, 거래유형, 거래금액, 수수료, 처리상태, 거래일시) VALUES (90, 24, 47, NULL, '출금', 500000, 0, '성공', '2024-05-12 15:45:04');
INSERT INTO 거래내역 (거래ID, ATM_ID, 계좌ID, 연관거래ID, 거래유형, 거래금액, 수수료, 처리상태, 거래일시) VALUES (91, 23, 87, 92, '이체(출금)', 190000, 1000, '성공', '2024-05-13 20:36:45');
INSERT INTO 거래내역 (거래ID, ATM_ID, 계좌ID, 연관거래ID, 거래유형, 거래금액, 수수료, 처리상태, 거래일시) VALUES (92, 23, 126, 91, '이체(입금)', 190000, 0, '성공', '2024-05-13 20:36:45');
INSERT INTO 거래내역 (거래ID, ATM_ID, 계좌ID, 연관거래ID, 거래유형, 거래금액, 수수료, 처리상태, 거래일시) VALUES (93, 18, 47, NULL, '입금', 990000, 0, '성공', '2024-05-18 23:21:25');
INSERT INTO 거래내역 (거래ID, ATM_ID, 계좌ID, 연관거래ID, 거래유형, 거래금액, 수수료, 처리상태, 거래일시) VALUES (94, 15, 3, NULL, '입금', 630000, 0, '실패', '2024-05-19 07:06:15');
INSERT INTO 거래내역 (거래ID, ATM_ID, 계좌ID, 연관거래ID, 거래유형, 거래금액, 수수료, 처리상태, 거래일시) VALUES (95, 20, 50, NULL, '출금', 150000, 1000, '성공', '2024-05-20 05:38:28');
INSERT INTO 거래내역 (거래ID, ATM_ID, 계좌ID, 연관거래ID, 거래유형, 거래금액, 수수료, 처리상태, 거래일시) VALUES (96, 30, 16, NULL, '출금', 460000, 0, '성공', '2024-05-21 18:53:04');
INSERT INTO 거래내역 (거래ID, ATM_ID, 계좌ID, 연관거래ID, 거래유형, 거래금액, 수수료, 처리상태, 거래일시) VALUES (97, 18, 90, 98, '이체(출금)', 110000, 0, '성공', '2024-05-23 09:01:17');
INSERT INTO 거래내역 (거래ID, ATM_ID, 계좌ID, 연관거래ID, 거래유형, 거래금액, 수수료, 처리상태, 거래일시) VALUES (98, 18, 71, 97, '이체(입금)', 110000, 0, '성공', '2024-05-23 09:01:17');
INSERT INTO 거래내역 (거래ID, ATM_ID, 계좌ID, 연관거래ID, 거래유형, 거래금액, 수수료, 처리상태, 거래일시) VALUES (99, 17, 25, NULL, '출금', 120000, 0, '성공', '2024-05-23 17:23:00');
INSERT INTO 거래내역 (거래ID, ATM_ID, 계좌ID, 연관거래ID, 거래유형, 거래금액, 수수료, 처리상태, 거래일시) VALUES (100, 24, 62, NULL, '출금', 460000, 0, '성공', '2024-05-27 10:36:17');
INSERT INTO 거래내역 (거래ID, ATM_ID, 계좌ID, 연관거래ID, 거래유형, 거래금액, 수수료, 처리상태, 거래일시) VALUES (101, 8, 88, NULL, '출금', 390000, 1000, '성공', '2024-05-27 11:22:50');
INSERT INTO 거래내역 (거래ID, ATM_ID, 계좌ID, 연관거래ID, 거래유형, 거래금액, 수수료, 처리상태, 거래일시) VALUES (102, 25, 1, NULL, '출금', 180000, 1000, '성공', '2024-05-28 04:43:58');
INSERT INTO 거래내역 (거래ID, ATM_ID, 계좌ID, 연관거래ID, 거래유형, 거래금액, 수수료, 처리상태, 거래일시) VALUES (103, 2, 57, NULL, '입금', 950000, 0, '성공', '2024-05-29 00:35:25');
INSERT INTO 거래내역 (거래ID, ATM_ID, 계좌ID, 연관거래ID, 거래유형, 거래금액, 수수료, 처리상태, 거래일시) VALUES (104, 17, 102, NULL, '출금', 230000, 1000, '성공', '2024-05-29 10:34:30');
INSERT INTO 거래내역 (거래ID, ATM_ID, 계좌ID, 연관거래ID, 거래유형, 거래금액, 수수료, 처리상태, 거래일시) VALUES (105, 1, 118, 106, '이체(출금)', 40000, 0, '실패', '2024-06-10 16:04:00');
INSERT INTO 거래내역 (거래ID, ATM_ID, 계좌ID, 연관거래ID, 거래유형, 거래금액, 수수료, 처리상태, 거래일시) VALUES (106, 1, 117, 105, '이체(입금)', 40000, 0, '실패', '2024-06-10 16:04:00');
INSERT INTO 거래내역 (거래ID, ATM_ID, 계좌ID, 연관거래ID, 거래유형, 거래금액, 수수료, 처리상태, 거래일시) VALUES (107, 3, 14, NULL, '출금', 100000, 1000, '성공', '2024-06-10 22:29:41');
INSERT INTO 거래내역 (거래ID, ATM_ID, 계좌ID, 연관거래ID, 거래유형, 거래금액, 수수료, 처리상태, 거래일시) VALUES (108, 23, 75, NULL, '출금', 200000, 1000, '성공', '2024-06-10 23:13:04');
INSERT INTO 거래내역 (거래ID, ATM_ID, 계좌ID, 연관거래ID, 거래유형, 거래금액, 수수료, 처리상태, 거래일시) VALUES (109, 22, 134, NULL, '출금', 400000, 1000, '성공', '2024-06-11 13:14:56');
INSERT INTO 거래내역 (거래ID, ATM_ID, 계좌ID, 연관거래ID, 거래유형, 거래금액, 수수료, 처리상태, 거래일시) VALUES (110, 4, 73, NULL, '출금', 60000, 0, '성공', '2024-06-13 09:55:55');
INSERT INTO 거래내역 (거래ID, ATM_ID, 계좌ID, 연관거래ID, 거래유형, 거래금액, 수수료, 처리상태, 거래일시) VALUES (111, 22, 136, NULL, '출금', 270000, 1000, '성공', '2024-06-14 07:16:14');
INSERT INTO 거래내역 (거래ID, ATM_ID, 계좌ID, 연관거래ID, 거래유형, 거래금액, 수수료, 처리상태, 거래일시) VALUES (112, 8, 138, NULL, '입금', 200000, 0, '성공', '2024-06-17 11:56:47');
INSERT INTO 거래내역 (거래ID, ATM_ID, 계좌ID, 연관거래ID, 거래유형, 거래금액, 수수료, 처리상태, 거래일시) VALUES (113, 20, 38, NULL, '입금', 90000, 0, '성공', '2024-06-20 15:49:33');
INSERT INTO 거래내역 (거래ID, ATM_ID, 계좌ID, 연관거래ID, 거래유형, 거래금액, 수수료, 처리상태, 거래일시) VALUES (114, 30, 126, NULL, '입금', 590000, 0, '실패', '2024-06-21 12:49:20');
INSERT INTO 거래내역 (거래ID, ATM_ID, 계좌ID, 연관거래ID, 거래유형, 거래금액, 수수료, 처리상태, 거래일시) VALUES (115, 30, 63, NULL, '입금', 670000, 0, '성공', '2024-06-27 20:05:39');
INSERT INTO 거래내역 (거래ID, ATM_ID, 계좌ID, 연관거래ID, 거래유형, 거래금액, 수수료, 처리상태, 거래일시) VALUES (116, 5, 90, NULL, '입금', 160000, 0, '성공', '2024-07-01 19:33:39');
INSERT INTO 거래내역 (거래ID, ATM_ID, 계좌ID, 연관거래ID, 거래유형, 거래금액, 수수료, 처리상태, 거래일시) VALUES (117, 29, 69, NULL, '출금', 20000, 0, '성공', '2024-07-03 09:56:58');
INSERT INTO 거래내역 (거래ID, ATM_ID, 계좌ID, 연관거래ID, 거래유형, 거래금액, 수수료, 처리상태, 거래일시) VALUES (118, 3, 111, NULL, '출금', 390000, 0, '성공', '2024-07-03 19:51:36');
INSERT INTO 거래내역 (거래ID, ATM_ID, 계좌ID, 연관거래ID, 거래유형, 거래금액, 수수료, 처리상태, 거래일시) VALUES (119, 29, 123, NULL, '출금', 410000, 0, '성공', '2024-07-05 04:54:35');
INSERT INTO 거래내역 (거래ID, ATM_ID, 계좌ID, 연관거래ID, 거래유형, 거래금액, 수수료, 처리상태, 거래일시) VALUES (120, 10, 104, NULL, '입금', 810000, 0, '성공', '2024-07-07 06:47:10');
INSERT INTO 거래내역 (거래ID, ATM_ID, 계좌ID, 연관거래ID, 거래유형, 거래금액, 수수료, 처리상태, 거래일시) VALUES (121, 24, 99, NULL, '입금', 550000, 0, '성공', '2024-07-09 17:43:08');
INSERT INTO 거래내역 (거래ID, ATM_ID, 계좌ID, 연관거래ID, 거래유형, 거래금액, 수수료, 처리상태, 거래일시) VALUES (122, 24, 27, NULL, '입금', 690000, 0, '실패', '2024-07-10 13:19:05');
INSERT INTO 거래내역 (거래ID, ATM_ID, 계좌ID, 연관거래ID, 거래유형, 거래금액, 수수료, 처리상태, 거래일시) VALUES (123, 28, 11, NULL, '입금', 100000, 0, '성공', '2024-07-11 21:23:35');
INSERT INTO 거래내역 (거래ID, ATM_ID, 계좌ID, 연관거래ID, 거래유형, 거래금액, 수수료, 처리상태, 거래일시) VALUES (124, 13, 4, NULL, '입금', 280000, 0, '성공', '2024-07-13 04:16:16');
INSERT INTO 거래내역 (거래ID, ATM_ID, 계좌ID, 연관거래ID, 거래유형, 거래금액, 수수료, 처리상태, 거래일시) VALUES (125, 22, 120, NULL, '출금', 180000, 0, '성공', '2024-07-16 04:06:04');
INSERT INTO 거래내역 (거래ID, ATM_ID, 계좌ID, 연관거래ID, 거래유형, 거래금액, 수수료, 처리상태, 거래일시) VALUES (126, 20, 123, NULL, '출금', 420000, 0, '실패', '2024-07-23 10:27:29');
INSERT INTO 거래내역 (거래ID, ATM_ID, 계좌ID, 연관거래ID, 거래유형, 거래금액, 수수료, 처리상태, 거래일시) VALUES (127, 22, 21, 128, '이체(출금)', 300000, 0, '성공', '2024-07-27 05:39:25');
INSERT INTO 거래내역 (거래ID, ATM_ID, 계좌ID, 연관거래ID, 거래유형, 거래금액, 수수료, 처리상태, 거래일시) VALUES (128, 22, 139, 127, '이체(입금)', 300000, 0, '성공', '2024-07-27 05:39:25');
INSERT INTO 거래내역 (거래ID, ATM_ID, 계좌ID, 연관거래ID, 거래유형, 거래금액, 수수료, 처리상태, 거래일시) VALUES (129, 17, 63, NULL, '입금', 330000, 0, '성공', '2024-07-27 12:01:28');
INSERT INTO 거래내역 (거래ID, ATM_ID, 계좌ID, 연관거래ID, 거래유형, 거래금액, 수수료, 처리상태, 거래일시) VALUES (130, 25, 5, NULL, '입금', 310000, 0, '성공', '2024-07-30 02:26:59');
INSERT INTO 거래내역 (거래ID, ATM_ID, 계좌ID, 연관거래ID, 거래유형, 거래금액, 수수료, 처리상태, 거래일시) VALUES (131, 25, 43, 132, '이체(출금)', 50000, 1000, '성공', '2024-07-30 07:32:04');
INSERT INTO 거래내역 (거래ID, ATM_ID, 계좌ID, 연관거래ID, 거래유형, 거래금액, 수수료, 처리상태, 거래일시) VALUES (132, 25, 16, 131, '이체(입금)', 50000, 0, '성공', '2024-07-30 07:32:04');
INSERT INTO 거래내역 (거래ID, ATM_ID, 계좌ID, 연관거래ID, 거래유형, 거래금액, 수수료, 처리상태, 거래일시) VALUES (133, 13, 74, NULL, '출금', 460000, 0, '성공', '2024-07-31 17:48:14');
INSERT INTO 거래내역 (거래ID, ATM_ID, 계좌ID, 연관거래ID, 거래유형, 거래금액, 수수료, 처리상태, 거래일시) VALUES (134, 30, 56, NULL, '입금', 620000, 0, '성공', '2024-08-01 12:07:22');
INSERT INTO 거래내역 (거래ID, ATM_ID, 계좌ID, 연관거래ID, 거래유형, 거래금액, 수수료, 처리상태, 거래일시) VALUES (135, 1, 119, NULL, '입금', 910000, 0, '성공', '2024-08-02 15:57:49');
INSERT INTO 거래내역 (거래ID, ATM_ID, 계좌ID, 연관거래ID, 거래유형, 거래금액, 수수료, 처리상태, 거래일시) VALUES (136, 1, 53, NULL, '출금', 200000, 0, '성공', '2024-08-04 04:59:47');
INSERT INTO 거래내역 (거래ID, ATM_ID, 계좌ID, 연관거래ID, 거래유형, 거래금액, 수수료, 처리상태, 거래일시) VALUES (137, 15, 113, 138, '이체(출금)', 240000, 1000, '성공', '2024-08-06 22:52:03');
INSERT INTO 거래내역 (거래ID, ATM_ID, 계좌ID, 연관거래ID, 거래유형, 거래금액, 수수료, 처리상태, 거래일시) VALUES (138, 15, 39, 137, '이체(입금)', 240000, 0, '성공', '2024-08-06 22:52:03');
INSERT INTO 거래내역 (거래ID, ATM_ID, 계좌ID, 연관거래ID, 거래유형, 거래금액, 수수료, 처리상태, 거래일시) VALUES (139, 15, 80, NULL, '출금', 120000, 1000, '성공', '2024-08-07 12:26:31');
INSERT INTO 거래내역 (거래ID, ATM_ID, 계좌ID, 연관거래ID, 거래유형, 거래금액, 수수료, 처리상태, 거래일시) VALUES (140, 1, 18, 141, '이체(출금)', 90000, 0, '성공', '2024-08-08 01:27:00');
INSERT INTO 거래내역 (거래ID, ATM_ID, 계좌ID, 연관거래ID, 거래유형, 거래금액, 수수료, 처리상태, 거래일시) VALUES (141, 1, 16, 140, '이체(입금)', 90000, 0, '성공', '2024-08-08 01:27:00');
INSERT INTO 거래내역 (거래ID, ATM_ID, 계좌ID, 연관거래ID, 거래유형, 거래금액, 수수료, 처리상태, 거래일시) VALUES (142, 26, 142, NULL, '출금', 470000, 1000, '성공', '2024-08-08 15:39:30');
INSERT INTO 거래내역 (거래ID, ATM_ID, 계좌ID, 연관거래ID, 거래유형, 거래금액, 수수료, 처리상태, 거래일시) VALUES (143, 22, 118, NULL, '출금', 160000, 0, '성공', '2024-08-08 21:14:20');
INSERT INTO 거래내역 (거래ID, ATM_ID, 계좌ID, 연관거래ID, 거래유형, 거래금액, 수수료, 처리상태, 거래일시) VALUES (144, 29, 39, NULL, '입금', 20000, 0, '실패', '2024-08-11 18:24:47');
INSERT INTO 거래내역 (거래ID, ATM_ID, 계좌ID, 연관거래ID, 거래유형, 거래금액, 수수료, 처리상태, 거래일시) VALUES (145, 13, 95, NULL, '출금', 400000, 1000, '성공', '2024-08-14 07:58:41');
INSERT INTO 거래내역 (거래ID, ATM_ID, 계좌ID, 연관거래ID, 거래유형, 거래금액, 수수료, 처리상태, 거래일시) VALUES (146, 17, 136, NULL, '입금', 170000, 0, '성공', '2024-08-16 00:07:35');
INSERT INTO 거래내역 (거래ID, ATM_ID, 계좌ID, 연관거래ID, 거래유형, 거래금액, 수수료, 처리상태, 거래일시) VALUES (147, 17, 21, NULL, '출금', 240000, 0, '성공', '2024-08-17 01:01:34');
INSERT INTO 거래내역 (거래ID, ATM_ID, 계좌ID, 연관거래ID, 거래유형, 거래금액, 수수료, 처리상태, 거래일시) VALUES (148, 7, 93, NULL, '출금', 330000, 1000, '성공', '2024-08-17 04:25:07');
INSERT INTO 거래내역 (거래ID, ATM_ID, 계좌ID, 연관거래ID, 거래유형, 거래금액, 수수료, 처리상태, 거래일시) VALUES (149, 23, 122, NULL, '입금', 310000, 0, '성공', '2024-08-18 10:56:58');
INSERT INTO 거래내역 (거래ID, ATM_ID, 계좌ID, 연관거래ID, 거래유형, 거래금액, 수수료, 처리상태, 거래일시) VALUES (150, 13, 9, NULL, '입금', 360000, 0, '성공', '2024-08-18 19:34:25');
INSERT INTO 거래내역 (거래ID, ATM_ID, 계좌ID, 연관거래ID, 거래유형, 거래금액, 수수료, 처리상태, 거래일시) VALUES (151, 5, 20, 152, '이체(출금)', 190000, 1000, '성공', '2024-08-19 18:54:44');
INSERT INTO 거래내역 (거래ID, ATM_ID, 계좌ID, 연관거래ID, 거래유형, 거래금액, 수수료, 처리상태, 거래일시) VALUES (152, 5, 115, 151, '이체(입금)', 190000, 0, '성공', '2024-08-19 18:54:44');
INSERT INTO 거래내역 (거래ID, ATM_ID, 계좌ID, 연관거래ID, 거래유형, 거래금액, 수수료, 처리상태, 거래일시) VALUES (153, 20, 34, 154, '이체(출금)', 30000, 1000, '성공', '2024-08-22 13:56:49');
INSERT INTO 거래내역 (거래ID, ATM_ID, 계좌ID, 연관거래ID, 거래유형, 거래금액, 수수료, 처리상태, 거래일시) VALUES (154, 20, 23, 153, '이체(입금)', 30000, 0, '성공', '2024-08-22 13:56:49');
INSERT INTO 거래내역 (거래ID, ATM_ID, 계좌ID, 연관거래ID, 거래유형, 거래금액, 수수료, 처리상태, 거래일시) VALUES (155, 18, 137, NULL, '입금', 490000, 0, '성공', '2024-08-23 09:00:41');
INSERT INTO 거래내역 (거래ID, ATM_ID, 계좌ID, 연관거래ID, 거래유형, 거래금액, 수수료, 처리상태, 거래일시) VALUES (156, 18, 36, NULL, '입금', 810000, 0, '성공', '2024-08-24 02:28:28');
INSERT INTO 거래내역 (거래ID, ATM_ID, 계좌ID, 연관거래ID, 거래유형, 거래금액, 수수료, 처리상태, 거래일시) VALUES (157, 2, 33, NULL, '출금', 50000, 0, '성공', '2024-08-29 23:29:22');
INSERT INTO 거래내역 (거래ID, ATM_ID, 계좌ID, 연관거래ID, 거래유형, 거래금액, 수수료, 처리상태, 거래일시) VALUES (158, 5, 4, NULL, '출금', 230000, 0, '성공', '2024-08-31 21:26:22');
INSERT INTO 거래내역 (거래ID, ATM_ID, 계좌ID, 연관거래ID, 거래유형, 거래금액, 수수료, 처리상태, 거래일시) VALUES (159, 29, 80, 160, '이체(출금)', 140000, 0, '성공', '2024-09-01 02:06:29');
INSERT INTO 거래내역 (거래ID, ATM_ID, 계좌ID, 연관거래ID, 거래유형, 거래금액, 수수료, 처리상태, 거래일시) VALUES (160, 29, 63, 159, '이체(입금)', 140000, 0, '성공', '2024-09-01 02:06:29');
INSERT INTO 거래내역 (거래ID, ATM_ID, 계좌ID, 연관거래ID, 거래유형, 거래금액, 수수료, 처리상태, 거래일시) VALUES (161, 13, 32, NULL, '출금', 40000, 1000, '성공', '2024-09-01 15:17:07');
INSERT INTO 거래내역 (거래ID, ATM_ID, 계좌ID, 연관거래ID, 거래유형, 거래금액, 수수료, 처리상태, 거래일시) VALUES (162, 29, 53, NULL, '입금', 510000, 0, '성공', '2024-09-02 20:06:02');
INSERT INTO 거래내역 (거래ID, ATM_ID, 계좌ID, 연관거래ID, 거래유형, 거래금액, 수수료, 처리상태, 거래일시) VALUES (163, 13, 42, NULL, '입금', 730000, 0, '성공', '2024-09-03 20:37:57');
INSERT INTO 거래내역 (거래ID, ATM_ID, 계좌ID, 연관거래ID, 거래유형, 거래금액, 수수료, 처리상태, 거래일시) VALUES (164, 17, 38, NULL, '출금', 440000, 0, '성공', '2024-09-05 01:08:58');
INSERT INTO 거래내역 (거래ID, ATM_ID, 계좌ID, 연관거래ID, 거래유형, 거래금액, 수수료, 처리상태, 거래일시) VALUES (165, 17, 118, NULL, '입금', 730000, 0, '실패', '2024-09-06 08:13:23');
INSERT INTO 거래내역 (거래ID, ATM_ID, 계좌ID, 연관거래ID, 거래유형, 거래금액, 수수료, 처리상태, 거래일시) VALUES (166, 13, 78, NULL, '출금', 310000, 1000, '성공', '2024-09-07 14:47:07');
INSERT INTO 거래내역 (거래ID, ATM_ID, 계좌ID, 연관거래ID, 거래유형, 거래금액, 수수료, 처리상태, 거래일시) VALUES (167, 23, 56, NULL, '출금', 490000, 0, '성공', '2024-09-10 21:41:34');
INSERT INTO 거래내역 (거래ID, ATM_ID, 계좌ID, 연관거래ID, 거래유형, 거래금액, 수수료, 처리상태, 거래일시) VALUES (168, 5, 78, NULL, '입금', 310000, 0, '성공', '2024-09-15 23:58:52');
INSERT INTO 거래내역 (거래ID, ATM_ID, 계좌ID, 연관거래ID, 거래유형, 거래금액, 수수료, 처리상태, 거래일시) VALUES (169, 30, 6, NULL, '입금', 510000, 0, '성공', '2024-09-17 00:06:35');
INSERT INTO 거래내역 (거래ID, ATM_ID, 계좌ID, 연관거래ID, 거래유형, 거래금액, 수수료, 처리상태, 거래일시) VALUES (170, 18, 81, NULL, '출금', 430000, 1000, '성공', '2024-09-18 13:37:40');
INSERT INTO 거래내역 (거래ID, ATM_ID, 계좌ID, 연관거래ID, 거래유형, 거래금액, 수수료, 처리상태, 거래일시) VALUES (171, 23, 31, NULL, '출금', 170000, 1000, '성공', '2024-09-23 16:14:53');
INSERT INTO 거래내역 (거래ID, ATM_ID, 계좌ID, 연관거래ID, 거래유형, 거래금액, 수수료, 처리상태, 거래일시) VALUES (172, 26, 92, NULL, '입금', 400000, 0, '성공', '2024-09-24 13:05:39');
INSERT INTO 거래내역 (거래ID, ATM_ID, 계좌ID, 연관거래ID, 거래유형, 거래금액, 수수료, 처리상태, 거래일시) VALUES (173, 14, 64, NULL, '출금', 10000, 1000, '성공', '2024-09-24 13:57:55');
INSERT INTO 거래내역 (거래ID, ATM_ID, 계좌ID, 연관거래ID, 거래유형, 거래금액, 수수료, 처리상태, 거래일시) VALUES (174, 4, 111, NULL, '출금', 90000, 0, '성공', '2024-09-27 13:19:03');
INSERT INTO 거래내역 (거래ID, ATM_ID, 계좌ID, 연관거래ID, 거래유형, 거래금액, 수수료, 처리상태, 거래일시) VALUES (175, 14, 5, NULL, '출금', 120000, 0, '성공', '2024-09-28 01:54:28');
INSERT INTO 거래내역 (거래ID, ATM_ID, 계좌ID, 연관거래ID, 거래유형, 거래금액, 수수료, 처리상태, 거래일시) VALUES (176, 10, 115, NULL, '출금', 490000, 0, '실패', '2024-09-30 12:00:04');
INSERT INTO 거래내역 (거래ID, ATM_ID, 계좌ID, 연관거래ID, 거래유형, 거래금액, 수수료, 처리상태, 거래일시) VALUES (177, 10, 19, NULL, '입금', 110000, 0, '성공', '2024-10-01 05:36:54');
INSERT INTO 거래내역 (거래ID, ATM_ID, 계좌ID, 연관거래ID, 거래유형, 거래금액, 수수료, 처리상태, 거래일시) VALUES (178, 8, 110, 179, '이체(출금)', 160000, 1000, '성공', '2024-10-01 11:45:18');
INSERT INTO 거래내역 (거래ID, ATM_ID, 계좌ID, 연관거래ID, 거래유형, 거래금액, 수수료, 처리상태, 거래일시) VALUES (179, 8, 73, 178, '이체(입금)', 160000, 0, '성공', '2024-10-01 11:45:18');
INSERT INTO 거래내역 (거래ID, ATM_ID, 계좌ID, 연관거래ID, 거래유형, 거래금액, 수수료, 처리상태, 거래일시) VALUES (180, 23, 49, NULL, '입금', 70000, 0, '성공', '2024-10-01 13:43:56');
INSERT INTO 거래내역 (거래ID, ATM_ID, 계좌ID, 연관거래ID, 거래유형, 거래금액, 수수료, 처리상태, 거래일시) VALUES (181, 19, 93, NULL, '입금', 980000, 0, '성공', '2024-10-03 03:43:19');
INSERT INTO 거래내역 (거래ID, ATM_ID, 계좌ID, 연관거래ID, 거래유형, 거래금액, 수수료, 처리상태, 거래일시) VALUES (182, 20, 114, NULL, '출금', 270000, 0, '성공', '2024-10-06 07:50:55');
INSERT INTO 거래내역 (거래ID, ATM_ID, 계좌ID, 연관거래ID, 거래유형, 거래금액, 수수료, 처리상태, 거래일시) VALUES (183, 1, 136, NULL, '입금', 930000, 0, '성공', '2024-10-08 19:30:20');
INSERT INTO 거래내역 (거래ID, ATM_ID, 계좌ID, 연관거래ID, 거래유형, 거래금액, 수수료, 처리상태, 거래일시) VALUES (184, 19, 89, NULL, '입금', 200000, 0, '성공', '2024-10-09 06:51:44');
INSERT INTO 거래내역 (거래ID, ATM_ID, 계좌ID, 연관거래ID, 거래유형, 거래금액, 수수료, 처리상태, 거래일시) VALUES (185, 25, 138, 186, '이체(출금)', 50000, 1000, '성공', '2024-10-11 03:02:37');
INSERT INTO 거래내역 (거래ID, ATM_ID, 계좌ID, 연관거래ID, 거래유형, 거래금액, 수수료, 처리상태, 거래일시) VALUES (186, 25, 80, 185, '이체(입금)', 50000, 0, '성공', '2024-10-11 03:02:37');
INSERT INTO 거래내역 (거래ID, ATM_ID, 계좌ID, 연관거래ID, 거래유형, 거래금액, 수수료, 처리상태, 거래일시) VALUES (187, 1, 55, NULL, '입금', 270000, 0, '성공', '2024-10-12 02:16:40');
INSERT INTO 거래내역 (거래ID, ATM_ID, 계좌ID, 연관거래ID, 거래유형, 거래금액, 수수료, 처리상태, 거래일시) VALUES (188, 23, 95, NULL, '출금', 80000, 0, '성공', '2024-10-12 20:54:08');
INSERT INTO 거래내역 (거래ID, ATM_ID, 계좌ID, 연관거래ID, 거래유형, 거래금액, 수수료, 처리상태, 거래일시) VALUES (189, 19, 119, NULL, '출금', 500000, 0, '성공', '2024-10-15 13:54:12');
INSERT INTO 거래내역 (거래ID, ATM_ID, 계좌ID, 연관거래ID, 거래유형, 거래금액, 수수료, 처리상태, 거래일시) VALUES (190, 15, 13, NULL, '출금', 40000, 1000, '성공', '2024-10-15 18:01:06');
INSERT INTO 거래내역 (거래ID, ATM_ID, 계좌ID, 연관거래ID, 거래유형, 거래금액, 수수료, 처리상태, 거래일시) VALUES (191, 24, 28, NULL, '출금', 220000, 1000, '성공', '2024-10-18 16:32:32');
INSERT INTO 거래내역 (거래ID, ATM_ID, 계좌ID, 연관거래ID, 거래유형, 거래금액, 수수료, 처리상태, 거래일시) VALUES (192, 2, 15, NULL, '출금', 240000, 1000, '성공', '2024-10-20 02:47:37');
INSERT INTO 거래내역 (거래ID, ATM_ID, 계좌ID, 연관거래ID, 거래유형, 거래금액, 수수료, 처리상태, 거래일시) VALUES (193, 5, 36, NULL, '출금', 30000, 1000, '성공', '2024-10-20 17:12:05');
INSERT INTO 거래내역 (거래ID, ATM_ID, 계좌ID, 연관거래ID, 거래유형, 거래금액, 수수료, 처리상태, 거래일시) VALUES (194, 23, 43, NULL, '입금', 630000, 0, '성공', '2024-10-22 05:06:28');
INSERT INTO 거래내역 (거래ID, ATM_ID, 계좌ID, 연관거래ID, 거래유형, 거래금액, 수수료, 처리상태, 거래일시) VALUES (195, 18, 29, NULL, '출금', 500000, 1000, '성공', '2024-10-22 08:39:07');
INSERT INTO 거래내역 (거래ID, ATM_ID, 계좌ID, 연관거래ID, 거래유형, 거래금액, 수수료, 처리상태, 거래일시) VALUES (196, 29, 83, 197, '이체(출금)', 100000, 1000, '성공', '2024-10-23 20:51:09');
INSERT INTO 거래내역 (거래ID, ATM_ID, 계좌ID, 연관거래ID, 거래유형, 거래금액, 수수료, 처리상태, 거래일시) VALUES (197, 29, 69, 196, '이체(입금)', 100000, 0, '성공', '2024-10-23 20:51:09');
INSERT INTO 거래내역 (거래ID, ATM_ID, 계좌ID, 연관거래ID, 거래유형, 거래금액, 수수료, 처리상태, 거래일시) VALUES (198, 3, 118, NULL, '출금', 30000, 1000, '성공', '2024-10-27 07:20:22');
INSERT INTO 거래내역 (거래ID, ATM_ID, 계좌ID, 연관거래ID, 거래유형, 거래금액, 수수료, 처리상태, 거래일시) VALUES (199, 10, 72, NULL, '출금', 360000, 1000, '성공', '2024-11-01 08:11:13');
INSERT INTO 거래내역 (거래ID, ATM_ID, 계좌ID, 연관거래ID, 거래유형, 거래금액, 수수료, 처리상태, 거래일시) VALUES (200, 28, 7, 201, '이체(출금)', 290000, 0, '성공', '2024-11-04 07:28:48');
INSERT INTO 거래내역 (거래ID, ATM_ID, 계좌ID, 연관거래ID, 거래유형, 거래금액, 수수료, 처리상태, 거래일시) VALUES (201, 28, 134, 200, '이체(입금)', 290000, 0, '성공', '2024-11-04 07:28:48');
INSERT INTO 거래내역 (거래ID, ATM_ID, 계좌ID, 연관거래ID, 거래유형, 거래금액, 수수료, 처리상태, 거래일시) VALUES (202, 7, 36, NULL, '입금', 350000, 0, '성공', '2024-11-04 09:46:20');
INSERT INTO 거래내역 (거래ID, ATM_ID, 계좌ID, 연관거래ID, 거래유형, 거래금액, 수수료, 처리상태, 거래일시) VALUES (203, 24, 83, NULL, '입금', 310000, 0, '성공', '2024-11-05 05:12:57');
INSERT INTO 거래내역 (거래ID, ATM_ID, 계좌ID, 연관거래ID, 거래유형, 거래금액, 수수료, 처리상태, 거래일시) VALUES (204, 4, 37, NULL, '입금', 450000, 0, '성공', '2024-11-15 12:29:26');
INSERT INTO 거래내역 (거래ID, ATM_ID, 계좌ID, 연관거래ID, 거래유형, 거래금액, 수수료, 처리상태, 거래일시) VALUES (205, 7, 84, NULL, '출금', 370000, 0, '성공', '2024-11-16 06:54:41');
INSERT INTO 거래내역 (거래ID, ATM_ID, 계좌ID, 연관거래ID, 거래유형, 거래금액, 수수료, 처리상태, 거래일시) VALUES (206, 14, 53, NULL, '입금', 480000, 0, '성공', '2024-11-16 15:04:14');
INSERT INTO 거래내역 (거래ID, ATM_ID, 계좌ID, 연관거래ID, 거래유형, 거래금액, 수수료, 처리상태, 거래일시) VALUES (207, 1, 118, NULL, '출금', 50000, 1000, '성공', '2024-11-16 20:57:45');
INSERT INTO 거래내역 (거래ID, ATM_ID, 계좌ID, 연관거래ID, 거래유형, 거래금액, 수수료, 처리상태, 거래일시) VALUES (208, 29, 52, NULL, '입금', 620000, 0, '성공', '2024-11-17 06:28:03');
INSERT INTO 거래내역 (거래ID, ATM_ID, 계좌ID, 연관거래ID, 거래유형, 거래금액, 수수료, 처리상태, 거래일시) VALUES (209, 26, 83, NULL, '출금', 410000, 1000, '성공', '2024-11-19 05:29:46');
INSERT INTO 거래내역 (거래ID, ATM_ID, 계좌ID, 연관거래ID, 거래유형, 거래금액, 수수료, 처리상태, 거래일시) VALUES (210, 2, 52, NULL, '출금', 30000, 1000, '성공', '2024-11-19 11:17:22');
INSERT INTO 거래내역 (거래ID, ATM_ID, 계좌ID, 연관거래ID, 거래유형, 거래금액, 수수료, 처리상태, 거래일시) VALUES (211, 5, 84, NULL, '출금', 400000, 0, '성공', '2024-11-22 05:54:59');
INSERT INTO 거래내역 (거래ID, ATM_ID, 계좌ID, 연관거래ID, 거래유형, 거래금액, 수수료, 처리상태, 거래일시) VALUES (212, 15, 98, NULL, '입금', 680000, 0, '성공', '2024-11-22 15:09:28');
INSERT INTO 거래내역 (거래ID, ATM_ID, 계좌ID, 연관거래ID, 거래유형, 거래금액, 수수료, 처리상태, 거래일시) VALUES (213, 26, 35, NULL, '입금', 390000, 0, '성공', '2024-11-24 21:57:44');
INSERT INTO 거래내역 (거래ID, ATM_ID, 계좌ID, 연관거래ID, 거래유형, 거래금액, 수수료, 처리상태, 거래일시) VALUES (214, 5, 64, 215, '이체(출금)', 230000, 1000, '성공', '2024-11-25 09:00:47');
INSERT INTO 거래내역 (거래ID, ATM_ID, 계좌ID, 연관거래ID, 거래유형, 거래금액, 수수료, 처리상태, 거래일시) VALUES (215, 5, 102, 214, '이체(입금)', 230000, 0, '성공', '2024-11-25 09:00:47');
INSERT INTO 거래내역 (거래ID, ATM_ID, 계좌ID, 연관거래ID, 거래유형, 거래금액, 수수료, 처리상태, 거래일시) VALUES (216, 13, 43, NULL, '출금', 110000, 0, '성공', '2024-11-26 08:12:32');
INSERT INTO 거래내역 (거래ID, ATM_ID, 계좌ID, 연관거래ID, 거래유형, 거래금액, 수수료, 처리상태, 거래일시) VALUES (217, 25, 141, NULL, '출금', 460000, 0, '성공', '2024-11-28 13:52:05');
INSERT INTO 거래내역 (거래ID, ATM_ID, 계좌ID, 연관거래ID, 거래유형, 거래금액, 수수료, 처리상태, 거래일시) VALUES (218, 25, 102, NULL, '입금', 1000000, 0, '성공', '2024-11-30 01:04:43');
INSERT INTO 거래내역 (거래ID, ATM_ID, 계좌ID, 연관거래ID, 거래유형, 거래금액, 수수료, 처리상태, 거래일시) VALUES (219, 17, 110, NULL, '출금', 330000, 0, '성공', '2024-12-01 03:09:28');
INSERT INTO 거래내역 (거래ID, ATM_ID, 계좌ID, 연관거래ID, 거래유형, 거래금액, 수수료, 처리상태, 거래일시) VALUES (220, 24, 56, NULL, '출금', 150000, 0, '성공', '2024-12-02 05:22:20');
INSERT INTO 거래내역 (거래ID, ATM_ID, 계좌ID, 연관거래ID, 거래유형, 거래금액, 수수료, 처리상태, 거래일시) VALUES (221, 13, 40, NULL, '입금', 260000, 0, '성공', '2024-12-03 08:22:29');
INSERT INTO 거래내역 (거래ID, ATM_ID, 계좌ID, 연관거래ID, 거래유형, 거래금액, 수수료, 처리상태, 거래일시) VALUES (222, 20, 5, NULL, '출금', 240000, 0, '실패', '2024-12-05 03:59:26');
INSERT INTO 거래내역 (거래ID, ATM_ID, 계좌ID, 연관거래ID, 거래유형, 거래금액, 수수료, 처리상태, 거래일시) VALUES (223, 13, 2, NULL, '입금', 510000, 0, '성공', '2024-12-06 22:34:49');
INSERT INTO 거래내역 (거래ID, ATM_ID, 계좌ID, 연관거래ID, 거래유형, 거래금액, 수수료, 처리상태, 거래일시) VALUES (224, 30, 87, NULL, '출금', 150000, 1000, '성공', '2024-12-07 06:07:17');
INSERT INTO 거래내역 (거래ID, ATM_ID, 계좌ID, 연관거래ID, 거래유형, 거래금액, 수수료, 처리상태, 거래일시) VALUES (225, 26, 6, NULL, '출금', 40000, 0, '성공', '2024-12-07 08:52:05');
INSERT INTO 거래내역 (거래ID, ATM_ID, 계좌ID, 연관거래ID, 거래유형, 거래금액, 수수료, 처리상태, 거래일시) VALUES (226, 2, 10, NULL, '출금', 90000, 0, '실패', '2024-12-07 17:14:54');
INSERT INTO 거래내역 (거래ID, ATM_ID, 계좌ID, 연관거래ID, 거래유형, 거래금액, 수수료, 처리상태, 거래일시) VALUES (227, 17, 85, NULL, '입금', 570000, 0, '성공', '2024-12-08 15:40:41');
INSERT INTO 거래내역 (거래ID, ATM_ID, 계좌ID, 연관거래ID, 거래유형, 거래금액, 수수료, 처리상태, 거래일시) VALUES (228, 17, 77, NULL, '출금', 380000, 0, '성공', '2024-12-10 18:28:14');
INSERT INTO 거래내역 (거래ID, ATM_ID, 계좌ID, 연관거래ID, 거래유형, 거래금액, 수수료, 처리상태, 거래일시) VALUES (229, 11, 48, NULL, '출금', 10000, 1000, '성공', '2024-12-11 10:44:29');
INSERT INTO 거래내역 (거래ID, ATM_ID, 계좌ID, 연관거래ID, 거래유형, 거래금액, 수수료, 처리상태, 거래일시) VALUES (230, 19, 59, NULL, '출금', 270000, 1000, '성공', '2024-12-13 16:30:41');
INSERT INTO 거래내역 (거래ID, ATM_ID, 계좌ID, 연관거래ID, 거래유형, 거래금액, 수수료, 처리상태, 거래일시) VALUES (231, 1, 3, 232, '이체(출금)', 230000, 0, '성공', '2024-12-17 04:23:26');
INSERT INTO 거래내역 (거래ID, ATM_ID, 계좌ID, 연관거래ID, 거래유형, 거래금액, 수수료, 처리상태, 거래일시) VALUES (232, 1, 110, 231, '이체(입금)', 230000, 0, '성공', '2024-12-17 04:23:26');
INSERT INTO 거래내역 (거래ID, ATM_ID, 계좌ID, 연관거래ID, 거래유형, 거래금액, 수수료, 처리상태, 거래일시) VALUES (233, 19, 129, NULL, '입금', 200000, 0, '성공', '2024-12-19 00:53:39');
INSERT INTO 거래내역 (거래ID, ATM_ID, 계좌ID, 연관거래ID, 거래유형, 거래금액, 수수료, 처리상태, 거래일시) VALUES (234, 29, 82, NULL, '출금', 470000, 0, '성공', '2024-12-19 14:31:00');
INSERT INTO 거래내역 (거래ID, ATM_ID, 계좌ID, 연관거래ID, 거래유형, 거래금액, 수수료, 처리상태, 거래일시) VALUES (235, 29, 21, NULL, '입금', 650000, 0, '성공', '2024-12-20 01:57:18');
INSERT INTO 거래내역 (거래ID, ATM_ID, 계좌ID, 연관거래ID, 거래유형, 거래금액, 수수료, 처리상태, 거래일시) VALUES (236, 19, 9, 237, '이체(출금)', 90000, 0, '성공', '2024-12-22 03:10:01');
INSERT INTO 거래내역 (거래ID, ATM_ID, 계좌ID, 연관거래ID, 거래유형, 거래금액, 수수료, 처리상태, 거래일시) VALUES (237, 19, 114, 236, '이체(입금)', 90000, 0, '성공', '2024-12-22 03:10:01');
INSERT INTO 거래내역 (거래ID, ATM_ID, 계좌ID, 연관거래ID, 거래유형, 거래금액, 수수료, 처리상태, 거래일시) VALUES (238, 22, 50, NULL, '출금', 500000, 1000, '성공', '2024-12-23 12:46:59');
INSERT INTO 거래내역 (거래ID, ATM_ID, 계좌ID, 연관거래ID, 거래유형, 거래금액, 수수료, 처리상태, 거래일시) VALUES (239, 29, 80, NULL, '출금', 220000, 0, '성공', '2024-12-25 00:13:20');
INSERT INTO 거래내역 (거래ID, ATM_ID, 계좌ID, 연관거래ID, 거래유형, 거래금액, 수수료, 처리상태, 거래일시) VALUES (240, 18, 1, NULL, '출금', 400000, 1000, '성공', '2024-12-27 08:45:31');
INSERT INTO 거래내역 (거래ID, ATM_ID, 계좌ID, 연관거래ID, 거래유형, 거래금액, 수수료, 처리상태, 거래일시) VALUES (241, 15, 115, NULL, '출금', 30000, 0, '성공', '2024-12-27 22:23:09');
INSERT INTO 거래내역 (거래ID, ATM_ID, 계좌ID, 연관거래ID, 거래유형, 거래금액, 수수료, 처리상태, 거래일시) VALUES (242, 14, 32, NULL, '출금', 270000, 0, '실패', '2024-12-28 15:23:55');
INSERT INTO 거래내역 (거래ID, ATM_ID, 계좌ID, 연관거래ID, 거래유형, 거래금액, 수수료, 처리상태, 거래일시) VALUES (243, 2, 49, NULL, '출금', 190000, 1000, '성공', '2024-12-31 01:44:25');
INSERT INTO 거래내역 (거래ID, ATM_ID, 계좌ID, 연관거래ID, 거래유형, 거래금액, 수수료, 처리상태, 거래일시) VALUES (244, 3, 109, NULL, '출금', 330000, 1000, '성공', '2025-01-05 00:39:49');
INSERT INTO 거래내역 (거래ID, ATM_ID, 계좌ID, 연관거래ID, 거래유형, 거래금액, 수수료, 처리상태, 거래일시) VALUES (245, 7, 118, NULL, '출금', 450000, 0, '실패', '2025-01-05 03:12:31');
INSERT INTO 거래내역 (거래ID, ATM_ID, 계좌ID, 연관거래ID, 거래유형, 거래금액, 수수료, 처리상태, 거래일시) VALUES (246, 20, 115, NULL, '출금', 500000, 0, '실패', '2025-01-05 18:41:11');
INSERT INTO 거래내역 (거래ID, ATM_ID, 계좌ID, 연관거래ID, 거래유형, 거래금액, 수수료, 처리상태, 거래일시) VALUES (247, 15, 87, NULL, '출금', 360000, 0, '성공', '2025-01-09 05:15:09');
INSERT INTO 거래내역 (거래ID, ATM_ID, 계좌ID, 연관거래ID, 거래유형, 거래금액, 수수료, 처리상태, 거래일시) VALUES (248, 4, 27, 249, '이체(출금)', 110000, 0, '성공', '2025-01-11 10:53:43');
INSERT INTO 거래내역 (거래ID, ATM_ID, 계좌ID, 연관거래ID, 거래유형, 거래금액, 수수료, 처리상태, 거래일시) VALUES (249, 4, 37, 248, '이체(입금)', 110000, 0, '성공', '2025-01-11 10:53:43');
INSERT INTO 거래내역 (거래ID, ATM_ID, 계좌ID, 연관거래ID, 거래유형, 거래금액, 수수료, 처리상태, 거래일시) VALUES (250, 13, 121, NULL, '출금', 130000, 1000, '성공', '2025-01-11 20:46:06');
INSERT INTO 거래내역 (거래ID, ATM_ID, 계좌ID, 연관거래ID, 거래유형, 거래금액, 수수료, 처리상태, 거래일시) VALUES (251, 15, 142, NULL, '출금', 370000, 0, '성공', '2025-01-12 17:01:03');
INSERT INTO 거래내역 (거래ID, ATM_ID, 계좌ID, 연관거래ID, 거래유형, 거래금액, 수수료, 처리상태, 거래일시) VALUES (252, 19, 88, NULL, '출금', 110000, 0, '성공', '2025-01-13 11:20:46');
INSERT INTO 거래내역 (거래ID, ATM_ID, 계좌ID, 연관거래ID, 거래유형, 거래금액, 수수료, 처리상태, 거래일시) VALUES (253, 26, 21, NULL, '입금', 580000, 0, '성공', '2025-01-14 03:21:59');
INSERT INTO 거래내역 (거래ID, ATM_ID, 계좌ID, 연관거래ID, 거래유형, 거래금액, 수수료, 처리상태, 거래일시) VALUES (254, 3, 111, NULL, '출금', 70000, 0, '실패', '2025-01-16 04:44:14');
INSERT INTO 거래내역 (거래ID, ATM_ID, 계좌ID, 연관거래ID, 거래유형, 거래금액, 수수료, 처리상태, 거래일시) VALUES (255, 13, 30, NULL, '입금', 240000, 0, '성공', '2025-01-17 05:08:48');
INSERT INTO 거래내역 (거래ID, ATM_ID, 계좌ID, 연관거래ID, 거래유형, 거래금액, 수수료, 처리상태, 거래일시) VALUES (256, 2, 102, NULL, '출금', 330000, 0, '성공', '2025-01-17 08:35:03');
INSERT INTO 거래내역 (거래ID, ATM_ID, 계좌ID, 연관거래ID, 거래유형, 거래금액, 수수료, 처리상태, 거래일시) VALUES (257, 23, 57, NULL, '입금', 580000, 0, '성공', '2025-01-18 14:14:26');
INSERT INTO 거래내역 (거래ID, ATM_ID, 계좌ID, 연관거래ID, 거래유형, 거래금액, 수수료, 처리상태, 거래일시) VALUES (258, 25, 34, NULL, '출금', 390000, 1000, '성공', '2025-01-20 05:36:58');
INSERT INTO 거래내역 (거래ID, ATM_ID, 계좌ID, 연관거래ID, 거래유형, 거래금액, 수수료, 처리상태, 거래일시) VALUES (259, 18, 39, NULL, '입금', 390000, 0, '성공', '2025-01-20 06:41:41');
INSERT INTO 거래내역 (거래ID, ATM_ID, 계좌ID, 연관거래ID, 거래유형, 거래금액, 수수료, 처리상태, 거래일시) VALUES (260, 20, 63, NULL, '입금', 420000, 0, '성공', '2025-01-20 10:12:19');
INSERT INTO 거래내역 (거래ID, ATM_ID, 계좌ID, 연관거래ID, 거래유형, 거래금액, 수수료, 처리상태, 거래일시) VALUES (261, 3, 136, NULL, '출금', 140000, 0, '성공', '2025-01-20 15:17:08');
INSERT INTO 거래내역 (거래ID, ATM_ID, 계좌ID, 연관거래ID, 거래유형, 거래금액, 수수료, 처리상태, 거래일시) VALUES (262, 3, 104, NULL, '입금', 490000, 0, '성공', '2025-01-21 20:07:23');
INSERT INTO 거래내역 (거래ID, ATM_ID, 계좌ID, 연관거래ID, 거래유형, 거래금액, 수수료, 처리상태, 거래일시) VALUES (263, 30, 108, NULL, '입금', 480000, 0, '성공', '2025-01-26 16:19:50');
INSERT INTO 거래내역 (거래ID, ATM_ID, 계좌ID, 연관거래ID, 거래유형, 거래금액, 수수료, 처리상태, 거래일시) VALUES (264, 17, 139, NULL, '입금', 430000, 0, '성공', '2025-01-28 05:05:43');
INSERT INTO 거래내역 (거래ID, ATM_ID, 계좌ID, 연관거래ID, 거래유형, 거래금액, 수수료, 처리상태, 거래일시) VALUES (265, 20, 12, NULL, '출금', 410000, 0, '성공', '2025-01-31 13:35:29');
INSERT INTO 거래내역 (거래ID, ATM_ID, 계좌ID, 연관거래ID, 거래유형, 거래금액, 수수료, 처리상태, 거래일시) VALUES (266, 17, 40, NULL, '입금', 950000, 0, '성공', '2025-02-02 11:31:47');
INSERT INTO 거래내역 (거래ID, ATM_ID, 계좌ID, 연관거래ID, 거래유형, 거래금액, 수수료, 처리상태, 거래일시) VALUES (267, 8, 131, 268, '이체(출금)', 240000, 0, '성공', '2025-02-05 10:45:37');
INSERT INTO 거래내역 (거래ID, ATM_ID, 계좌ID, 연관거래ID, 거래유형, 거래금액, 수수료, 처리상태, 거래일시) VALUES (268, 8, 14, 267, '이체(입금)', 240000, 0, '성공', '2025-02-05 10:45:37');
INSERT INTO 거래내역 (거래ID, ATM_ID, 계좌ID, 연관거래ID, 거래유형, 거래금액, 수수료, 처리상태, 거래일시) VALUES (269, 25, 100, NULL, '입금', 790000, 0, '성공', '2025-02-05 21:22:19');
INSERT INTO 거래내역 (거래ID, ATM_ID, 계좌ID, 연관거래ID, 거래유형, 거래금액, 수수료, 처리상태, 거래일시) VALUES (270, 17, 135, NULL, '출금', 60000, 1000, '성공', '2025-02-09 11:17:48');
INSERT INTO 거래내역 (거래ID, ATM_ID, 계좌ID, 연관거래ID, 거래유형, 거래금액, 수수료, 처리상태, 거래일시) VALUES (271, 18, 46, NULL, '출금', 30000, 0, '성공', '2025-02-10 18:02:10');
INSERT INTO 거래내역 (거래ID, ATM_ID, 계좌ID, 연관거래ID, 거래유형, 거래금액, 수수료, 처리상태, 거래일시) VALUES (272, 24, 37, NULL, '입금', 970000, 0, '성공', '2025-02-11 02:48:04');
INSERT INTO 거래내역 (거래ID, ATM_ID, 계좌ID, 연관거래ID, 거래유형, 거래금액, 수수료, 처리상태, 거래일시) VALUES (273, 5, 136, NULL, '출금', 240000, 0, '실패', '2025-02-11 11:26:47');
INSERT INTO 거래내역 (거래ID, ATM_ID, 계좌ID, 연관거래ID, 거래유형, 거래금액, 수수료, 처리상태, 거래일시) VALUES (274, 17, 94, NULL, '출금', 30000, 0, '성공', '2025-02-14 01:51:45');
INSERT INTO 거래내역 (거래ID, ATM_ID, 계좌ID, 연관거래ID, 거래유형, 거래금액, 수수료, 처리상태, 거래일시) VALUES (275, 25, 123, NULL, '입금', 750000, 0, '성공', '2025-02-14 19:27:20');
INSERT INTO 거래내역 (거래ID, ATM_ID, 계좌ID, 연관거래ID, 거래유형, 거래금액, 수수료, 처리상태, 거래일시) VALUES (276, 19, 79, NULL, '출금', 110000, 0, '성공', '2025-02-19 18:17:46');
INSERT INTO 거래내역 (거래ID, ATM_ID, 계좌ID, 연관거래ID, 거래유형, 거래금액, 수수료, 처리상태, 거래일시) VALUES (277, 1, 141, NULL, '출금', 110000, 1000, '성공', '2025-02-20 23:46:15');
INSERT INTO 거래내역 (거래ID, ATM_ID, 계좌ID, 연관거래ID, 거래유형, 거래금액, 수수료, 처리상태, 거래일시) VALUES (278, 23, 143, NULL, '입금', 660000, 0, '성공', '2025-02-21 03:45:38');
INSERT INTO 거래내역 (거래ID, ATM_ID, 계좌ID, 연관거래ID, 거래유형, 거래금액, 수수료, 처리상태, 거래일시) VALUES (279, 15, 73, NULL, '출금', 250000, 0, '성공', '2025-02-22 12:19:10');
INSERT INTO 거래내역 (거래ID, ATM_ID, 계좌ID, 연관거래ID, 거래유형, 거래금액, 수수료, 처리상태, 거래일시) VALUES (280, 30, 113, NULL, '출금', 30000, 0, '성공', '2025-02-24 13:15:49');
INSERT INTO 거래내역 (거래ID, ATM_ID, 계좌ID, 연관거래ID, 거래유형, 거래금액, 수수료, 처리상태, 거래일시) VALUES (281, 1, 137, NULL, '입금', 710000, 0, '성공', '2025-02-25 00:25:53');
INSERT INTO 거래내역 (거래ID, ATM_ID, 계좌ID, 연관거래ID, 거래유형, 거래금액, 수수료, 처리상태, 거래일시) VALUES (282, 14, 108, NULL, '출금', 100000, 0, '성공', '2025-02-26 07:25:24');
INSERT INTO 거래내역 (거래ID, ATM_ID, 계좌ID, 연관거래ID, 거래유형, 거래금액, 수수료, 처리상태, 거래일시) VALUES (283, 28, 134, NULL, '입금', 290000, 0, '성공', '2025-02-27 10:56:27');
INSERT INTO 거래내역 (거래ID, ATM_ID, 계좌ID, 연관거래ID, 거래유형, 거래금액, 수수료, 처리상태, 거래일시) VALUES (284, 20, 27, NULL, '입금', 380000, 0, '성공', '2025-03-01 03:07:33');
INSERT INTO 거래내역 (거래ID, ATM_ID, 계좌ID, 연관거래ID, 거래유형, 거래금액, 수수료, 처리상태, 거래일시) VALUES (285, 13, 99, NULL, '출금', 400000, 0, '성공', '2025-03-04 09:02:21');
INSERT INTO 거래내역 (거래ID, ATM_ID, 계좌ID, 연관거래ID, 거래유형, 거래금액, 수수료, 처리상태, 거래일시) VALUES (286, 7, 85, NULL, '입금', 720000, 0, '성공', '2025-03-12 16:49:22');
INSERT INTO 거래내역 (거래ID, ATM_ID, 계좌ID, 연관거래ID, 거래유형, 거래금액, 수수료, 처리상태, 거래일시) VALUES (287, 8, 116, NULL, '입금', 760000, 0, '성공', '2025-03-15 14:09:25');
INSERT INTO 거래내역 (거래ID, ATM_ID, 계좌ID, 연관거래ID, 거래유형, 거래금액, 수수료, 처리상태, 거래일시) VALUES (288, 22, 30, NULL, '출금', 230000, 1000, '성공', '2025-03-16 04:02:14');
INSERT INTO 거래내역 (거래ID, ATM_ID, 계좌ID, 연관거래ID, 거래유형, 거래금액, 수수료, 처리상태, 거래일시) VALUES (289, 5, 23, NULL, '입금', 240000, 0, '성공', '2025-03-17 16:20:30');
INSERT INTO 거래내역 (거래ID, ATM_ID, 계좌ID, 연관거래ID, 거래유형, 거래금액, 수수료, 처리상태, 거래일시) VALUES (290, 15, 142, NULL, '입금', 490000, 0, '성공', '2025-03-18 06:45:45');
INSERT INTO 거래내역 (거래ID, ATM_ID, 계좌ID, 연관거래ID, 거래유형, 거래금액, 수수료, 처리상태, 거래일시) VALUES (291, 18, 28, NULL, '출금', 160000, 1000, '성공', '2025-03-22 21:26:24');
INSERT INTO 거래내역 (거래ID, ATM_ID, 계좌ID, 연관거래ID, 거래유형, 거래금액, 수수료, 처리상태, 거래일시) VALUES (292, 19, 132, NULL, '출금', 100000, 0, '성공', '2025-03-23 03:20:21');
INSERT INTO 거래내역 (거래ID, ATM_ID, 계좌ID, 연관거래ID, 거래유형, 거래금액, 수수료, 처리상태, 거래일시) VALUES (293, 2, 64, NULL, '출금', 460000, 1000, '성공', '2025-03-24 15:59:55');
INSERT INTO 거래내역 (거래ID, ATM_ID, 계좌ID, 연관거래ID, 거래유형, 거래금액, 수수료, 처리상태, 거래일시) VALUES (294, 10, 12, NULL, '입금', 520000, 0, '성공', '2025-03-25 08:31:55');
INSERT INTO 거래내역 (거래ID, ATM_ID, 계좌ID, 연관거래ID, 거래유형, 거래금액, 수수료, 처리상태, 거래일시) VALUES (295, 18, 103, NULL, '출금', 480000, 1000, '성공', '2025-03-26 14:04:38');
INSERT INTO 거래내역 (거래ID, ATM_ID, 계좌ID, 연관거래ID, 거래유형, 거래금액, 수수료, 처리상태, 거래일시) VALUES (296, 19, 18, NULL, '출금', 310000, 0, '실패', '2025-03-28 22:59:16');
INSERT INTO 거래내역 (거래ID, ATM_ID, 계좌ID, 연관거래ID, 거래유형, 거래금액, 수수료, 처리상태, 거래일시) VALUES (297, 25, 106, 298, '이체(출금)', 220000, 1000, '성공', '2025-03-29 07:54:34');
INSERT INTO 거래내역 (거래ID, ATM_ID, 계좌ID, 연관거래ID, 거래유형, 거래금액, 수수료, 처리상태, 거래일시) VALUES (298, 25, 23, 297, '이체(입금)', 220000, 0, '성공', '2025-03-29 07:54:34');
INSERT INTO 거래내역 (거래ID, ATM_ID, 계좌ID, 연관거래ID, 거래유형, 거래금액, 수수료, 처리상태, 거래일시) VALUES (299, 2, 21, NULL, '출금', 180000, 1000, '성공', '2025-03-29 15:26:16');
INSERT INTO 거래내역 (거래ID, ATM_ID, 계좌ID, 연관거래ID, 거래유형, 거래금액, 수수료, 처리상태, 거래일시) VALUES (300, 28, 126, NULL, '입금', 540000, 0, '성공', '2025-03-30 17:47:34');
INSERT INTO 거래내역 (거래ID, ATM_ID, 계좌ID, 연관거래ID, 거래유형, 거래금액, 수수료, 처리상태, 거래일시) VALUES (301, 28, 76, NULL, '출금', 200000, 1000, '성공', '2025-04-01 21:56:26');
INSERT INTO 거래내역 (거래ID, ATM_ID, 계좌ID, 연관거래ID, 거래유형, 거래금액, 수수료, 처리상태, 거래일시) VALUES (302, 25, 40, NULL, '출금', 440000, 0, '성공', '2025-04-05 13:30:23');
INSERT INTO 거래내역 (거래ID, ATM_ID, 계좌ID, 연관거래ID, 거래유형, 거래금액, 수수료, 처리상태, 거래일시) VALUES (303, 22, 39, NULL, '출금', 40000, 0, '성공', '2025-04-06 03:46:06');
INSERT INTO 거래내역 (거래ID, ATM_ID, 계좌ID, 연관거래ID, 거래유형, 거래금액, 수수료, 처리상태, 거래일시) VALUES (304, 3, 99, NULL, '출금', 330000, 0, '성공', '2025-04-06 20:01:10');
INSERT INTO 거래내역 (거래ID, ATM_ID, 계좌ID, 연관거래ID, 거래유형, 거래금액, 수수료, 처리상태, 거래일시) VALUES (305, 4, 35, NULL, '출금', 50000, 1000, '성공', '2025-04-07 06:17:10');
INSERT INTO 거래내역 (거래ID, ATM_ID, 계좌ID, 연관거래ID, 거래유형, 거래금액, 수수료, 처리상태, 거래일시) VALUES (306, 25, 136, NULL, '출금', 190000, 1000, '성공', '2025-04-09 18:24:23');
INSERT INTO 거래내역 (거래ID, ATM_ID, 계좌ID, 연관거래ID, 거래유형, 거래금액, 수수료, 처리상태, 거래일시) VALUES (307, 18, 23, 308, '이체(출금)', 40000, 0, '실패', '2025-04-09 22:17:34');
INSERT INTO 거래내역 (거래ID, ATM_ID, 계좌ID, 연관거래ID, 거래유형, 거래금액, 수수료, 처리상태, 거래일시) VALUES (308, 18, 15, 307, '이체(입금)', 40000, 0, '실패', '2025-04-09 22:17:34');
INSERT INTO 거래내역 (거래ID, ATM_ID, 계좌ID, 연관거래ID, 거래유형, 거래금액, 수수료, 처리상태, 거래일시) VALUES (309, 5, 123, NULL, '출금', 100000, 1000, '성공', '2025-04-10 22:03:15');
INSERT INTO 거래내역 (거래ID, ATM_ID, 계좌ID, 연관거래ID, 거래유형, 거래금액, 수수료, 처리상태, 거래일시) VALUES (310, 13, 44, NULL, '입금', 1000000, 0, '성공', '2025-04-13 20:35:40');
INSERT INTO 거래내역 (거래ID, ATM_ID, 계좌ID, 연관거래ID, 거래유형, 거래금액, 수수료, 처리상태, 거래일시) VALUES (311, 4, 90, NULL, '입금', 460000, 0, '실패', '2025-04-13 22:28:38');
INSERT INTO 거래내역 (거래ID, ATM_ID, 계좌ID, 연관거래ID, 거래유형, 거래금액, 수수료, 처리상태, 거래일시) VALUES (312, 14, 42, NULL, '출금', 470000, 1000, '성공', '2025-04-14 23:36:12');
INSERT INTO 거래내역 (거래ID, ATM_ID, 계좌ID, 연관거래ID, 거래유형, 거래금액, 수수료, 처리상태, 거래일시) VALUES (313, 17, 81, NULL, '출금', 120000, 1000, '성공', '2025-04-15 19:24:38');
INSERT INTO 거래내역 (거래ID, ATM_ID, 계좌ID, 연관거래ID, 거래유형, 거래금액, 수수료, 처리상태, 거래일시) VALUES (314, 22, 19, NULL, '출금', 200000, 0, '성공', '2025-04-17 16:27:13');
INSERT INTO 거래내역 (거래ID, ATM_ID, 계좌ID, 연관거래ID, 거래유형, 거래금액, 수수료, 처리상태, 거래일시) VALUES (315, 19, 15, NULL, '입금', 720000, 0, '성공', '2025-04-18 11:13:12');
INSERT INTO 거래내역 (거래ID, ATM_ID, 계좌ID, 연관거래ID, 거래유형, 거래금액, 수수료, 처리상태, 거래일시) VALUES (316, 14, 19, NULL, '출금', 290000, 1000, '성공', '2025-04-22 18:50:11');
INSERT INTO 거래내역 (거래ID, ATM_ID, 계좌ID, 연관거래ID, 거래유형, 거래금액, 수수료, 처리상태, 거래일시) VALUES (317, 14, 73, NULL, '입금', 490000, 0, '성공', '2025-04-22 19:25:46');
INSERT INTO 거래내역 (거래ID, ATM_ID, 계좌ID, 연관거래ID, 거래유형, 거래금액, 수수료, 처리상태, 거래일시) VALUES (318, 7, 128, NULL, '출금', 330000, 1000, '성공', '2025-04-23 18:09:33');
INSERT INTO 거래내역 (거래ID, ATM_ID, 계좌ID, 연관거래ID, 거래유형, 거래금액, 수수료, 처리상태, 거래일시) VALUES (319, 29, 36, NULL, '출금', 490000, 0, '성공', '2025-04-25 16:19:59');
INSERT INTO 거래내역 (거래ID, ATM_ID, 계좌ID, 연관거래ID, 거래유형, 거래금액, 수수료, 처리상태, 거래일시) VALUES (320, 28, 140, 321, '이체(출금)', 60000, 1000, '성공', '2025-04-27 02:39:27');
INSERT INTO 거래내역 (거래ID, ATM_ID, 계좌ID, 연관거래ID, 거래유형, 거래금액, 수수료, 처리상태, 거래일시) VALUES (321, 28, 5, 320, '이체(입금)', 60000, 0, '성공', '2025-04-27 02:39:27');
INSERT INTO 거래내역 (거래ID, ATM_ID, 계좌ID, 연관거래ID, 거래유형, 거래금액, 수수료, 처리상태, 거래일시) VALUES (322, 22, 102, NULL, '출금', 350000, 1000, '성공', '2025-04-29 09:13:22');
INSERT INTO 거래내역 (거래ID, ATM_ID, 계좌ID, 연관거래ID, 거래유형, 거래금액, 수수료, 처리상태, 거래일시) VALUES (323, 8, 84, NULL, '출금', 430000, 0, '성공', '2025-05-04 19:07:55');
INSERT INTO 거래내역 (거래ID, ATM_ID, 계좌ID, 연관거래ID, 거래유형, 거래금액, 수수료, 처리상태, 거래일시) VALUES (324, 19, 66, NULL, '출금', 480000, 0, '성공', '2025-05-05 07:47:27');
INSERT INTO 거래내역 (거래ID, ATM_ID, 계좌ID, 연관거래ID, 거래유형, 거래금액, 수수료, 처리상태, 거래일시) VALUES (325, 13, 102, NULL, '출금', 460000, 0, '성공', '2025-05-05 19:08:23');
INSERT INTO 거래내역 (거래ID, ATM_ID, 계좌ID, 연관거래ID, 거래유형, 거래금액, 수수료, 처리상태, 거래일시) VALUES (326, 19, 53, NULL, '입금', 670000, 0, '실패', '2025-05-09 12:40:52');
INSERT INTO 거래내역 (거래ID, ATM_ID, 계좌ID, 연관거래ID, 거래유형, 거래금액, 수수료, 처리상태, 거래일시) VALUES (327, 11, 108, NULL, '입금', 390000, 0, '실패', '2025-05-10 02:48:02');
INSERT INTO 거래내역 (거래ID, ATM_ID, 계좌ID, 연관거래ID, 거래유형, 거래금액, 수수료, 처리상태, 거래일시) VALUES (328, 29, 68, NULL, '출금', 400000, 1000, '성공', '2025-05-10 07:00:00');
INSERT INTO 거래내역 (거래ID, ATM_ID, 계좌ID, 연관거래ID, 거래유형, 거래금액, 수수료, 처리상태, 거래일시) VALUES (329, 7, 113, NULL, '출금', 270000, 1000, '성공', '2025-05-10 16:54:35');
INSERT INTO 거래내역 (거래ID, ATM_ID, 계좌ID, 연관거래ID, 거래유형, 거래금액, 수수료, 처리상태, 거래일시) VALUES (330, 28, 124, NULL, '입금', 850000, 0, '성공', '2025-05-14 00:34:21');
INSERT INTO 거래내역 (거래ID, ATM_ID, 계좌ID, 연관거래ID, 거래유형, 거래금액, 수수료, 처리상태, 거래일시) VALUES (331, 28, 87, NULL, '입금', 330000, 0, '실패', '2025-05-15 23:21:48');
INSERT INTO 거래내역 (거래ID, ATM_ID, 계좌ID, 연관거래ID, 거래유형, 거래금액, 수수료, 처리상태, 거래일시) VALUES (332, 8, 74, NULL, '출금', 450000, 0, '성공', '2025-05-17 07:17:17');
INSERT INTO 거래내역 (거래ID, ATM_ID, 계좌ID, 연관거래ID, 거래유형, 거래금액, 수수료, 처리상태, 거래일시) VALUES (333, 26, 70, NULL, '입금', 580000, 0, '성공', '2025-05-17 08:18:22');
INSERT INTO 거래내역 (거래ID, ATM_ID, 계좌ID, 연관거래ID, 거래유형, 거래금액, 수수료, 처리상태, 거래일시) VALUES (334, 8, 36, NULL, '출금', 160000, 1000, '성공', '2025-05-20 00:57:25');
INSERT INTO 거래내역 (거래ID, ATM_ID, 계좌ID, 연관거래ID, 거래유형, 거래금액, 수수료, 처리상태, 거래일시) VALUES (335, 26, 140, NULL, '출금', 340000, 1000, '성공', '2025-05-20 04:53:09');
INSERT INTO 거래내역 (거래ID, ATM_ID, 계좌ID, 연관거래ID, 거래유형, 거래금액, 수수료, 처리상태, 거래일시) VALUES (336, 17, 130, NULL, '입금', 840000, 0, '성공', '2025-05-21 14:53:46');
INSERT INTO 거래내역 (거래ID, ATM_ID, 계좌ID, 연관거래ID, 거래유형, 거래금액, 수수료, 처리상태, 거래일시) VALUES (337, 26, 110, NULL, '입금', 720000, 0, '성공', '2025-05-22 01:42:25');
INSERT INTO 거래내역 (거래ID, ATM_ID, 계좌ID, 연관거래ID, 거래유형, 거래금액, 수수료, 처리상태, 거래일시) VALUES (338, 8, 131, NULL, '출금', 260000, 0, '실패', '2025-05-27 01:27:56');
INSERT INTO 거래내역 (거래ID, ATM_ID, 계좌ID, 연관거래ID, 거래유형, 거래금액, 수수료, 처리상태, 거래일시) VALUES (339, 13, 137, NULL, '출금', 60000, 1000, '성공', '2025-05-29 23:20:15');
INSERT INTO 거래내역 (거래ID, ATM_ID, 계좌ID, 연관거래ID, 거래유형, 거래금액, 수수료, 처리상태, 거래일시) VALUES (340, 24, 28, NULL, '출금', 290000, 1000, '성공', '2025-05-30 08:03:58');
INSERT INTO 거래내역 (거래ID, ATM_ID, 계좌ID, 연관거래ID, 거래유형, 거래금액, 수수료, 처리상태, 거래일시) VALUES (341, 15, 27, NULL, '출금', 370000, 0, '성공', '2025-06-03 07:44:44');
INSERT INTO 거래내역 (거래ID, ATM_ID, 계좌ID, 연관거래ID, 거래유형, 거래금액, 수수료, 처리상태, 거래일시) VALUES (342, 3, 76, NULL, '출금', 70000, 0, '성공', '2025-06-03 19:39:08');
INSERT INTO 거래내역 (거래ID, ATM_ID, 계좌ID, 연관거래ID, 거래유형, 거래금액, 수수료, 처리상태, 거래일시) VALUES (343, 29, 126, NULL, '입금', 120000, 0, '성공', '2025-06-06 16:13:10');
INSERT INTO 거래내역 (거래ID, ATM_ID, 계좌ID, 연관거래ID, 거래유형, 거래금액, 수수료, 처리상태, 거래일시) VALUES (344, 4, 67, NULL, '입금', 290000, 0, '성공', '2025-06-06 18:53:19');
INSERT INTO 거래내역 (거래ID, ATM_ID, 계좌ID, 연관거래ID, 거래유형, 거래금액, 수수료, 처리상태, 거래일시) VALUES (345, 30, 127, NULL, '입금', 710000, 0, '성공', '2025-06-07 04:07:18');
INSERT INTO 거래내역 (거래ID, ATM_ID, 계좌ID, 연관거래ID, 거래유형, 거래금액, 수수료, 처리상태, 거래일시) VALUES (346, 28, 104, NULL, '출금', 240000, 0, '성공', '2025-06-09 05:49:29');
INSERT INTO 거래내역 (거래ID, ATM_ID, 계좌ID, 연관거래ID, 거래유형, 거래금액, 수수료, 처리상태, 거래일시) VALUES (347, 2, 117, NULL, '입금', 170000, 0, '성공', '2025-06-09 15:07:30');
INSERT INTO 거래내역 (거래ID, ATM_ID, 계좌ID, 연관거래ID, 거래유형, 거래금액, 수수료, 처리상태, 거래일시) VALUES (348, 22, 15, NULL, '출금', 80000, 0, '성공', '2025-06-14 05:34:16');
INSERT INTO 거래내역 (거래ID, ATM_ID, 계좌ID, 연관거래ID, 거래유형, 거래금액, 수수료, 처리상태, 거래일시) VALUES (349, 30, 48, NULL, '출금', 320000, 0, '성공', '2025-06-14 14:05:23');
INSERT INTO 거래내역 (거래ID, ATM_ID, 계좌ID, 연관거래ID, 거래유형, 거래금액, 수수료, 처리상태, 거래일시) VALUES (350, 7, 28, NULL, '입금', 130000, 0, '성공', '2025-06-20 05:25:16');
INSERT INTO 거래내역 (거래ID, ATM_ID, 계좌ID, 연관거래ID, 거래유형, 거래금액, 수수료, 처리상태, 거래일시) VALUES (351, 22, 93, NULL, '출금', 50000, 0, '성공', '2025-06-22 19:48:33');
INSERT INTO 거래내역 (거래ID, ATM_ID, 계좌ID, 연관거래ID, 거래유형, 거래금액, 수수료, 처리상태, 거래일시) VALUES (352, 10, 50, NULL, '입금', 800000, 0, '성공', '2025-06-23 09:11:24');
INSERT INTO 거래내역 (거래ID, ATM_ID, 계좌ID, 연관거래ID, 거래유형, 거래금액, 수수료, 처리상태, 거래일시) VALUES (353, 3, 135, NULL, '출금', 290000, 0, '성공', '2025-06-24 13:10:19');
INSERT INTO 거래내역 (거래ID, ATM_ID, 계좌ID, 연관거래ID, 거래유형, 거래금액, 수수료, 처리상태, 거래일시) VALUES (354, 18, 107, NULL, '입금', 720000, 0, '실패', '2025-06-26 04:52:55');
INSERT INTO 거래내역 (거래ID, ATM_ID, 계좌ID, 연관거래ID, 거래유형, 거래금액, 수수료, 처리상태, 거래일시) VALUES (355, 10, 13, NULL, '출금', 430000, 1000, '성공', '2025-06-27 08:12:59');
INSERT INTO 거래내역 (거래ID, ATM_ID, 계좌ID, 연관거래ID, 거래유형, 거래금액, 수수료, 처리상태, 거래일시) VALUES (356, 30, 115, NULL, '출금', 150000, 1000, '성공', '2025-06-30 08:42:28');
INSERT INTO 거래내역 (거래ID, ATM_ID, 계좌ID, 연관거래ID, 거래유형, 거래금액, 수수료, 처리상태, 거래일시) VALUES (357, 3, 92, 358, '이체(출금)', 260000, 0, '성공', '2025-07-01 14:28:49');
INSERT INTO 거래내역 (거래ID, ATM_ID, 계좌ID, 연관거래ID, 거래유형, 거래금액, 수수료, 처리상태, 거래일시) VALUES (358, 3, 56, 357, '이체(입금)', 260000, 0, '성공', '2025-07-01 14:28:49');
INSERT INTO 거래내역 (거래ID, ATM_ID, 계좌ID, 연관거래ID, 거래유형, 거래금액, 수수료, 처리상태, 거래일시) VALUES (359, 25, 121, NULL, '출금', 190000, 0, '성공', '2025-07-03 00:17:51');
INSERT INTO 거래내역 (거래ID, ATM_ID, 계좌ID, 연관거래ID, 거래유형, 거래금액, 수수료, 처리상태, 거래일시) VALUES (360, 11, 30, 361, '이체(출금)', 250000, 0, '성공', '2025-07-10 13:21:25');
INSERT INTO 거래내역 (거래ID, ATM_ID, 계좌ID, 연관거래ID, 거래유형, 거래금액, 수수료, 처리상태, 거래일시) VALUES (361, 11, 140, 360, '이체(입금)', 250000, 0, '성공', '2025-07-10 13:21:25');
INSERT INTO 거래내역 (거래ID, ATM_ID, 계좌ID, 연관거래ID, 거래유형, 거래금액, 수수료, 처리상태, 거래일시) VALUES (362, 30, 11, 363, '이체(출금)', 150000, 1000, '성공', '2025-07-13 07:57:24');
INSERT INTO 거래내역 (거래ID, ATM_ID, 계좌ID, 연관거래ID, 거래유형, 거래금액, 수수료, 처리상태, 거래일시) VALUES (363, 30, 110, 362, '이체(입금)', 150000, 0, '성공', '2025-07-13 07:57:24');
INSERT INTO 거래내역 (거래ID, ATM_ID, 계좌ID, 연관거래ID, 거래유형, 거래금액, 수수료, 처리상태, 거래일시) VALUES (364, 5, 12, NULL, '출금', 230000, 1000, '성공', '2025-07-13 12:19:34');
INSERT INTO 거래내역 (거래ID, ATM_ID, 계좌ID, 연관거래ID, 거래유형, 거래금액, 수수료, 처리상태, 거래일시) VALUES (365, 7, 36, NULL, '입금', 930000, 0, '성공', '2025-07-13 17:46:44');
INSERT INTO 거래내역 (거래ID, ATM_ID, 계좌ID, 연관거래ID, 거래유형, 거래금액, 수수료, 처리상태, 거래일시) VALUES (366, 3, 29, NULL, '입금', 80000, 0, '성공', '2025-07-14 18:24:15');
INSERT INTO 거래내역 (거래ID, ATM_ID, 계좌ID, 연관거래ID, 거래유형, 거래금액, 수수료, 처리상태, 거래일시) VALUES (367, 15, 107, NULL, '출금', 450000, 1000, '성공', '2025-07-16 17:08:32');
INSERT INTO 거래내역 (거래ID, ATM_ID, 계좌ID, 연관거래ID, 거래유형, 거래금액, 수수료, 처리상태, 거래일시) VALUES (368, 17, 63, NULL, '입금', 640000, 0, '성공', '2025-07-17 23:50:00');
INSERT INTO 거래내역 (거래ID, ATM_ID, 계좌ID, 연관거래ID, 거래유형, 거래금액, 수수료, 처리상태, 거래일시) VALUES (369, 15, 33, NULL, '출금', 500000, 0, '성공', '2025-07-18 23:17:39');
INSERT INTO 거래내역 (거래ID, ATM_ID, 계좌ID, 연관거래ID, 거래유형, 거래금액, 수수료, 처리상태, 거래일시) VALUES (370, 24, 50, NULL, '출금', 240000, 1000, '성공', '2025-07-20 10:30:27');
INSERT INTO 거래내역 (거래ID, ATM_ID, 계좌ID, 연관거래ID, 거래유형, 거래금액, 수수료, 처리상태, 거래일시) VALUES (371, 17, 119, NULL, '출금', 380000, 0, '성공', '2025-07-21 01:29:36');
INSERT INTO 거래내역 (거래ID, ATM_ID, 계좌ID, 연관거래ID, 거래유형, 거래금액, 수수료, 처리상태, 거래일시) VALUES (372, 1, 23, NULL, '입금', 460000, 0, '실패', '2025-07-21 03:23:18');
INSERT INTO 거래내역 (거래ID, ATM_ID, 계좌ID, 연관거래ID, 거래유형, 거래금액, 수수료, 처리상태, 거래일시) VALUES (373, 5, 53, NULL, '출금', 50000, 0, '성공', '2025-07-21 07:32:32');
INSERT INTO 거래내역 (거래ID, ATM_ID, 계좌ID, 연관거래ID, 거래유형, 거래금액, 수수료, 처리상태, 거래일시) VALUES (374, 3, 85, NULL, '출금', 70000, 1000, '성공', '2025-07-25 14:04:27');
INSERT INTO 거래내역 (거래ID, ATM_ID, 계좌ID, 연관거래ID, 거래유형, 거래금액, 수수료, 처리상태, 거래일시) VALUES (375, 23, 59, NULL, '출금', 330000, 1000, '성공', '2025-07-26 12:53:41');
INSERT INTO 거래내역 (거래ID, ATM_ID, 계좌ID, 연관거래ID, 거래유형, 거래금액, 수수료, 처리상태, 거래일시) VALUES (376, 5, 22, NULL, '출금', 200000, 1000, '성공', '2025-07-26 13:42:52');
INSERT INTO 거래내역 (거래ID, ATM_ID, 계좌ID, 연관거래ID, 거래유형, 거래금액, 수수료, 처리상태, 거래일시) VALUES (377, 14, 123, NULL, '출금', 230000, 1000, '성공', '2025-07-27 09:57:22');
INSERT INTO 거래내역 (거래ID, ATM_ID, 계좌ID, 연관거래ID, 거래유형, 거래금액, 수수료, 처리상태, 거래일시) VALUES (378, 5, 95, NULL, '출금', 330000, 1000, '성공', '2025-07-29 03:51:57');
INSERT INTO 거래내역 (거래ID, ATM_ID, 계좌ID, 연관거래ID, 거래유형, 거래금액, 수수료, 처리상태, 거래일시) VALUES (379, 8, 138, NULL, '출금', 180000, 0, '성공', '2025-07-29 09:53:21');
INSERT INTO 거래내역 (거래ID, ATM_ID, 계좌ID, 연관거래ID, 거래유형, 거래금액, 수수료, 처리상태, 거래일시) VALUES (380, 23, 16, NULL, '출금', 380000, 0, '성공', '2025-07-29 20:27:00');
INSERT INTO 거래내역 (거래ID, ATM_ID, 계좌ID, 연관거래ID, 거래유형, 거래금액, 수수료, 처리상태, 거래일시) VALUES (381, 22, 137, NULL, '출금', 320000, 0, '성공', '2025-07-30 10:54:54');
INSERT INTO 거래내역 (거래ID, ATM_ID, 계좌ID, 연관거래ID, 거래유형, 거래금액, 수수료, 처리상태, 거래일시) VALUES (382, 17, 94, NULL, '입금', 150000, 0, '성공', '2025-07-31 07:16:28');
INSERT INTO 거래내역 (거래ID, ATM_ID, 계좌ID, 연관거래ID, 거래유형, 거래금액, 수수료, 처리상태, 거래일시) VALUES (383, 28, 72, NULL, '입금', 700000, 0, '성공', '2025-07-31 23:57:39');
INSERT INTO 거래내역 (거래ID, ATM_ID, 계좌ID, 연관거래ID, 거래유형, 거래금액, 수수료, 처리상태, 거래일시) VALUES (384, 19, 115, NULL, '출금', 440000, 1000, '성공', '2025-08-01 23:24:38');
INSERT INTO 거래내역 (거래ID, ATM_ID, 계좌ID, 연관거래ID, 거래유형, 거래금액, 수수료, 처리상태, 거래일시) VALUES (385, 15, 93, NULL, '출금', 250000, 0, '실패', '2025-08-03 01:10:44');
INSERT INTO 거래내역 (거래ID, ATM_ID, 계좌ID, 연관거래ID, 거래유형, 거래금액, 수수료, 처리상태, 거래일시) VALUES (386, 30, 84, NULL, '출금', 500000, 1000, '성공', '2025-08-04 21:42:28');
INSERT INTO 거래내역 (거래ID, ATM_ID, 계좌ID, 연관거래ID, 거래유형, 거래금액, 수수료, 처리상태, 거래일시) VALUES (387, 17, 34, 388, '이체(출금)', 280000, 1000, '성공', '2025-08-05 15:19:23');
INSERT INTO 거래내역 (거래ID, ATM_ID, 계좌ID, 연관거래ID, 거래유형, 거래금액, 수수료, 처리상태, 거래일시) VALUES (388, 17, 95, 387, '이체(입금)', 280000, 0, '성공', '2025-08-05 15:19:23');
INSERT INTO 거래내역 (거래ID, ATM_ID, 계좌ID, 연관거래ID, 거래유형, 거래금액, 수수료, 처리상태, 거래일시) VALUES (389, 26, 54, NULL, '출금', 500000, 1000, '성공', '2025-08-08 15:10:02');
INSERT INTO 거래내역 (거래ID, ATM_ID, 계좌ID, 연관거래ID, 거래유형, 거래금액, 수수료, 처리상태, 거래일시) VALUES (390, 22, 75, NULL, '입금', 300000, 0, '성공', '2025-08-12 11:36:39');
INSERT INTO 거래내역 (거래ID, ATM_ID, 계좌ID, 연관거래ID, 거래유형, 거래금액, 수수료, 처리상태, 거래일시) VALUES (391, 3, 12, NULL, '출금', 420000, 1000, '성공', '2025-08-13 09:38:08');
INSERT INTO 거래내역 (거래ID, ATM_ID, 계좌ID, 연관거래ID, 거래유형, 거래금액, 수수료, 처리상태, 거래일시) VALUES (392, 11, 142, NULL, '입금', 750000, 0, '성공', '2025-08-16 15:12:12');
INSERT INTO 거래내역 (거래ID, ATM_ID, 계좌ID, 연관거래ID, 거래유형, 거래금액, 수수료, 처리상태, 거래일시) VALUES (393, 10, 27, NULL, '출금', 500000, 0, '성공', '2025-08-18 12:06:23');
INSERT INTO 거래내역 (거래ID, ATM_ID, 계좌ID, 연관거래ID, 거래유형, 거래금액, 수수료, 처리상태, 거래일시) VALUES (394, 5, 86, NULL, '출금', 60000, 0, '성공', '2025-08-19 05:08:57');
INSERT INTO 거래내역 (거래ID, ATM_ID, 계좌ID, 연관거래ID, 거래유형, 거래금액, 수수료, 처리상태, 거래일시) VALUES (395, 5, 28, NULL, '출금', 400000, 0, '성공', '2025-08-23 08:42:43');
INSERT INTO 거래내역 (거래ID, ATM_ID, 계좌ID, 연관거래ID, 거래유형, 거래금액, 수수료, 처리상태, 거래일시) VALUES (396, 10, 31, 397, '이체(출금)', 70000, 0, '성공', '2025-08-25 12:45:57');
INSERT INTO 거래내역 (거래ID, ATM_ID, 계좌ID, 연관거래ID, 거래유형, 거래금액, 수수료, 처리상태, 거래일시) VALUES (397, 10, 111, 396, '이체(입금)', 70000, 0, '성공', '2025-08-25 12:45:57');
INSERT INTO 거래내역 (거래ID, ATM_ID, 계좌ID, 연관거래ID, 거래유형, 거래금액, 수수료, 처리상태, 거래일시) VALUES (398, 7, 77, NULL, '입금', 790000, 0, '성공', '2025-08-27 03:05:08');
INSERT INTO 거래내역 (거래ID, ATM_ID, 계좌ID, 연관거래ID, 거래유형, 거래금액, 수수료, 처리상태, 거래일시) VALUES (399, 11, 16, NULL, '입금', 720000, 0, '성공', '2025-08-28 06:22:35');
INSERT INTO 거래내역 (거래ID, ATM_ID, 계좌ID, 연관거래ID, 거래유형, 거래금액, 수수료, 처리상태, 거래일시) VALUES (400, 26, 24, NULL, '출금', 400000, 0, '성공', '2025-08-31 18:27:42');
INSERT INTO 거래내역 (거래ID, ATM_ID, 계좌ID, 연관거래ID, 거래유형, 거래금액, 수수료, 처리상태, 거래일시) VALUES (401, 22, 100, NULL, '입금', 540000, 0, '성공', '2025-09-02 05:01:10');
INSERT INTO 거래내역 (거래ID, ATM_ID, 계좌ID, 연관거래ID, 거래유형, 거래금액, 수수료, 처리상태, 거래일시) VALUES (402, 23, 90, 403, '이체(출금)', 90000, 0, '성공', '2025-09-03 19:36:57');
INSERT INTO 거래내역 (거래ID, ATM_ID, 계좌ID, 연관거래ID, 거래유형, 거래금액, 수수료, 처리상태, 거래일시) VALUES (403, 23, 44, 402, '이체(입금)', 90000, 0, '성공', '2025-09-03 19:36:57');
INSERT INTO 거래내역 (거래ID, ATM_ID, 계좌ID, 연관거래ID, 거래유형, 거래금액, 수수료, 처리상태, 거래일시) VALUES (404, 4, 9, NULL, '입금', 580000, 0, '성공', '2025-09-04 01:46:20');
INSERT INTO 거래내역 (거래ID, ATM_ID, 계좌ID, 연관거래ID, 거래유형, 거래금액, 수수료, 처리상태, 거래일시) VALUES (405, 2, 57, NULL, '출금', 260000, 1000, '성공', '2025-09-05 01:59:40');
INSERT INTO 거래내역 (거래ID, ATM_ID, 계좌ID, 연관거래ID, 거래유형, 거래금액, 수수료, 처리상태, 거래일시) VALUES (406, 30, 14, NULL, '출금', 190000, 0, '성공', '2025-09-06 11:22:33');
INSERT INTO 거래내역 (거래ID, ATM_ID, 계좌ID, 연관거래ID, 거래유형, 거래금액, 수수료, 처리상태, 거래일시) VALUES (407, 10, 22, 408, '이체(출금)', 180000, 1000, '성공', '2025-09-07 21:50:44');
INSERT INTO 거래내역 (거래ID, ATM_ID, 계좌ID, 연관거래ID, 거래유형, 거래금액, 수수료, 처리상태, 거래일시) VALUES (408, 10, 74, 407, '이체(입금)', 180000, 0, '성공', '2025-09-07 21:50:44');
INSERT INTO 거래내역 (거래ID, ATM_ID, 계좌ID, 연관거래ID, 거래유형, 거래금액, 수수료, 처리상태, 거래일시) VALUES (409, 11, 51, NULL, '출금', 120000, 0, '성공', '2025-09-08 05:33:56');
INSERT INTO 거래내역 (거래ID, ATM_ID, 계좌ID, 연관거래ID, 거래유형, 거래금액, 수수료, 처리상태, 거래일시) VALUES (410, 19, 49, NULL, '출금', 210000, 0, '실패', '2025-09-11 17:19:01');
INSERT INTO 거래내역 (거래ID, ATM_ID, 계좌ID, 연관거래ID, 거래유형, 거래금액, 수수료, 처리상태, 거래일시) VALUES (411, 22, 117, NULL, '출금', 100000, 1000, '성공', '2025-09-12 18:46:08');
INSERT INTO 거래내역 (거래ID, ATM_ID, 계좌ID, 연관거래ID, 거래유형, 거래금액, 수수료, 처리상태, 거래일시) VALUES (412, 8, 39, NULL, '출금', 360000, 1000, '성공', '2025-09-15 19:12:56');
INSERT INTO 거래내역 (거래ID, ATM_ID, 계좌ID, 연관거래ID, 거래유형, 거래금액, 수수료, 처리상태, 거래일시) VALUES (413, 28, 143, NULL, '출금', 20000, 0, '성공', '2025-09-15 23:57:03');
INSERT INTO 거래내역 (거래ID, ATM_ID, 계좌ID, 연관거래ID, 거래유형, 거래금액, 수수료, 처리상태, 거래일시) VALUES (414, 24, 136, 415, '이체(출금)', 10000, 1000, '성공', '2025-09-16 23:39:59');
INSERT INTO 거래내역 (거래ID, ATM_ID, 계좌ID, 연관거래ID, 거래유형, 거래금액, 수수료, 처리상태, 거래일시) VALUES (415, 24, 43, 414, '이체(입금)', 10000, 0, '성공', '2025-09-16 23:39:59');
INSERT INTO 거래내역 (거래ID, ATM_ID, 계좌ID, 연관거래ID, 거래유형, 거래금액, 수수료, 처리상태, 거래일시) VALUES (416, 28, 61, NULL, '출금', 290000, 1000, '성공', '2025-09-17 10:22:26');
INSERT INTO 거래내역 (거래ID, ATM_ID, 계좌ID, 연관거래ID, 거래유형, 거래금액, 수수료, 처리상태, 거래일시) VALUES (417, 24, 50, NULL, '출금', 120000, 1000, '성공', '2025-09-17 23:15:19');
INSERT INTO 거래내역 (거래ID, ATM_ID, 계좌ID, 연관거래ID, 거래유형, 거래금액, 수수료, 처리상태, 거래일시) VALUES (418, 18, 129, NULL, '출금', 500000, 0, '성공', '2025-09-18 17:10:14');
INSERT INTO 거래내역 (거래ID, ATM_ID, 계좌ID, 연관거래ID, 거래유형, 거래금액, 수수료, 처리상태, 거래일시) VALUES (419, 19, 96, NULL, '입금', 80000, 0, '성공', '2025-09-24 23:13:08');
INSERT INTO 거래내역 (거래ID, ATM_ID, 계좌ID, 연관거래ID, 거래유형, 거래금액, 수수료, 처리상태, 거래일시) VALUES (420, 28, 98, NULL, '입금', 110000, 0, '성공', '2025-09-25 10:45:15');
INSERT INTO 거래내역 (거래ID, ATM_ID, 계좌ID, 연관거래ID, 거래유형, 거래금액, 수수료, 처리상태, 거래일시) VALUES (421, 7, 81, NULL, '입금', 580000, 0, '성공', '2025-09-26 01:57:06');
INSERT INTO 거래내역 (거래ID, ATM_ID, 계좌ID, 연관거래ID, 거래유형, 거래금액, 수수료, 처리상태, 거래일시) VALUES (422, 10, 110, NULL, '출금', 360000, 1000, '성공', '2025-09-28 22:20:22');
INSERT INTO 거래내역 (거래ID, ATM_ID, 계좌ID, 연관거래ID, 거래유형, 거래금액, 수수료, 처리상태, 거래일시) VALUES (423, 7, 47, NULL, '출금', 450000, 1000, '성공', '2025-10-01 06:01:37');
INSERT INTO 거래내역 (거래ID, ATM_ID, 계좌ID, 연관거래ID, 거래유형, 거래금액, 수수료, 처리상태, 거래일시) VALUES (424, 15, 65, NULL, '입금', 320000, 0, '성공', '2025-10-02 18:03:05');
INSERT INTO 거래내역 (거래ID, ATM_ID, 계좌ID, 연관거래ID, 거래유형, 거래금액, 수수료, 처리상태, 거래일시) VALUES (425, 25, 8, NULL, '출금', 320000, 0, '성공', '2025-10-04 19:51:49');
INSERT INTO 거래내역 (거래ID, ATM_ID, 계좌ID, 연관거래ID, 거래유형, 거래금액, 수수료, 처리상태, 거래일시) VALUES (426, 26, 20, NULL, '출금', 120000, 0, '성공', '2025-10-05 17:59:24');
INSERT INTO 거래내역 (거래ID, ATM_ID, 계좌ID, 연관거래ID, 거래유형, 거래금액, 수수료, 처리상태, 거래일시) VALUES (427, 22, 102, 428, '이체(출금)', 100000, 1000, '성공', '2025-10-05 18:14:33');
INSERT INTO 거래내역 (거래ID, ATM_ID, 계좌ID, 연관거래ID, 거래유형, 거래금액, 수수료, 처리상태, 거래일시) VALUES (428, 22, 108, 427, '이체(입금)', 100000, 0, '성공', '2025-10-05 18:14:33');
INSERT INTO 거래내역 (거래ID, ATM_ID, 계좌ID, 연관거래ID, 거래유형, 거래금액, 수수료, 처리상태, 거래일시) VALUES (429, 20, 44, NULL, '출금', 340000, 0, '성공', '2025-10-06 22:33:50');
INSERT INTO 거래내역 (거래ID, ATM_ID, 계좌ID, 연관거래ID, 거래유형, 거래금액, 수수료, 처리상태, 거래일시) VALUES (430, 5, 126, 431, '이체(출금)', 190000, 1000, '성공', '2025-10-09 09:47:01');
INSERT INTO 거래내역 (거래ID, ATM_ID, 계좌ID, 연관거래ID, 거래유형, 거래금액, 수수료, 처리상태, 거래일시) VALUES (431, 5, 107, 430, '이체(입금)', 190000, 0, '성공', '2025-10-09 09:47:01');
INSERT INTO 거래내역 (거래ID, ATM_ID, 계좌ID, 연관거래ID, 거래유형, 거래금액, 수수료, 처리상태, 거래일시) VALUES (432, 25, 138, NULL, '출금', 20000, 1000, '성공', '2025-10-09 18:45:51');
INSERT INTO 거래내역 (거래ID, ATM_ID, 계좌ID, 연관거래ID, 거래유형, 거래금액, 수수료, 처리상태, 거래일시) VALUES (433, 3, 37, NULL, '출금', 480000, 1000, '성공', '2025-10-10 01:06:58');
INSERT INTO 거래내역 (거래ID, ATM_ID, 계좌ID, 연관거래ID, 거래유형, 거래금액, 수수료, 처리상태, 거래일시) VALUES (434, 19, 97, 435, '이체(출금)', 30000, 0, '성공', '2025-10-10 03:23:22');
INSERT INTO 거래내역 (거래ID, ATM_ID, 계좌ID, 연관거래ID, 거래유형, 거래금액, 수수료, 처리상태, 거래일시) VALUES (435, 19, 105, 434, '이체(입금)', 30000, 0, '성공', '2025-10-10 03:23:22');
INSERT INTO 거래내역 (거래ID, ATM_ID, 계좌ID, 연관거래ID, 거래유형, 거래금액, 수수료, 처리상태, 거래일시) VALUES (436, 17, 84, 437, '이체(출금)', 190000, 1000, '성공', '2025-10-11 23:39:35');
INSERT INTO 거래내역 (거래ID, ATM_ID, 계좌ID, 연관거래ID, 거래유형, 거래금액, 수수료, 처리상태, 거래일시) VALUES (437, 17, 17, 436, '이체(입금)', 190000, 0, '성공', '2025-10-11 23:39:35');
INSERT INTO 거래내역 (거래ID, ATM_ID, 계좌ID, 연관거래ID, 거래유형, 거래금액, 수수료, 처리상태, 거래일시) VALUES (438, 29, 138, NULL, '입금', 770000, 0, '성공', '2025-10-15 03:05:38');
INSERT INTO 거래내역 (거래ID, ATM_ID, 계좌ID, 연관거래ID, 거래유형, 거래금액, 수수료, 처리상태, 거래일시) VALUES (439, 28, 126, NULL, '입금', 680000, 0, '성공', '2025-10-16 11:24:38');
INSERT INTO 거래내역 (거래ID, ATM_ID, 계좌ID, 연관거래ID, 거래유형, 거래금액, 수수료, 처리상태, 거래일시) VALUES (440, 18, 104, NULL, '출금', 460000, 0, '성공', '2025-10-17 15:12:27');
INSERT INTO 거래내역 (거래ID, ATM_ID, 계좌ID, 연관거래ID, 거래유형, 거래금액, 수수료, 처리상태, 거래일시) VALUES (441, 26, 138, NULL, '입금', 890000, 0, '실패', '2025-10-22 06:18:26');
INSERT INTO 거래내역 (거래ID, ATM_ID, 계좌ID, 연관거래ID, 거래유형, 거래금액, 수수료, 처리상태, 거래일시) VALUES (442, 3, 128, NULL, '입금', 560000, 0, '성공', '2025-10-22 12:03:40');
INSERT INTO 거래내역 (거래ID, ATM_ID, 계좌ID, 연관거래ID, 거래유형, 거래금액, 수수료, 처리상태, 거래일시) VALUES (443, 7, 12, NULL, '입금', 730000, 0, '성공', '2025-10-22 23:32:49');
INSERT INTO 거래내역 (거래ID, ATM_ID, 계좌ID, 연관거래ID, 거래유형, 거래금액, 수수료, 처리상태, 거래일시) VALUES (444, 14, 22, NULL, '출금', 330000, 1000, '성공', '2025-10-23 06:16:57');
INSERT INTO 거래내역 (거래ID, ATM_ID, 계좌ID, 연관거래ID, 거래유형, 거래금액, 수수료, 처리상태, 거래일시) VALUES (445, 28, 14, NULL, '출금', 410000, 0, '성공', '2025-10-24 12:11:03');
INSERT INTO 거래내역 (거래ID, ATM_ID, 계좌ID, 연관거래ID, 거래유형, 거래금액, 수수료, 처리상태, 거래일시) VALUES (446, 15, 22, 447, '이체(출금)', 220000, 1000, '성공', '2025-10-26 06:01:35');
INSERT INTO 거래내역 (거래ID, ATM_ID, 계좌ID, 연관거래ID, 거래유형, 거래금액, 수수료, 처리상태, 거래일시) VALUES (447, 15, 14, 446, '이체(입금)', 220000, 0, '성공', '2025-10-26 06:01:35');
INSERT INTO 거래내역 (거래ID, ATM_ID, 계좌ID, 연관거래ID, 거래유형, 거래금액, 수수료, 처리상태, 거래일시) VALUES (448, 13, 21, NULL, '입금', 840000, 0, '성공', '2025-10-27 01:09:12');
INSERT INTO 거래내역 (거래ID, ATM_ID, 계좌ID, 연관거래ID, 거래유형, 거래금액, 수수료, 처리상태, 거래일시) VALUES (449, 14, 26, NULL, '출금', 460000, 0, '성공', '2025-10-27 12:12:27');
INSERT INTO 거래내역 (거래ID, ATM_ID, 계좌ID, 연관거래ID, 거래유형, 거래금액, 수수료, 처리상태, 거래일시) VALUES (450, 30, 27, 451, '이체(출금)', 270000, 1000, '성공', '2025-10-31 09:00:44');
INSERT INTO 거래내역 (거래ID, ATM_ID, 계좌ID, 연관거래ID, 거래유형, 거래금액, 수수료, 처리상태, 거래일시) VALUES (451, 30, 78, 450, '이체(입금)', 270000, 0, '성공', '2025-10-31 09:00:44');
INSERT INTO 거래내역 (거래ID, ATM_ID, 계좌ID, 연관거래ID, 거래유형, 거래금액, 수수료, 처리상태, 거래일시) VALUES (452, 13, 3, NULL, '출금', 170000, 0, '성공', '2025-10-31 13:05:27');
INSERT INTO 거래내역 (거래ID, ATM_ID, 계좌ID, 연관거래ID, 거래유형, 거래금액, 수수료, 처리상태, 거래일시) VALUES (453, 11, 41, 454, '이체(출금)', 30000, 1000, '성공', '2025-11-01 13:07:22');
INSERT INTO 거래내역 (거래ID, ATM_ID, 계좌ID, 연관거래ID, 거래유형, 거래금액, 수수료, 처리상태, 거래일시) VALUES (454, 11, 66, 453, '이체(입금)', 30000, 0, '성공', '2025-11-01 13:07:22');
INSERT INTO 거래내역 (거래ID, ATM_ID, 계좌ID, 연관거래ID, 거래유형, 거래금액, 수수료, 처리상태, 거래일시) VALUES (455, 11, 16, 456, '이체(출금)', 280000, 1000, '성공', '2025-11-02 04:37:11');
INSERT INTO 거래내역 (거래ID, ATM_ID, 계좌ID, 연관거래ID, 거래유형, 거래금액, 수수료, 처리상태, 거래일시) VALUES (456, 11, 35, 455, '이체(입금)', 280000, 0, '성공', '2025-11-02 04:37:11');
INSERT INTO 거래내역 (거래ID, ATM_ID, 계좌ID, 연관거래ID, 거래유형, 거래금액, 수수료, 처리상태, 거래일시) VALUES (457, 1, 122, NULL, '출금', 170000, 0, '성공', '2025-11-02 21:03:41');
INSERT INTO 거래내역 (거래ID, ATM_ID, 계좌ID, 연관거래ID, 거래유형, 거래금액, 수수료, 처리상태, 거래일시) VALUES (458, 13, 65, NULL, '출금', 470000, 0, '성공', '2025-11-03 21:56:37');
INSERT INTO 거래내역 (거래ID, ATM_ID, 계좌ID, 연관거래ID, 거래유형, 거래금액, 수수료, 처리상태, 거래일시) VALUES (459, 7, 37, NULL, '출금', 370000, 1000, '성공', '2025-11-04 14:35:31');
INSERT INTO 거래내역 (거래ID, ATM_ID, 계좌ID, 연관거래ID, 거래유형, 거래금액, 수수료, 처리상태, 거래일시) VALUES (460, 25, 12, NULL, '출금', 470000, 0, '성공', '2025-11-05 18:59:07');
INSERT INTO 거래내역 (거래ID, ATM_ID, 계좌ID, 연관거래ID, 거래유형, 거래금액, 수수료, 처리상태, 거래일시) VALUES (461, 7, 40, NULL, '출금', 110000, 1000, '성공', '2025-11-05 22:44:11');
INSERT INTO 거래내역 (거래ID, ATM_ID, 계좌ID, 연관거래ID, 거래유형, 거래금액, 수수료, 처리상태, 거래일시) VALUES (462, 30, 29, NULL, '입금', 50000, 0, '성공', '2025-11-07 15:15:50');
INSERT INTO 거래내역 (거래ID, ATM_ID, 계좌ID, 연관거래ID, 거래유형, 거래금액, 수수료, 처리상태, 거래일시) VALUES (463, 30, 135, NULL, '출금', 30000, 1000, '성공', '2025-11-08 12:15:40');
INSERT INTO 거래내역 (거래ID, ATM_ID, 계좌ID, 연관거래ID, 거래유형, 거래금액, 수수료, 처리상태, 거래일시) VALUES (464, 4, 117, NULL, '출금', 60000, 0, '성공', '2025-11-09 07:43:21');
INSERT INTO 거래내역 (거래ID, ATM_ID, 계좌ID, 연관거래ID, 거래유형, 거래금액, 수수료, 처리상태, 거래일시) VALUES (465, 24, 107, NULL, '출금', 120000, 0, '성공', '2025-11-11 03:07:01');
INSERT INTO 거래내역 (거래ID, ATM_ID, 계좌ID, 연관거래ID, 거래유형, 거래금액, 수수료, 처리상태, 거래일시) VALUES (466, 4, 64, NULL, '입금', 850000, 0, '성공', '2025-11-11 12:55:31');
INSERT INTO 거래내역 (거래ID, ATM_ID, 계좌ID, 연관거래ID, 거래유형, 거래금액, 수수료, 처리상태, 거래일시) VALUES (467, 29, 61, NULL, '출금', 40000, 0, '실패', '2025-11-14 04:18:15');
INSERT INTO 거래내역 (거래ID, ATM_ID, 계좌ID, 연관거래ID, 거래유형, 거래금액, 수수료, 처리상태, 거래일시) VALUES (468, 13, 125, NULL, '출금', 340000, 0, '실패', '2025-11-14 11:13:45');
INSERT INTO 거래내역 (거래ID, ATM_ID, 계좌ID, 연관거래ID, 거래유형, 거래금액, 수수료, 처리상태, 거래일시) VALUES (469, 26, 85, NULL, '출금', 90000, 0, '성공', '2025-11-17 19:09:55');
INSERT INTO 거래내역 (거래ID, ATM_ID, 계좌ID, 연관거래ID, 거래유형, 거래금액, 수수료, 처리상태, 거래일시) VALUES (470, 13, 18, NULL, '입금', 530000, 0, '성공', '2025-11-20 18:10:44');
INSERT INTO 거래내역 (거래ID, ATM_ID, 계좌ID, 연관거래ID, 거래유형, 거래금액, 수수료, 처리상태, 거래일시) VALUES (471, 1, 77, NULL, '입금', 600000, 0, '성공', '2025-11-20 19:49:21');
INSERT INTO 거래내역 (거래ID, ATM_ID, 계좌ID, 연관거래ID, 거래유형, 거래금액, 수수료, 처리상태, 거래일시) VALUES (472, 13, 32, NULL, '출금', 370000, 0, '실패', '2025-11-23 19:46:37');
INSERT INTO 거래내역 (거래ID, ATM_ID, 계좌ID, 연관거래ID, 거래유형, 거래금액, 수수료, 처리상태, 거래일시) VALUES (473, 14, 140, NULL, '출금', 230000, 0, '성공', '2025-11-23 23:25:19');
INSERT INTO 거래내역 (거래ID, ATM_ID, 계좌ID, 연관거래ID, 거래유형, 거래금액, 수수료, 처리상태, 거래일시) VALUES (474, 5, 98, 475, '이체(출금)', 210000, 0, '실패', '2025-11-24 05:12:04');
INSERT INTO 거래내역 (거래ID, ATM_ID, 계좌ID, 연관거래ID, 거래유형, 거래금액, 수수료, 처리상태, 거래일시) VALUES (475, 5, 18, 474, '이체(입금)', 210000, 0, '실패', '2025-11-24 05:12:04');
INSERT INTO 거래내역 (거래ID, ATM_ID, 계좌ID, 연관거래ID, 거래유형, 거래금액, 수수료, 처리상태, 거래일시) VALUES (476, 1, 37, NULL, '출금', 390000, 1000, '성공', '2025-11-25 15:57:12');
INSERT INTO 거래내역 (거래ID, ATM_ID, 계좌ID, 연관거래ID, 거래유형, 거래금액, 수수료, 처리상태, 거래일시) VALUES (477, 22, 114, NULL, '입금', 150000, 0, '성공', '2025-11-27 07:28:42');
INSERT INTO 거래내역 (거래ID, ATM_ID, 계좌ID, 연관거래ID, 거래유형, 거래금액, 수수료, 처리상태, 거래일시) VALUES (478, 14, 121, NULL, '출금', 70000, 1000, '성공', '2025-11-28 05:00:18');
INSERT INTO 거래내역 (거래ID, ATM_ID, 계좌ID, 연관거래ID, 거래유형, 거래금액, 수수료, 처리상태, 거래일시) VALUES (479, 29, 114, NULL, '출금', 60000, 0, '성공', '2025-11-29 11:38:09');
INSERT INTO 거래내역 (거래ID, ATM_ID, 계좌ID, 연관거래ID, 거래유형, 거래금액, 수수료, 처리상태, 거래일시) VALUES (480, 24, 140, NULL, '입금', 240000, 0, '성공', '2025-11-29 20:01:42');
INSERT INTO 거래내역 (거래ID, ATM_ID, 계좌ID, 연관거래ID, 거래유형, 거래금액, 수수료, 처리상태, 거래일시) VALUES (481, 17, 97, NULL, '입금', 110000, 0, '성공', '2025-11-30 19:38:07');
INSERT INTO 거래내역 (거래ID, ATM_ID, 계좌ID, 연관거래ID, 거래유형, 거래금액, 수수료, 처리상태, 거래일시) VALUES (482, 10, 134, NULL, '입금', 220000, 0, '성공', '2025-12-02 13:51:43');
INSERT INTO 거래내역 (거래ID, ATM_ID, 계좌ID, 연관거래ID, 거래유형, 거래금액, 수수료, 처리상태, 거래일시) VALUES (483, 26, 45, NULL, '출금', 500000, 0, '성공', '2025-12-02 16:54:59');
INSERT INTO 거래내역 (거래ID, ATM_ID, 계좌ID, 연관거래ID, 거래유형, 거래금액, 수수료, 처리상태, 거래일시) VALUES (484, 20, 103, NULL, '출금', 280000, 0, '실패', '2025-12-03 03:55:50');
INSERT INTO 거래내역 (거래ID, ATM_ID, 계좌ID, 연관거래ID, 거래유형, 거래금액, 수수료, 처리상태, 거래일시) VALUES (485, 18, 79, NULL, '출금', 470000, 0, '성공', '2025-12-05 22:54:38');
INSERT INTO 거래내역 (거래ID, ATM_ID, 계좌ID, 연관거래ID, 거래유형, 거래금액, 수수료, 처리상태, 거래일시) VALUES (486, 13, 117, NULL, '출금', 50000, 0, '성공', '2025-12-06 02:10:52');
INSERT INTO 거래내역 (거래ID, ATM_ID, 계좌ID, 연관거래ID, 거래유형, 거래금액, 수수료, 처리상태, 거래일시) VALUES (487, 18, 1, 488, '이체(출금)', 70000, 1000, '성공', '2025-12-06 04:48:10');
INSERT INTO 거래내역 (거래ID, ATM_ID, 계좌ID, 연관거래ID, 거래유형, 거래금액, 수수료, 처리상태, 거래일시) VALUES (488, 18, 79, 487, '이체(입금)', 70000, 0, '성공', '2025-12-06 04:48:10');
INSERT INTO 거래내역 (거래ID, ATM_ID, 계좌ID, 연관거래ID, 거래유형, 거래금액, 수수료, 처리상태, 거래일시) VALUES (489, 29, 110, NULL, '출금', 110000, 0, '성공', '2025-12-07 16:09:43');
INSERT INTO 거래내역 (거래ID, ATM_ID, 계좌ID, 연관거래ID, 거래유형, 거래금액, 수수료, 처리상태, 거래일시) VALUES (490, 14, 48, NULL, '출금', 320000, 1000, '성공', '2025-12-09 18:06:51');
INSERT INTO 거래내역 (거래ID, ATM_ID, 계좌ID, 연관거래ID, 거래유형, 거래금액, 수수료, 처리상태, 거래일시) VALUES (491, 30, 132, 492, '이체(출금)', 90000, 0, '성공', '2025-12-12 13:26:14');
INSERT INTO 거래내역 (거래ID, ATM_ID, 계좌ID, 연관거래ID, 거래유형, 거래금액, 수수료, 처리상태, 거래일시) VALUES (492, 30, 117, 491, '이체(입금)', 90000, 0, '성공', '2025-12-12 13:26:14');
INSERT INTO 거래내역 (거래ID, ATM_ID, 계좌ID, 연관거래ID, 거래유형, 거래금액, 수수료, 처리상태, 거래일시) VALUES (493, 17, 82, NULL, '입금', 380000, 0, '성공', '2025-12-12 23:02:35');
INSERT INTO 거래내역 (거래ID, ATM_ID, 계좌ID, 연관거래ID, 거래유형, 거래금액, 수수료, 처리상태, 거래일시) VALUES (494, 30, 123, NULL, '입금', 320000, 0, '성공', '2025-12-13 22:00:20');
INSERT INTO 거래내역 (거래ID, ATM_ID, 계좌ID, 연관거래ID, 거래유형, 거래금액, 수수료, 처리상태, 거래일시) VALUES (495, 20, 25, NULL, '입금', 570000, 0, '성공', '2025-12-14 16:28:23');
INSERT INTO 거래내역 (거래ID, ATM_ID, 계좌ID, 연관거래ID, 거래유형, 거래금액, 수수료, 처리상태, 거래일시) VALUES (496, 13, 5, NULL, '입금', 650000, 0, '성공', '2025-12-15 15:40:36');
INSERT INTO 거래내역 (거래ID, ATM_ID, 계좌ID, 연관거래ID, 거래유형, 거래금액, 수수료, 처리상태, 거래일시) VALUES (497, 15, 80, NULL, '출금', 420000, 1000, '성공', '2025-12-16 14:16:14');
INSERT INTO 거래내역 (거래ID, ATM_ID, 계좌ID, 연관거래ID, 거래유형, 거래금액, 수수료, 처리상태, 거래일시) VALUES (498, 26, 102, 499, '이체(출금)', 100000, 1000, '성공', '2025-12-17 08:31:29');
INSERT INTO 거래내역 (거래ID, ATM_ID, 계좌ID, 연관거래ID, 거래유형, 거래금액, 수수료, 처리상태, 거래일시) VALUES (499, 26, 111, 498, '이체(입금)', 100000, 0, '성공', '2025-12-17 08:31:29');
INSERT INTO 거래내역 (거래ID, ATM_ID, 계좌ID, 연관거래ID, 거래유형, 거래금액, 수수료, 처리상태, 거래일시) VALUES (500, 25, 111, NULL, '출금', 70000, 1000, '성공', '2025-12-19 04:09:56');
SET FOREIGN_KEY_CHECKS = 1;

-- ATM장애로그 (40건)
INSERT INTO ATM장애로그 (장애ID, ATM_ID, 관리자ID, 장애유형, 상세내용, 처리상태, 발생일시, 처리완료일시) VALUES (1, 6, 4, '현금부족', '내부 현금 보관 잔액 부족', '처리완료', '2024-02-14 09:00:00', '2024-02-14 09:00:00');
INSERT INTO ATM장애로그 (장애ID, ATM_ID, 관리자ID, 장애유형, 상세내용, 처리상태, 발생일시, 처리완료일시) VALUES (2, 9, 5, '카드리더오류', '셔터 개폐 비정상', '미처리', '2025-11-03 11:15:00', NULL);
INSERT INTO ATM장애로그 (장애ID, ATM_ID, 관리자ID, 장애유형, 상세내용, 처리상태, 발생일시, 처리완료일시) VALUES (3, 21, 9, '카드리더오류', '셔터 개폐 비정상', '미처리', '2025-10-05 09:05:00', NULL);
INSERT INTO ATM장애로그 (장애ID, ATM_ID, 관리자ID, 장애유형, 상세내용, 처리상태, 발생일시, 처리완료일시) VALUES (4, 6, 4, '전산오류', 'IC 버퍼 오버플로우', '미처리', '2025-10-15 14:20:00', NULL);
INSERT INTO ATM장애로그 (장애ID, ATM_ID, 관리자ID, 장애유형, 상세내용, 처리상태, 발생일시, 처리완료일시) VALUES (5, 12, 6, '현금부족', '내부 현금 보관 잔액 부족', '처리완료', '2024-04-02 10:00:00', '2024-04-02 10:00:00');
INSERT INTO ATM장애로그 (장애ID, ATM_ID, 관리자ID, 장애유형, 상세내용, 처리상태, 발생일시, 처리완료일시) VALUES (6, 16, 8, '전산오류', 'IC 버퍼 오버플로우', '미처리', '2025-11-12 16:00:00', NULL);
INSERT INTO ATM장애로그 (장애ID, ATM_ID, 관리자ID, 장애유형, 상세내용, 처리상태, 발생일시, 처리완료일시) VALUES (7, 27, 11, '현금부족', '내부 현금 보관 잔액 부족', '미처리', '2025-11-20 15:55:00', NULL);
INSERT INTO ATM장애로그 (장애ID, ATM_ID, 관리자ID, 장애유형, 상세내용, 처리상태, 발생일시, 처리완료일시) VALUES (8, 12, 6, '기계오류', '지폐 방출기 세그먼트 걸림', '미처리', '2025-10-28 10:30:00', NULL);
INSERT INTO ATM장애로그 (장애ID, ATM_ID, 관리자ID, 장애유형, 상세내용, 처리상태, 발생일시, 처리완료일시) VALUES (9, 21, 9, '네트워크', '통신 모듈 패킷 유실', '미처리', '2025-12-02 13:40:00', NULL);
INSERT INTO ATM장애로그 (장애ID, ATM_ID, 관리자ID, 장애유형, 상세내용, 처리상태, 발생일시, 처리완료일시) VALUES (10, 9, 5, '기계오류', '지폐 방출기 세그먼트 걸림', '미처리', '2025-12-19 17:45:00', NULL);
INSERT INTO ATM장애로그 (장애ID, ATM_ID, 관리자ID, 장애유형, 상세내용, 처리상태, 발생일시, 처리완료일시) VALUES (11, 16, 8, '네트워크', '통신 모듈 패킷 유실', '미처리', '2025-12-25 21:10:00', NULL);
INSERT INTO ATM장애로그 (장애ID, ATM_ID, 관리자ID, 장애유형, 상세내용, 처리상태, 발생일시, 처리완료일시) VALUES (12, 27, 11, '기계오류', '지폐 방출기 세그먼트 걸림', '미처리', '2025-12-30 18:22:00', NULL);
INSERT INTO ATM장애로그 (장애ID, ATM_ID, 관리자ID, 장애유형, 상세내용, 처리상태, 발생일시, 처리완료일시) VALUES (13, 5, 4, '전산오류', 'IC 버퍼 오버플로우', '처리완료', '2024-07-06 20:38:43', '2024-07-07 00:41:08');
INSERT INTO ATM장애로그 (장애ID, ATM_ID, 관리자ID, 장애유형, 상세내용, 처리상태, 발생일시, 처리완료일시) VALUES (14, 29, 12, '카드리더오류', '셔터 개폐 비정상', '처리완료', '2024-07-18 14:03:47', '2024-07-18 19:02:04');
INSERT INTO ATM장애로그 (장애ID, ATM_ID, 관리자ID, 장애유형, 상세내용, 처리상태, 발생일시, 처리완료일시) VALUES (15, 1, 3, '현금부족', '내부 현금 보관 잔액 부족', '처리완료', '2024-07-30 16:52:50', '2024-07-30 20:12:07');
INSERT INTO ATM장애로그 (장애ID, ATM_ID, 관리자ID, 장애유형, 상세내용, 처리상태, 발생일시, 처리완료일시) VALUES (16, 29, 12, '기계오류', '지폐 방출기 세그먼트 걸림', '처리완료', '2024-08-11 21:06:55', '2024-08-11 23:15:14');
INSERT INTO ATM장애로그 (장애ID, ATM_ID, 관리자ID, 장애유형, 상세내용, 처리상태, 발생일시, 처리완료일시) VALUES (17, 14, 7, '네트워크', '통신 모듈 패킷 유실', '처리완료', '2024-08-23 15:46:26', '2024-08-23 16:58:54');
INSERT INTO ATM장애로그 (장애ID, ATM_ID, 관리자ID, 장애유형, 상세내용, 처리상태, 발생일시, 처리완료일시) VALUES (18, 18, 8, '전산오류', 'IC 버퍼 오버플로우', '처리완료', '2024-09-04 18:48:33', '2024-09-04 22:40:36');
INSERT INTO ATM장애로그 (장애ID, ATM_ID, 관리자ID, 장애유형, 상세내용, 처리상태, 발생일시, 처리완료일시) VALUES (19, 3, 3, '카드리더오류', '셔터 개폐 비정상', '처리완료', '2024-09-16 15:45:32', '2024-09-16 19:54:21');
INSERT INTO ATM장애로그 (장애ID, ATM_ID, 관리자ID, 장애유형, 상세내용, 처리상태, 발생일시, 처리완료일시) VALUES (20, 7, 5, '현금부족', '내부 현금 보관 잔액 부족', '처리완료', '2024-09-28 14:56:53', '2024-09-28 17:49:56');
INSERT INTO ATM장애로그 (장애ID, ATM_ID, 관리자ID, 장애유형, 상세내용, 처리상태, 발생일시, 처리완료일시) VALUES (21, 2, 3, '기계오류', '지폐 방출기 세그먼트 걸림', '처리완료', '2024-10-10 18:03:58', '2024-10-10 21:49:10');
INSERT INTO ATM장애로그 (장애ID, ATM_ID, 관리자ID, 장애유형, 상세내용, 처리상태, 발생일시, 처리완료일시) VALUES (22, 15, 7, '네트워크', '통신 모듈 패킷 유실', '처리완료', '2024-10-22 18:32:25', '2024-10-22 20:15:26');
INSERT INTO ATM장애로그 (장애ID, ATM_ID, 관리자ID, 장애유형, 상세내용, 처리상태, 발생일시, 처리완료일시) VALUES (23, 15, 7, '전산오류', 'IC 버퍼 오버플로우', '처리완료', '2024-11-03 18:38:28', '2024-11-03 21:33:58');
INSERT INTO ATM장애로그 (장애ID, ATM_ID, 관리자ID, 장애유형, 상세내용, 처리상태, 발생일시, 처리완료일시) VALUES (24, 15, 7, '카드리더오류', '셔터 개폐 비정상', '처리완료', '2024-11-15 13:53:57', '2024-11-15 17:41:50');
INSERT INTO ATM장애로그 (장애ID, ATM_ID, 관리자ID, 장애유형, 상세내용, 처리상태, 발생일시, 처리완료일시) VALUES (25, 13, 7, '현금부족', '내부 현금 보관 잔액 부족', '처리완료', '2024-11-27 11:24:03', '2024-11-27 14:18:39');
INSERT INTO ATM장애로그 (장애ID, ATM_ID, 관리자ID, 장애유형, 상세내용, 처리상태, 발생일시, 처리완료일시) VALUES (26, 10, 6, '기계오류', '지폐 방출기 세그먼트 걸림', '처리완료', '2024-12-09 21:14:43', '2024-12-09 23:32:24');
INSERT INTO ATM장애로그 (장애ID, ATM_ID, 관리자ID, 장애유형, 상세내용, 처리상태, 발생일시, 처리완료일시) VALUES (27, 22, 10, '네트워크', '통신 모듈 패킷 유실', '처리완료', '2024-12-21 11:55:49', '2024-12-21 13:26:47');
INSERT INTO ATM장애로그 (장애ID, ATM_ID, 관리자ID, 장애유형, 상세내용, 처리상태, 발생일시, 처리완료일시) VALUES (28, 26, 11, '전산오류', 'IC 버퍼 오버플로우', '처리완료', '2025-01-02 13:38:51', '2025-01-02 14:53:07');
INSERT INTO ATM장애로그 (장애ID, ATM_ID, 관리자ID, 장애유형, 상세내용, 처리상태, 발생일시, 처리완료일시) VALUES (29, 29, 12, '카드리더오류', '셔터 개폐 비정상', '처리완료', '2025-01-14 21:17:27', '2025-01-15 02:11:49');
INSERT INTO ATM장애로그 (장애ID, ATM_ID, 관리자ID, 장애유형, 상세내용, 처리상태, 발생일시, 처리완료일시) VALUES (30, 11, 6, '현금부족', '내부 현금 보관 잔액 부족', '처리완료', '2025-01-26 14:29:19', '2025-01-26 19:06:25');
INSERT INTO ATM장애로그 (장애ID, ATM_ID, 관리자ID, 장애유형, 상세내용, 처리상태, 발생일시, 처리완료일시) VALUES (31, 22, 10, '기계오류', '지폐 방출기 세그먼트 걸림', '처리완료', '2025-02-07 21:53:53', '2025-02-08 01:29:34');
INSERT INTO ATM장애로그 (장애ID, ATM_ID, 관리자ID, 장애유형, 상세내용, 처리상태, 발생일시, 처리완료일시) VALUES (32, 13, 7, '네트워크', '통신 모듈 패킷 유실', '처리완료', '2025-02-19 21:06:30', '2025-02-19 22:27:47');
INSERT INTO ATM장애로그 (장애ID, ATM_ID, 관리자ID, 장애유형, 상세내용, 처리상태, 발생일시, 처리완료일시) VALUES (33, 11, 6, '전산오류', 'IC 버퍼 오버플로우', '처리완료', '2025-03-03 15:41:45', '2025-03-03 18:53:54');
INSERT INTO ATM장애로그 (장애ID, ATM_ID, 관리자ID, 장애유형, 상세내용, 처리상태, 발생일시, 처리완료일시) VALUES (34, 2, 3, '카드리더오류', '셔터 개폐 비정상', '처리완료', '2025-03-15 20:25:42', '2025-03-16 00:08:50');
INSERT INTO ATM장애로그 (장애ID, ATM_ID, 관리자ID, 장애유형, 상세내용, 처리상태, 발생일시, 처리완료일시) VALUES (35, 26, 11, '현금부족', '내부 현금 보관 잔액 부족', '처리완료', '2025-03-27 18:18:16', '2025-03-27 22:43:40');
INSERT INTO ATM장애로그 (장애ID, ATM_ID, 관리자ID, 장애유형, 상세내용, 처리상태, 발생일시, 처리완료일시) VALUES (36, 24, 10, '기계오류', '지폐 방출기 세그먼트 걸림', '처리완료', '2025-04-08 20:52:12', '2025-04-09 00:38:57');
INSERT INTO ATM장애로그 (장애ID, ATM_ID, 관리자ID, 장애유형, 상세내용, 처리상태, 발생일시, 처리완료일시) VALUES (37, 28, 12, '네트워크', '통신 모듈 패킷 유실', '처리완료', '2025-04-20 19:40:50', '2025-04-21 00:39:32');
INSERT INTO ATM장애로그 (장애ID, ATM_ID, 관리자ID, 장애유형, 상세내용, 처리상태, 발생일시, 처리완료일시) VALUES (38, 22, 10, '전산오류', 'IC 버퍼 오버플로우', '처리완료', '2025-05-02 15:54:10', '2025-05-02 18:12:16');
INSERT INTO ATM장애로그 (장애ID, ATM_ID, 관리자ID, 장애유형, 상세내용, 처리상태, 발생일시, 처리완료일시) VALUES (39, 5, 4, '카드리더오류', '셔터 개폐 비정상', '처리완료', '2025-05-14 15:46:51', '2025-05-14 18:30:48');
INSERT INTO ATM장애로그 (장애ID, ATM_ID, 관리자ID, 장애유형, 상세내용, 처리상태, 발생일시, 처리완료일시) VALUES (40, 26, 11, '현금부족', '내부 현금 보관 잔액 부족', '처리완료', '2025-05-26 12:14:22', '2025-05-26 15:02:17');

-- 현금보충 (40건)
INSERT INTO 현금보충 (보충ID, ATM_ID, 관리자ID, 보충금액, 보충일시) VALUES (1, 16, 8, 7000000, '2024-03-29 11:39:27');
INSERT INTO 현금보충 (보충ID, ATM_ID, 관리자ID, 보충금액, 보충일시) VALUES (2, 13, 7, 1000000, '2024-04-12 13:24:00');
INSERT INTO 현금보충 (보충ID, ATM_ID, 관리자ID, 보충금액, 보충일시) VALUES (3, 18, 8, 6000000, '2024-04-26 12:00:57');
INSERT INTO 현금보충 (보충ID, ATM_ID, 관리자ID, 보충금액, 보충일시) VALUES (4, 25, 11, 4000000, '2024-05-10 10:43:00');
INSERT INTO 현금보충 (보충ID, ATM_ID, 관리자ID, 보충금액, 보충일시) VALUES (5, 8, 5, 7000000, '2024-05-24 12:08:06');
INSERT INTO 현금보충 (보충ID, ATM_ID, 관리자ID, 보충금액, 보충일시) VALUES (6, 17, 8, 1000000, '2024-06-07 11:04:52');
INSERT INTO 현금보충 (보충ID, ATM_ID, 관리자ID, 보충금액, 보충일시) VALUES (7, 10, 6, 10000000, '2024-06-21 13:46:33');
INSERT INTO 현금보충 (보충ID, ATM_ID, 관리자ID, 보충금액, 보충일시) VALUES (8, 17, 8, 3000000, '2024-07-05 13:56:43');
INSERT INTO 현금보충 (보충ID, ATM_ID, 관리자ID, 보충금액, 보충일시) VALUES (9, 11, 6, 3000000, '2024-07-19 12:48:12');
INSERT INTO 현금보충 (보충ID, ATM_ID, 관리자ID, 보충금액, 보충일시) VALUES (10, 30, 12, 3000000, '2024-08-02 10:14:14');
INSERT INTO 현금보충 (보충ID, ATM_ID, 관리자ID, 보충금액, 보충일시) VALUES (11, 7, 5, 2000000, '2024-08-16 14:32:10');
INSERT INTO 현금보충 (보충ID, ATM_ID, 관리자ID, 보충금액, 보충일시) VALUES (12, 12, 6, 5000000, '2024-08-30 13:56:40');
INSERT INTO 현금보충 (보충ID, ATM_ID, 관리자ID, 보충금액, 보충일시) VALUES (13, 25, 11, 2000000, '2024-09-13 14:03:42');
INSERT INTO 현금보충 (보충ID, ATM_ID, 관리자ID, 보충금액, 보충일시) VALUES (14, 21, 9, 7000000, '2024-09-27 10:44:07');
INSERT INTO 현금보충 (보충ID, ATM_ID, 관리자ID, 보충금액, 보충일시) VALUES (15, 15, 7, 8000000, '2024-10-11 10:35:16');
INSERT INTO 현금보충 (보충ID, ATM_ID, 관리자ID, 보충금액, 보충일시) VALUES (16, 23, 10, 1000000, '2024-10-25 11:44:43');
INSERT INTO 현금보충 (보충ID, ATM_ID, 관리자ID, 보충금액, 보충일시) VALUES (17, 10, 6, 5000000, '2024-11-08 10:42:33');
INSERT INTO 현금보충 (보충ID, ATM_ID, 관리자ID, 보충금액, 보충일시) VALUES (18, 20, 9, 2000000, '2024-11-22 13:53:57');
INSERT INTO 현금보충 (보충ID, ATM_ID, 관리자ID, 보충금액, 보충일시) VALUES (19, 17, 8, 2000000, '2024-12-06 12:07:50');
INSERT INTO 현금보충 (보충ID, ATM_ID, 관리자ID, 보충금액, 보충일시) VALUES (20, 16, 8, 5000000, '2024-12-20 14:12:49');
INSERT INTO 현금보충 (보충ID, ATM_ID, 관리자ID, 보충금액, 보충일시) VALUES (21, 27, 11, 5000000, '2025-01-03 12:45:26');
INSERT INTO 현금보충 (보충ID, ATM_ID, 관리자ID, 보충금액, 보충일시) VALUES (22, 6, 4, 4000000, '2025-01-17 14:31:58');
INSERT INTO 현금보충 (보충ID, ATM_ID, 관리자ID, 보충금액, 보충일시) VALUES (23, 23, 10, 1000000, '2025-01-31 12:15:00');
INSERT INTO 현금보충 (보충ID, ATM_ID, 관리자ID, 보충금액, 보충일시) VALUES (24, 22, 10, 8000000, '2025-02-14 10:53:36');
INSERT INTO 현금보충 (보충ID, ATM_ID, 관리자ID, 보충금액, 보충일시) VALUES (25, 5, 4, 2000000, '2025-02-28 14:04:46');
INSERT INTO 현금보충 (보충ID, ATM_ID, 관리자ID, 보충금액, 보충일시) VALUES (26, 29, 12, 5000000, '2025-03-14 11:29:18');
INSERT INTO 현금보충 (보충ID, ATM_ID, 관리자ID, 보충금액, 보충일시) VALUES (27, 15, 7, 1000000, '2025-03-28 10:52:11');
INSERT INTO 현금보충 (보충ID, ATM_ID, 관리자ID, 보충금액, 보충일시) VALUES (28, 28, 12, 6000000, '2025-04-11 12:51:43');
INSERT INTO 현금보충 (보충ID, ATM_ID, 관리자ID, 보충금액, 보충일시) VALUES (29, 14, 7, 1000000, '2025-04-25 10:54:48');
INSERT INTO 현금보충 (보충ID, ATM_ID, 관리자ID, 보충금액, 보충일시) VALUES (30, 1, 3, 8000000, '2025-05-09 11:21:22');
INSERT INTO 현금보충 (보충ID, ATM_ID, 관리자ID, 보충금액, 보충일시) VALUES (31, 20, 9, 6000000, '2025-05-23 10:23:52');
INSERT INTO 현금보충 (보충ID, ATM_ID, 관리자ID, 보충금액, 보충일시) VALUES (32, 6, 4, 5000000, '2025-06-06 13:25:29');
INSERT INTO 현금보충 (보충ID, ATM_ID, 관리자ID, 보충금액, 보충일시) VALUES (33, 27, 11, 3000000, '2025-06-20 13:51:26');
INSERT INTO 현금보충 (보충ID, ATM_ID, 관리자ID, 보충금액, 보충일시) VALUES (34, 4, 4, 2000000, '2025-07-04 10:54:10');
INSERT INTO 현금보충 (보충ID, ATM_ID, 관리자ID, 보충금액, 보충일시) VALUES (35, 14, 7, 3000000, '2025-07-18 14:43:28');
INSERT INTO 현금보충 (보충ID, ATM_ID, 관리자ID, 보충금액, 보충일시) VALUES (36, 20, 9, 3000000, '2025-08-01 12:39:01');
INSERT INTO 현금보충 (보충ID, ATM_ID, 관리자ID, 보충금액, 보충일시) VALUES (37, 16, 8, 8000000, '2025-08-15 10:56:26');
INSERT INTO 현금보충 (보충ID, ATM_ID, 관리자ID, 보충금액, 보충일시) VALUES (38, 2, 3, 1000000, '2025-08-29 12:41:20');
INSERT INTO 현금보충 (보충ID, ATM_ID, 관리자ID, 보충금액, 보충일시) VALUES (39, 23, 10, 10000000, '2025-09-12 12:33:33');
INSERT INTO 현금보충 (보충ID, ATM_ID, 관리자ID, 보충금액, 보충일시) VALUES (40, 4, 4, 7000000, '2025-09-26 11:30:22');

-- 유지보수이력 (40건)
INSERT INTO 유지보수이력 (이력ID, ATM_ID, 관리자ID, 장애ID, 점검내용, 점검일시) VALUES (1, 6, 4, 1, '장애 복구 점검', '2024-02-14 09:29:53');
INSERT INTO 유지보수이력 (이력ID, ATM_ID, 관리자ID, 장애ID, 점검내용, 점검일시) VALUES (2, 12, 6, 5, '장애 복구 점검', '2024-04-02 10:11:41');
INSERT INTO 유지보수이력 (이력ID, ATM_ID, 관리자ID, 장애ID, 점검내용, 점검일시) VALUES (3, 5, 4, 13, '장애 복구 점검', '2024-07-07 01:56:02');
INSERT INTO 유지보수이력 (이력ID, ATM_ID, 관리자ID, 장애ID, 점검내용, 점검일시) VALUES (4, 29, 12, 14, '장애 복구 점검', '2024-07-18 21:01:35');
INSERT INTO 유지보수이력 (이력ID, ATM_ID, 관리자ID, 장애ID, 점검내용, 점검일시) VALUES (5, 1, 3, 15, '장애 복구 점검', '2024-07-30 20:31:55');
INSERT INTO 유지보수이력 (이력ID, ATM_ID, 관리자ID, 장애ID, 점검내용, 점검일시) VALUES (6, 29, 12, 16, '장애 복구 점검', '2024-08-12 00:06:29');
INSERT INTO 유지보수이력 (이력ID, ATM_ID, 관리자ID, 장애ID, 점검내용, 점검일시) VALUES (7, 14, 7, 17, '장애 복구 점검', '2024-08-23 17:43:57');
INSERT INTO 유지보수이력 (이력ID, ATM_ID, 관리자ID, 장애ID, 점검내용, 점검일시) VALUES (8, 18, 8, 18, '장애 복구 점검', '2024-09-05 00:01:17');
INSERT INTO 유지보수이력 (이력ID, ATM_ID, 관리자ID, 장애ID, 점검내용, 점검일시) VALUES (9, 3, 3, 19, '장애 복구 점검', '2024-09-16 20:56:13');
INSERT INTO 유지보수이력 (이력ID, ATM_ID, 관리자ID, 장애ID, 점검내용, 점검일시) VALUES (10, 7, 5, 20, '장애 복구 점검', '2024-09-28 18:10:25');
INSERT INTO 유지보수이력 (이력ID, ATM_ID, 관리자ID, 장애ID, 점검내용, 점검일시) VALUES (11, 2, 3, 21, '장애 복구 점검', '2024-10-10 23:41:46');
INSERT INTO 유지보수이력 (이력ID, ATM_ID, 관리자ID, 장애ID, 점검내용, 점검일시) VALUES (12, 15, 7, 22, '장애 복구 점검', '2024-10-22 20:37:20');
INSERT INTO 유지보수이력 (이력ID, ATM_ID, 관리자ID, 장애ID, 점검내용, 점검일시) VALUES (13, 15, 7, 23, '장애 복구 점검', '2024-11-03 22:41:18');
INSERT INTO 유지보수이력 (이력ID, ATM_ID, 관리자ID, 장애ID, 점검내용, 점검일시) VALUES (14, 15, 7, 24, '장애 복구 점검', '2024-11-15 18:55:37');
INSERT INTO 유지보수이력 (이력ID, ATM_ID, 관리자ID, 장애ID, 점검내용, 점검일시) VALUES (15, 13, 7, 25, '장애 복구 점검', '2024-11-27 14:42:04');
INSERT INTO 유지보수이력 (이력ID, ATM_ID, 관리자ID, 장애ID, 점검내용, 점검일시) VALUES (16, 10, 6, 26, '장애 복구 점검', '2024-12-09 23:46:59');
INSERT INTO 유지보수이력 (이력ID, ATM_ID, 관리자ID, 장애ID, 점검내용, 점검일시) VALUES (17, 22, 10, 27, '장애 복구 점검', '2024-12-21 15:21:52');
INSERT INTO 유지보수이력 (이력ID, ATM_ID, 관리자ID, 장애ID, 점검내용, 점검일시) VALUES (18, 26, 11, 28, '장애 복구 점검', '2025-01-02 16:08:42');
INSERT INTO 유지보수이력 (이력ID, ATM_ID, 관리자ID, 장애ID, 점검내용, 점검일시) VALUES (19, 29, 12, 29, '장애 복구 점검', '2025-01-15 03:45:31');
INSERT INTO 유지보수이력 (이력ID, ATM_ID, 관리자ID, 장애ID, 점검내용, 점검일시) VALUES (20, 11, 6, 30, '장애 복구 점검', '2025-01-26 19:59:48');
INSERT INTO 유지보수이력 (이력ID, ATM_ID, 관리자ID, 장애ID, 점검내용, 점검일시) VALUES (21, 22, 10, 31, '장애 복구 점검', '2025-02-08 03:23:48');
INSERT INTO 유지보수이력 (이력ID, ATM_ID, 관리자ID, 장애ID, 점검내용, 점검일시) VALUES (22, 13, 7, 32, '장애 복구 점검', '2025-02-19 23:20:22');
INSERT INTO 유지보수이력 (이력ID, ATM_ID, 관리자ID, 장애ID, 점검내용, 점검일시) VALUES (23, 11, 6, 33, '장애 복구 점검', '2025-03-03 20:35:36');
INSERT INTO 유지보수이력 (이력ID, ATM_ID, 관리자ID, 장애ID, 점검내용, 점검일시) VALUES (24, 2, 3, 34, '장애 복구 점검', '2025-03-16 01:50:18');
INSERT INTO 유지보수이력 (이력ID, ATM_ID, 관리자ID, 장애ID, 점검내용, 점검일시) VALUES (25, 26, 11, 35, '장애 복구 점검', '2025-03-27 23:06:28');
INSERT INTO 유지보수이력 (이력ID, ATM_ID, 관리자ID, 장애ID, 점검내용, 점검일시) VALUES (26, 24, 10, 36, '장애 복구 점검', '2025-04-09 00:49:18');
INSERT INTO 유지보수이력 (이력ID, ATM_ID, 관리자ID, 장애ID, 점검내용, 점검일시) VALUES (27, 28, 12, 37, '장애 복구 점검', '2025-04-21 02:36:12');
INSERT INTO 유지보수이력 (이력ID, ATM_ID, 관리자ID, 장애ID, 점검내용, 점검일시) VALUES (28, 22, 10, 38, '장애 복구 점검', '2025-05-02 19:32:49');
INSERT INTO 유지보수이력 (이력ID, ATM_ID, 관리자ID, 장애ID, 점검내용, 점검일시) VALUES (29, 5, 4, 39, '장애 복구 점검', '2025-05-14 20:09:54');
INSERT INTO 유지보수이력 (이력ID, ATM_ID, 관리자ID, 장애ID, 점검내용, 점검일시) VALUES (30, 26, 11, 40, '장애 복구 점검', '2025-05-26 15:33:48');
INSERT INTO 유지보수이력 (이력ID, ATM_ID, 관리자ID, 장애ID, 점검내용, 점검일시) VALUES (31, 27, 11, NULL, '정기 점검', '2025-04-19 14:06:16');
INSERT INTO 유지보수이력 (이력ID, ATM_ID, 관리자ID, 장애ID, 점검내용, 점검일시) VALUES (32, 7, 5, NULL, '정기 점검', '2025-05-04 11:59:54');
INSERT INTO 유지보수이력 (이력ID, ATM_ID, 관리자ID, 장애ID, 점검내용, 점검일시) VALUES (33, 7, 5, NULL, '정기 점검', '2025-05-19 14:52:50');
INSERT INTO 유지보수이력 (이력ID, ATM_ID, 관리자ID, 장애ID, 점검내용, 점검일시) VALUES (34, 23, 10, NULL, '정기 점검', '2025-06-03 13:06:48');
INSERT INTO 유지보수이력 (이력ID, ATM_ID, 관리자ID, 장애ID, 점검내용, 점검일시) VALUES (35, 2, 3, NULL, '정기 점검', '2025-06-18 15:07:49');
INSERT INTO 유지보수이력 (이력ID, ATM_ID, 관리자ID, 장애ID, 점검내용, 점검일시) VALUES (36, 15, 7, NULL, '정기 점검', '2025-07-03 15:32:08');
INSERT INTO 유지보수이력 (이력ID, ATM_ID, 관리자ID, 장애ID, 점검내용, 점검일시) VALUES (37, 1, 3, NULL, '정기 점검', '2025-07-18 15:47:03');
INSERT INTO 유지보수이력 (이력ID, ATM_ID, 관리자ID, 장애ID, 점검내용, 점검일시) VALUES (38, 27, 11, NULL, '정기 점검', '2025-08-02 15:30:59');
INSERT INTO 유지보수이력 (이력ID, ATM_ID, 관리자ID, 장애ID, 점검내용, 점검일시) VALUES (39, 23, 10, NULL, '정기 점검', '2025-08-17 15:11:46');
INSERT INTO 유지보수이력 (이력ID, ATM_ID, 관리자ID, 장애ID, 점검내용, 점검일시) VALUES (40, 4, 4, NULL, '정기 점검', '2025-09-01 14:42:38');

-- 지점장애로그 (10건)
INSERT INTO 지점장애로그 (지점장애ID, 지점ID, 관리자ID, 장애유형, 상세내용, 처리상태, 발생일시, 처리완료일시) VALUES (1, 1, NULL, '네트워크', '지점 통신 회선 단절', '미처리', '2025-11-23 10:23:16', NULL);
INSERT INTO 지점장애로그 (지점장애ID, 지점ID, 관리자ID, 장애유형, 상세내용, 처리상태, 발생일시, 처리완료일시) VALUES (2, 2, NULL, '전산오류', '지점 전산 시스템 오류', '미처리', '2025-12-14 09:29:54', NULL);
INSERT INTO 지점장애로그 (지점장애ID, 지점ID, 관리자ID, 장애유형, 상세내용, 처리상태, 발생일시, 처리완료일시) VALUES (3, 3, NULL, '전력이상', '지점 전력 공급 불안정', '미처리', '2025-10-16 15:03:55', NULL);
INSERT INTO 지점장애로그 (지점장애ID, 지점ID, 관리자ID, 장애유형, 상세내용, 처리상태, 발생일시, 처리완료일시) VALUES (4, 4, 6, '서버오류', '지점 내부 서버 응답 없음', '처리완료', '2024-05-20 17:40:37', '2024-05-20 22:18:16');
INSERT INTO 지점장애로그 (지점장애ID, 지점ID, 관리자ID, 장애유형, 상세내용, 처리상태, 발생일시, 처리완료일시) VALUES (5, 5, 7, '네트워크', '지점 통신 회선 단절', '처리완료', '2024-06-09 19:04:30', '2024-06-10 01:00:42');
INSERT INTO 지점장애로그 (지점장애ID, 지점ID, 관리자ID, 장애유형, 상세내용, 처리상태, 발생일시, 처리완료일시) VALUES (6, 6, 8, '전산오류', '지점 전산 시스템 오류', '처리완료', '2024-06-29 21:32:07', '2024-06-30 04:27:50');
INSERT INTO 지점장애로그 (지점장애ID, 지점ID, 관리자ID, 장애유형, 상세내용, 처리상태, 발생일시, 처리완료일시) VALUES (7, 7, 9, '전력이상', '지점 전력 공급 불안정', '처리완료', '2024-07-19 23:24:33', '2024-07-20 06:43:59');
INSERT INTO 지점장애로그 (지점장애ID, 지점ID, 관리자ID, 장애유형, 상세내용, 처리상태, 발생일시, 처리완료일시) VALUES (8, 8, 10, '서버오류', '지점 내부 서버 응답 없음', '처리완료', '2024-08-09 01:03:55', '2024-08-09 09:58:04');
INSERT INTO 지점장애로그 (지점장애ID, 지점ID, 관리자ID, 장애유형, 상세내용, 처리상태, 발생일시, 처리완료일시) VALUES (9, 9, 11, '네트워크', '지점 통신 회선 단절', '처리완료', '2024-08-29 03:08:12', '2024-08-29 12:29:38');
INSERT INTO 지점장애로그 (지점장애ID, 지점ID, 관리자ID, 장애유형, 상세내용, 처리상태, 발생일시, 처리완료일시) VALUES (10, 10, 12, '전산오류', '지점 전산 시스템 오류', '처리완료', '2024-09-18 05:36:57', '2024-09-18 16:35:26');

-- 은행장애로그 (6건)
INSERT INTO 은행장애로그 (은행장애ID, 은행ID, 관리자ID, 장애유형, 상세내용, 처리상태, 발생일시, 처리완료일시) VALUES (1, 1, NULL, '데이터베이스오류', '중앙 DB 연결 불가', '미처리', '2025-10-19 10:55:45', NULL);
INSERT INTO 은행장애로그 (은행장애ID, 은행ID, 관리자ID, 장애유형, 상세내용, 처리상태, 발생일시, 처리완료일시) VALUES (2, 1, 1, '네트워크', '은행 내부 네트워크 패킷 유실', '처리완료', '2024-05-21 16:11:49', '2024-05-21 20:17:20');
INSERT INTO 은행장애로그 (은행장애ID, 은행ID, 관리자ID, 장애유형, 상세내용, 처리상태, 발생일시, 처리완료일시) VALUES (3, 1, 1, '전산망장애', '은행 전체 전산망 일시 중단', '처리완료', '2024-05-31 19:21:40', '2024-06-01 01:33:00');
INSERT INTO 은행장애로그 (은행장애ID, 은행ID, 관리자ID, 장애유형, 상세내용, 처리상태, 발생일시, 처리완료일시) VALUES (4, 2, NULL, '네트워크', '은행 내부 네트워크 패킷 유실', '미처리', '2025-12-21 01:00:28', NULL);
INSERT INTO 은행장애로그 (은행장애ID, 은행ID, 관리자ID, 장애유형, 상세내용, 처리상태, 발생일시, 처리완료일시) VALUES (5, 2, 2, '전산망장애', '은행 전체 전산망 일시 중단', '처리완료', '2024-06-20 16:17:13', '2024-06-20 21:06:02');
INSERT INTO 은행장애로그 (은행장애ID, 은행ID, 관리자ID, 장애유형, 상세내용, 처리상태, 발생일시, 처리완료일시) VALUES (6, 2, 2, '보안시스템오류', '보안 인증 시스템 응답 없음', '처리완료', '2024-06-30 19:10:36', '2024-07-01 01:58:46');
